:100000000C9414620C94B5DA0C948ADA0C945FDACE
:100010000C9434DA0C9409DA0C94DED90C94B3D92C
:100020000C9488D90C94ABFB0C9419D90C94A3D8DC
:100030000C9445620C94D1660C9445620C94456214
:100040000C9445620C9445620C9445620C94456294
:100050000C9445620C94F3620C9445620D94421525
:100060000C9445620C9495F60C946BF60C944562D6
:100070000C9445620C9445620C9445620C94456264
:100080000C9445620C9445620C9445620C94456254
:100090000C9441F60C9417F60C9445620C9487FA74
:1000A0000C9445620C9445620C9445620C94456234
:1000B0000C9445620C9445620C9445620C94456224
:1000C0000C9445620C9445620C9445620C94EDF5D9
:1000D0000C94C3F50C9445620C9499F50C946FF54F
:1000E0000C94456208000000BE922449123EABAA5F
:1000F000AA2ABECDCCCC4C3E00000080BEABAAAA42
:10010000AA3E00000000BF000000803F0000000089
:1001100000084178D3BB4387D1133D190E3CC3BDC2
:100120004282AD2B3E68EC8276BED98FE1A93E4C6F
:1001300080EFFFBE01C4FF7F3F00000000000C9471
:1001400007EC0D942A0D0D942F8B0D949DA20C9409
:1001500063FF0C9424FF0C9442EE0D94298B0C94B5
:100160002AEE0C9443FF0C944DC10C94C5EA0D94F7
:10017000BB0C0C94CEED0C94CDEA0D94278B0D9412
:100180002D8B0C94F3620C94B6EE0C944BFF0D94F3
:10019000E90C0D942B8B0C943DFF0D940C0D0C94DD
:1001A00039FF0D94B10C0C945FFF0C94CBEA0C94C6
:1001B000DAEE0C943FE90C9408EA0C94FBED0C94F5
:1001C0000EEC0C9489C10C9442E90C94A9E90C94AE
:1001D00044EB0D94368B0C9440E90D94F30C0D9484
:1001E000D50C0C942CFF0C9499EB0C94B7C10C9487
:1001F0001EFF0D943D870D94DF0C0C9423EB0D94A2
:10020000200D0C942CEF0C9415EC0D94340D0C94E3
:10021000BBF80C949EEE0C9496E90C9455EA0C9461
:100220002AEC0D94C50C0C94B4ED0C94D7EE0C9400
:1002300078EB0C94C3EA0C94CBEB0D94CD0C0D949D
:100240009A0C0C9430FF0D94020D0C9433FF0C9417
:10025000C7ED0C9428FF0C9451FF0C9447FF0C94AD
:100260009AEA0C9400EC0C94F8EB0C94E1EB0C94EF
:1002700087E90D94D4880D94258B0C940EEF0C9483
:10028000C7EA0D94160D0D94A20C0D94A70C0C94B6
:1002900059FF0C94BFEA0C94C1EA0C94C9EA0C947F
:1002A0001CEC0C949BEF0C9455FF0C94A4ED0C9457
:1002B000B7E90C945EFF0C9423EC0C946BC10C9486
:1002C000A5ED4E414E494E495459494E46CDCCCCF0
:1002D0003D0AD7233C17B7D13877CC2B329595E61A
:1002E000241FB14F0A000020410000C84200401CFA
:1002F0004620BCBE4CCA1B0E5AAEC59D7400407A47
:1003000010F35A00A0724E18090010A5D4E800009E
:10031000E87648170000E40B54020000CA9A3B003C
:100320000000E1F505000080969800000040420FB3
:10033000000000A08601000000102700000000E877
:1003400003000000006400000000000A000000003C
:10035000000100000000002C76D888DC674F0823DD
:10036000DFC1DFAE59E1B1B796E5E3E453C63AE643
:1003700051997696E8E6C28426EB898C9B62ED4023
:100380007C6FFCEFBC9C9F40F2BAA56FA5F4900572
:100390005A2AF75C936B6CF9676DC11BFCE0E40DA6
:1003A00047FEF520E6B500D0ED902E03009435779A
:1003B000050080841E080000204E0A000000C80CC2
:1003C000333333330F986E12831141EF8D2114892B
:1003D0003BE65516CFFEE6DB18D1844B381BF77C85
:1003E0001D901DA4BBE424203284725E228100C9CA
:1003F000F124ECA1E53D27416D6F756E745F446992
:100400007370656E7365643A09005765696768744F
:100410002041667465722031207365633A09005784
:1004200065696768742041667465723A0900446FB3
:100430006E6500526576657273696E67005765690F
:10044000676874204265666F72653A090005C704E3
:1004500000FE04D3040004C8040005C90400000819
:10046000C6040800F2900005C704000105C7040097
:10047000EE07C60408FFEE0105C704005E07C604C8
:1004800008FF5E0105C704000807C60408FF08014D
:1004900005C704008A07C60408FF8A0007C60408C7
:1004A000FF8A0805C70400C907C60408FFC903047A
:1004B000D0040004E9040004A304005265717565CA
:1004C0007374506172616D004361706162696C693F
:1004D000746965730044656661756C740044697382
:1004E00061626C654F6E5A65627261004469736146
:1004F000626C654F6E474D363700436865636B4FDE
:100500007468657200436865636B454500506163BC
:100510006B65747300436865636B4E52004E526D99
:100520006573736167657300436865636B31323867
:1005300000456E61626C6531323800436865636BFB
:100540004D6F646500427574746F6E486F6C6469BA
:100550006E6700486F73744D6F6465004368656330
:100560006B42006272696768746E65737333004131
:10057000434B00456E61626C650052657600554ED6
:100580004B4E4F574E005249474854004C45465435
:10059000004F5554455200494E4E4552002C2050B4
:1005A000617273656420446174613A20004D657323
:1005B0007361676520547970653A2030780045761C
:1005C000656E743A20000A00556E6B6E6F776E2070
:1005D0004576656E7420436F64653A203078004F2D
:1005E0007665722054656D70657261747572650010
:1005F00053797374656D204661696C75726500424C
:100600006F6F747570004E414B0041434B00426167
:1006100072636F646520747970653A20002C204203
:100620006172636F64653A20005A656272612C20C2
:100630004669726D776172652056657273696F6E77
:100640003A2000556E6B6E6F776E00474D36372C33
:1006500020534E3A00532F4E3A00556E6B6E6F7713
:100660006E004D6F64656C005B496E76616C696409
:1006700020436865636B73756D5D0053656E742010
:1006800041434B20746F20426172636F6465205355
:1006900063616E6E657220666F722056616C69646C
:1006A000204D6573736167650041434B004E5200F6
:1006B000426172636F64653A00426172636F6465A0
:1006C0003A004D65737361676520547970653A200F
:1006D000307846330052656164206F6E20003A2006
:1006E000002E20496E76616C6964204D65737361DC
:1006F00067653A20005265616420417474656D70CD
:1007000074206F6E200072657475726E65643A2095
:1007100054696D656F7574206F7220496E636F6DDB
:10072000706C65746520526573706F6E73650A0036
:100730005363616E6E65723A20002C2057617320FE
:1007400073656E74206D6573736167653A20002C64
:100750002000556E6B6E6F776E206D6573736167E9
:10076000653A20005E6C656674646F6F725F6F70CF
:10077000656E65643A307C3A24005E6C656674642C
:100780006F6F725F6F70656E65643A307C3A2400FB
:100790005E6C656674646F6F725F636C6F736564C3
:1007A0003A307C3A24005E6C656674646F6F725FE9
:1007B000636C6F7365643A307C3A24005E726967DB
:1007C0006874646F6F725F6F70656E65643A307CD9
:1007D0003A24005E7269676874646F6F725F6F704D
:1007E000656E65643A307C3A24005E7269676874AD
:1007F000646F6F725F636C6F7365643A307C3A2428
:10080000005E7269676874646F6F725F636C6F73A8
:1008100065643A307C3A24003A200020616E6420FE
:1008200000414C4552543A204475706C69636174C0
:100830006520626172636F646520666F756E642007
:10084000696E20736C6F74732000656D707479002D
:100850003A24003A24002C3130323D002C31303221
:100860003D002C3130313D002C3130313D003D0018
:100870003D656D707479005E7363616E5F616C6C71
:100880005F726573703A327C6661696C7572653A45
:10089000005E7363616E5F616C6C5F726573703A6A
:1008A000327C6661696C7572653A005E7363616E75
:1008B0005F616C6C5F726573703A327C73756363F1
:1008C0006573733A005E7363616E5F616C6C5F7237
:1008D0006573703A327C737563636573733A005E57
:1008E0007363616E5F616C6C5F726573703A327CCA
:1008F000696E7374616C6C6D6F64653A005E7363EE
:10090000616E5F616C6C5F726573703A327C696EA8
:100910007374616C6C6D6F64653A00446174613A24
:100920002041434B0053657474696E672070617297
:10093000616D20666F722000474D36370052657634
:10094000206661696C65642E20536B697070696EF6
:1009500067206675727468657220636F6E6669677A
:1009600020666F722074686973207363616E6E65B0
:10097000722E0054696D656F7574206F7220496E18
:10098000636F6D706C65746520526573706F6E7304
:1009900065005265760052464944207261772064B2
:1009A0006174613A200052464944206361726420B8
:1009B0006E756D6265723A20002C20466F756E640C
:1009C000203D2000524649444C6F6F702000436820
:1009D00065636B696E6720524649442053656E73A8
:1009E0006F723A00206F6620000A0A4379636C65D3
:1009F0002000414C4552543A205269676874507542
:100A00006D70426172636F64654F7665727269647E
:100A100065206973204F4E2E20446F6E2774206628
:100A20006F7267657420746F207475726E206F66C4
:100A300066206F6E63652066697865642E00414CA0
:100A40004552543A204C65667450756D704261721F
:100A5000636F64654F76657272696465206973209F
:100A60004F4E2E20446F6E277420666F7267657438
:100A700020746F207475726E206F6666206F6E63CF
:100A8000652066697865642E00414C4552543A20D1
:100A9000576970657220537769746368204F766573
:100AA0007272696465206973204F4E2E20446F6E08
:100AB000277420666F7267657420746F2074757276
:100AC0006E206F6666206F6E636520666978656468
:100AD0002E00414C4552543A2052464944204F760C
:100AE000657272696465206973204F4E2E20446FD1
:100AF0006E277420666F7267657420746F2074753A
:100B0000726E206F6666206F6E6365206669786519
:100B1000642E00414C4552543A2053797374656DEC
:100B20004865616C7468204661696C7572652C203B
:100B3000496E76616C69642054616E6B2053656EFA
:100B4000736F72205374617465203D204869676833
:100B500020776974686F7574204D696400414C4555
:100B600052543A2053797374656D4865616C7468AA
:100B7000204661696C7572652C20496E76616C69DE
:100B8000642054616E6B2053656E736F72205374D2
:100B9000617465203D204869676820616E64204D5E
:100BA000696420776974686F7574204C6F770041B1
:100BB0004C4552543A2053797374656D4865616CA5
:100BC0007468204661696C7572652C20496E766187
:100BD0006C69642054616E6B2053656E736F722074
:100BE0005374617465203D20486967682077697493
:100BF000686F7574204D696420616E64204C6F7756
:100C000000414C4552543A2053797374656D4865E0
:100C1000616C7468204661696C7572652C20496E40
:100C200076616C69642054616E6B2053656E736FDE
:100C300072205374617465203D204D69642077698A
:100C400074686F7574204C6F7700414C4552543A6C
:100C50002053797374656D4865616C7468204661D2
:100C6000696C7572652C20526967687450756D7077
:100C7000426172636F6465476F6F64203D2000417D
:100C80004C4552543A2053797374656D4865616CD4
:100C90007468204661696C7572652C204C656674B9
:100CA00050756D70426172636F6465476F6F642049
:100CB0003D2000414C4552543A2053797374656D80
:100CC0004865616C7468204661696C7572652C209A
:100CD0004F75746572426172636F6465476F6F64CC
:100CE000203D2000414C4552543A2053797374659D
:100CF0006D4865616C7468204661696C7572652C1D
:100D000020496E6E6572426172636F6465476F6FF2
:100D100064203D2000414C4552543A20537973746D
:100D2000656D4865616C7468204661696C757265B3
:100D30002C2044697374616E636553656E736F72C2
:100D4000476F6F64203D2000414C4552543A205378
:100D5000797374656D4865616C7468204661696C6F
:100D60007572652C204C6F616443656C6C53656EC5
:100D7000736F72476F6F64203D2000414C455254A1
:100D80003A2053797374656D4865616C74682046C8
:100D900061696C7572652C204163747561746F7242
:100DA000486F6D696E67476F6F64203D2000414C4E
:100DB0004552543A2053797374656D4865616C747B
:100DC00068204661696C7572652C20416374756199
:100DD000746F724F7574657255704F70746F476F92
:100DE0006F64203D2000414C4552543A20537973A2
:100DF00074656D4865616C7468204661696C7572D4
:100E0000652C204163747561746F72496E6E6572F2
:100E100055704F70746F476F6F64203D2000414CD8
:100E20004552543A2053797374656D4865616C740A
:100E300068204661696C7572652C20416374756128
:100E4000746F724D6F746F72456E636F6465724735
:100E50006F6F64203D2000414C4552543A20537935
:100E60007374656D4865616C7468204661696C7562
:100E700072652C204163747561746F724D6F746F6D
:100E800072476F6F64203D2000414C4552543A2018
:100E900053797374656D4865616C74682046616947
:100EA0006C7572652C204361726F7573656C486F49
:100EB0006D696E67476F6F64203D2000414C45525D
:100EC000543A2053797374656D4865616C74682079
:100ED0004661696C7572652C204361726F7573652C
:100EE0006C43656E746572456E636F646572476FBF
:100EF0006F64203D2000414C4552543A2053797391
:100F000074656D4865616C7468204661696C7572C2
:100F1000652C204361726F7573656C4D6F746F72D1
:100F2000456E636F646572476F6F64203D200041BA
:100F30004C4552543A2053797374656D4865616C21
:100F40007468204661696C7572652C204361726F0C
:100F50007573656C4D6F746F72476F6F64203D20C1
:100F600000414C4552543A2053797374656D48657D
:100F7000616C7468204661696C7572652C204361F0
:100F8000726F7573656C486F6D654F70746F476FE6
:100F90006F64203D2000414C4552543A204469730F
:100FA00070656E7365722069732063757272656E09
:100FB000746C7920696E20496E7374616C6C4D6F2E
:100FC00064652E20204E6F7420617474656D70749A
:100FD000696E6720746F20686F6D65206361726F42
:100FE0007573656C207965742E005269676874505A
:100FF000756D70426172636F6465476F6F64203D09
:1010000020004C65667450756D70426172636F6448
:1010100065476F6F64203D20004F757465724261B3
:1010200072636F6465476F6F64203D2000496E6E88
:101030006572426172636F6465476F6F64203D2023
:10104000005246494453656E736F72476F6F642058
:101050003D200044697374616E636553656E736F00
:1010600072476F6F64203D20004C6F616443656C74
:101070006C53656E736F72476F6F64203D20004143
:1010800063747561746F72486F6D696E67476F6FD7
:1010900064203D20004163747561746F724F7574F4
:1010A000657255704F70746F476F6F64203D2000FC
:1010B0004163747561746F72496E6E657255704FDD
:1010C00070746F476F6F64203D20004163747561D9
:1010D000746F724D6F746F72456E636F64657247A3
:1010E0006F6F64203D20004163747561746F724DB1
:1010F0006F746F72476F6F64203D20004361726FA1
:101100007573656C486F6D696E67476F6F64203DDE
:1011100020004361726F7573656C43656E74657210
:10112000456E636F646572476F6F64203D200043B6
:1011300061726F7573656C4D6F746F72456E636F1E
:10114000646572476F6F64203D20004361726F7564
:1011500073656C4D6F746F72476F6F64203D200034
:101160004361726F7573656C486F6D654F70746F16
:10117000476F6F64203D20005E646F6F725F6F7019
:10118000656E65643A307C3A24005E646F6F725F0E
:101190006F70656E65643A307C3A24005E646F6FF0
:1011A000725F636C6F7365643A307C3A24005E64EE
:1011B0006F6F725F636C6F7365643A307C3A2400C2
:1011C00052657363616E204C6566746F766572203C
:1011D0003D200052657363616E2057726170203D3F
:1011E000200052657363616E204C6566746F76658E
:1011F00072203D200052657363616E204E6F205750
:10120000726170203D200052657363616E204C65F1
:1012100066746F766572203D200052657363616E5F
:101220002057726170203D200052657363616E200B
:101230004C6566746F766572203D2000526573635D
:10124000616E204E6F2057726170203D2000526504
:101250007363616E20416C6C203D20005E74616E92
:101260006B646F6F725F6F70656E65643A307C3A65
:1012700024005E74616E6B646F6F725F6F70656E79
:1012800065643A307C3A24005E74616E6B646F6F03
:10129000725F636C6F7365643A307C3A24005E74ED
:1012A000616E6B646F6F725F636C6F7365643A300D
:1012B0007C3A24005E6F76657266696C6C5F64656B
:1012C0007465637465643A307C3A24005E6F7665B9
:1012D0007266696C6C5F64657465637465643A30EA
:1012E0007C3A24005E70617573653A005E726573C6
:1012F00065743A005E63616E63656C3A005E7061AE
:101300007573653A005E72657365743A005E636179
:101310006E63656C3A003A24005E6F7665723A310E
:101320007C003A24005E6F7665723A317C003A2484
:10133000005E6D6973733A317C003A24005E6D691A
:1013400073733A317C003A24005E7365745F736393
:10135000616C655F6C6564735F726573703A327C53
:10136000737563636573733A003A24005E73657442
:101370005F7363616C655F6C6564735F72657370E6
:101380003A327C737563636573733A007365745F97
:101390007363616C655F6C6564730077686974651D
:1013A000006D61787768697465006F6666006669CC
:1013B0006E697368656400616C657274006469735A
:1013C00070656E73696E67006469737000626F7731
:1013D0006C006163746976650069646C65005661D0
:1013E0006C7565207061737365643D00496E207390
:1013F00065745F7363616C655F6C65647321003A4B
:1014000024005E64656D6F5F726573703A327C7341
:101410007563636573733A003A24005E64656D6FAB
:101420005F726573703A327C737563636573733A88
:101430000064656D6F0056616C7565207061737333
:1014400065643D00496E2064656D6F2066756E634E
:1014500074696F6E21005E70696E673A307C3A2461
:10146000005E70696E673A307C3A2400416D6F759A
:101470006E745F44697370656E7365643A090057F2
:1014800065696768742041667465722031207365F0
:10149000633A09005765696768742041667465722C
:1014A0003A0900446F6E6500526576657273696E25
:1014B0006700576569676874204265666F72653AB0
:1014C0000900537465707065722050756D7020440A
:1014D000726976657220506F736974696F6E20450A
:1014E00072726F72206F66200043757272656E743F
:1014F0002050756D70205374657070657220447251
:101500006976657220506F736974696F6E206F66BB
:1015100020002E2044697374616E636546726F6D9E
:10152000546172676574203D2000292043616C6C12
:1015300065642C2043757272656E7420506F7369F8
:1015400074696F6E203D2000476F546F506F736950
:1015500074696F6E280053746570706572205075E1
:101560006D702044726976657220506F736974697A
:101570006F6E204572726F72206F66200043757225
:1015800072656E742050756D70205374657070654F
:10159000722044726976657220506F736974696F46
:1015A0006E206F6620002E2044697374616E63653F
:1015B00046726F6D546172676574203D200029206A
:1015C00043616C6C65642C2043757272656E742087
:1015D000506F736974696F6E203D2000476F546FC0
:1015E000506F736974696F6E28003A24005E6469F5
:1015F0007370656E73655F74696D65645F72657342
:10160000703A327C737563636573733A003A2400F1
:101610005E64697370656E73655F74696D65645F40
:10162000726573703A327C737563636573733A00E5
:1016300064697370656E73655F74696D656400419C
:101640006674657220686F6D652061637475616C86
:101650002C20736574706F696E742C2070776D3AEE
:1016600000456E64696E67204163747561746F72C2
:101670002061637475616C2C20736574706F696E82
:10168000742C2070776D3A005374617274696E67C0
:10169000204163747561746F722061637475616C4D
:1016A0002C20736574706F696E742C2070776D3A9E
:1016B0000056616C7565207061737365643D0056FA
:1016C000616C7565207061737365643D00496E20BF
:1016D00064697370656E73652074696D656421005B
:1016E0005E646F6F725F756E6C6F636B5F72657354
:1016F000703A317C737563636573733A24005E647A
:101700006F6F725F756E6C6F636B5F726573703A4B
:10171000317C737563636573733A2400646F6F7211
:101720005F756E6C6F636B006C6F636B65640075E7
:101730006E6C6F636B6564006C6F636B65640075E2
:101740006E6C6F636B656400203D200041667465BC
:101750007220556E6C6F636B696E672C2052656CDE
:101760006F6164446F6F72556E6C6F636B53656E1F
:10177000736550696E203D2000203D200042656663
:101780006F726520556E6C6F636B696E672C2052AB
:10179000656C6F6164446F6F72556E6C6F636B53F1
:1017A000656E736550696E203D2000496E20646F40
:1017B0006F725F756E6C6F636B2066756E637469B4
:1017C0006F6E21005E636162696E65745F6C6F634A
:1017D0006B5F726573703A317C73756363657373A5
:1017E0003A24005E636162696E65745F6C6F636B5F
:1017F0005F726573703A317C737563636573733AB6
:101800002400636162696E65745F6C6F636B004195
:1018100066746572204C6F636B696E672C20457827
:101820007465726E616C446F6F72556E6C6F636B32
:1018300053656E736550696E3A20004265666F723B
:1018400065204C6F636B696E672C204578746572F8
:101850006E616C446F6F72556E6C6F636B53656E27
:10186000736550696E3A2000496E20636162696E4B
:1018700065745F6C6F636B2066756E6374696F6E01
:1018800021005E636162696E65745F756E6C6F6383
:101890006B5F726573703A317C73756363657373E4
:1018A0003A24005E636162696E65745F756E6C6F89
:1018B000636B5F726573703A317C737563636573D4
:1018C000733A2400636162696E65745F756E6C6F54
:1018D000636B00416674657220556E6C6F636B6953
:1018E0006E672C2045787465726E616C446F6F7200
:1018F000556E6C6F636B53656E736550696E3A20FD
:10190000004265666F726520556E6C6F636B696E21
:10191000672C2045787465726E616C446F6F7255E8
:101920006E6C6F636B53656E736550696E3A200021
:10193000496E20636162696E65745F756E6C6F637A
:101940006B2066756E6374696F6E2100636C6F73D4
:101950006564006F70656E003A2400636C6F736598
:1019600064006F70656E005E6C656674646F6F72A4
:101970005F7374617475735F726573703A317C0064
:101980003A24005E6C656674646F6F725F73746195
:101990007475735F726573703A317C006C65667440
:1019A000646F6F725F737461747573004C656674F5
:1019B000446F6F724F70656E203D2000636C6F73D3
:1019C0006564006F70656E003A2400636C6F736528
:1019D00064006F70656E005E7269676874646F6F33
:1019E000725F7374617475735F726573703A317C82
:1019F000003A24005E7269676874646F6F725F7387
:101A000074617475735F726573703A317C007269CA
:101A1000676874646F6F725F73746174757300527A
:101A200069676874446F6F724F70656E203D200067
:101A300072656D6F76656400696E73657274656456
:101A4000003A240072656D6F76656400696E736597
:101A500072746564005E77697065725F7374617437
:101A600075735F726573703A317C003A24005E775B
:101A7000697065725F7374617475735F726573709A
:101A80003A317C0077697065725F73746174757345
:101A9000004F766572726964655769706572537735
:101AA00069746368206973204F4E2C2073657474C9
:101AB000696E67205769706572496E7365727465E7
:101AC00064203D2054727565005769706572496ED7
:101AD000736572746564203D200072656D6F766574
:101AE0006400696E736572746564003A24007265FF
:101AF0006D6F76656400696E736572746564005E0F
:101B000064726970747261795F7374617475735F04
:101B1000726573703A317C003A24005E64726970B9
:101B2000747261795F7374617475735F72657370D9
:101B30003A317C0064726970747261795F737461A8
:101B4000747573004472697054726179496E73657B
:101B500072746564203D20006C6F636B6564007572
:101B60006E6C6F636B6564003A24006F70656E3A4B
:101B700000636C6F7365643A006C6F636B6564003F
:101B8000756E6C6F636B6564005E636162696E6540
:101B9000745F7374617475735F726573703A327CCD
:101BA000003A24006F70656E3A00636C6F73656471
:101BB0003A005E636162696E65745F737461747527
:101BC000735F726573703A327C006C6F636B65642F
:101BD00000756E6C6F636B656400636162696E654E
:101BE000745F737461747573006F70656E00636CFD
:101BF0006F73656400203D200045787465726E61E6
:101C00006C446F6F72556E6C6F636B53656E73656A
:101C100050696E203D2000203D2000436162696EC6
:101C20006574446F6F72436C6F736564203D200070
:101C30003A24005E74616E6B5F7374617475735FD8
:101C4000726573703A317C003A24005E74616E6B89
:101C50005F7374617475735F726573703A317C0081
:101C600074616E6B5F737461747573003A24007CE9
:101C70006661696C7572653A005E626172636F6479
:101C8000655F7374617475735F726573703A003A5F
:101C900024007C6661696C7572653A005E626172EF
:101CA000636F64655F7374617475735F726573707D
:101CB0003A003A24007C737563636573733A005E7F
:101CC000626172636F64655F7374617475735F7270
:101CD0006573703A003A24007C73756363657373AF
:101CE0003A005E626172636F64655F7374617475FC
:101CF000735F726573703A003A24005E706F7369A7
:101D000074696F6E5F63616E69737465725F72652B
:101D1000706C6163655F726573703A327C6661698D
:101D20006C7572653A003A24005E706F736974696D
:101D30006F6E5F63616E69737465725F7265706CFC
:101D40006163655F726573703A327C6661696C7558
:101D500072653A003A24005E706F736974696F6E41
:101D60005F63616E69737465725F7265706C6163E5
:101D7000655F726573703A327C7375636365737304
:101D80003A003A24005E706F736974696F6E5F6326
:101D9000616E69737465725F7265706C6163655FB3
:101DA000726573703A327C737563636573733A005E
:101DB000706F736974696F6E5F63616E6973746568
:101DC000725F7265706C6163650056616C75652049
:101DD0007061737365643D00496E20706F73697440
:101DE000696F6E2063616E697374657220726570CD
:101DF0006C6163652066756E6374696F6E2100495E
:101E00006E2070617573652066756E6374696F6EA0
:101E100021005E72657363616E5F737461727465D5
:101E2000643A307C3A24005E72657363616E5F735E
:101E30007461727465643A307C3A24005E72657332
:101E400063616E5F66696E69736865643A307C3A97
:101E500024005E72657363616E5F66696E697368A4
:101E600065643A307C3A2400414C4552543A20444F
:101E700055504C494341544520424152434F4445FB
:101E80002853292044455445435445442044555241
:101E9000494E472052455343414E5F43414E4953BB
:101EA0005445525321202052657475726E696E67D5
:101EB000207363616E5F616C6C5F72657370206626
:101EC00061696C75726520616E6420626C616E6B15
:101ED000696E67206F757420626172636F646573E9
:101EE0002E005E72657363616E5F63616E69737409
:101EF0006572735F726573703A317C6661696C7587
:101F000072653A24005E72657363616E5F63616E31
:101F10006973746572735F726573703A317C666160
:101F2000696C7572653A240048617665576553752A
:101F3000636365737366756C6C79486F6D65644334
:101F400061726F7573656C4265666F7265203D20C6
:101F500000486F6D654163747561746F725375638A
:101F6000636573734F6E53746172747570203D2096
:101F70000053616665546F526F746174654361729A
:101F80006F7573656C2829203D200052656C6F6168
:101F900064446F6F724F70656E203D20005E726505
:101FA0007363616E5F63616E6973746572735F7290
:101FB0006573703A317C737563636573733A24009B
:101FC0005E72657363616E5F63616E69737465727F
:101FD000735F726573703A317C7375636365737395
:101FE0003A24005E72657363616E5F63616E69734C
:101FF000746572735F726573703A317C6661696C87
:102000007572653A24005E72657363616E5F636129
:102010006E6973746572735F726573703A317C6652
:1020200061696C7572653A24002152656C6F616458
:10203000446F6F724F70656E20262620536166656F
:10204000546F526F746174654361726F7573656C20
:10205000282920262620486F6D65416374756174B8
:102060006F72537563636573734F6E5374617274EB
:102070007570202626204861766557655375636321
:1020800065737366756C6C79486F6D6564436172D6
:102090006F7573656C4265666F7265203D200055F3
:1020A0006E61626C6520746F2072657363616E206F
:1020B00063616E6973746572732064756520746FF3
:1020C000207468697320636865636B206661696C5E
:1020D000696E673A00547279696E6720746F2048A0
:1020E0006F6D654361726F7573656C2C2073696EDB
:1020F0006365206974206861736E2774207375634B
:102100006365737366756C6C7920686F6D656420A8
:102110007965742E00496E2072657363616E5F632A
:10212000616E6973746572732066756E6374696F2E
:102130006E2100626C61636B007768697465005E94
:1021400072657365745F726573703A317C73756321
:10215000636573733A24005E72657365745F7265BC
:1021600073703A317C737563636573733A24004905
:102170006E2072657365742066756E6374696F6E28
:1021800021005E63616E63656C5F726573703A31E6
:102190007C737563636573733A24005E63616E6379
:1021A000656C5F726573703A317C737563636573D8
:1021B000733A2400496E2063616E63656C20667516
:1021C0006E6374696F6E2100496E20726573756D60
:1021D000655F66756E6374696F6E2066756E637495
:1021E000696F6E21005E73797374656D5F636865F6
:1021F000636B5F726573703A317C7375636365738B
:10220000733A24005E73797374656D5F6368656308
:102210006B5F726573703A317C737563636573735A
:102220003A24005E73797374656D5F636865636BF0
:102230005F726573703A317C6661696C7572653A7C
:1022400024005E73797374656D5F636865636B5FAB
:10225000726573703A317C6661696C7572653A2497
:102260000073797374656D5F636865636B00496EB5
:102270002073797374656D5F636865636B20667541
:102280006E6374696F6E21005E72656164795F745C
:102290006F5F736869705F726573703A317C7375D4
:1022A00063636573733A24005E72656164795F7479
:1022B0006F5F736869705F726573703A317C7375B4
:1022C00063636573733A24005E72656164795F7459
:1022D0006F5F736869705F726573703A317C6661B5
:1022E000696C7572653A24005E72656164795F7429
:1022F0006F5F736869705F726573703A317C666195
:10230000696C7572653A240072656164795F746FF7
:102310005F7368697000496E2072656164795F74EB
:102320006F5F736869702066756E6374696F6E2184
:10233000005E72656164795F746F5F7573655F726B
:102340006573703A317C737563636573733A240007
:102350005E72656164795F746F5F7573655F7265E6
:1023600073703A317C737563636573733A24005EEE
:1023700072656164795F746F5F7573655F726573B1
:10238000703A317C6661696C7572653A24005E72E0
:10239000656164795F746F5F7573655F7265737093
:1023A0003A317C6661696C7572653A2400726561C8
:1023B00064795F746F5F75736500496E2072656143
:1023C00064795F746F5F7573652066756E63746999
:1023D0006F6E21003A24005E7374617475735F72CE
:1023E0006573703A317C003A24005E7374617475D1
:1023F000735F726573703A317C0054616E6B4C6F21
:102400007753656E736F72203D200054616E6B4D83
:10241000696453656E736F72203D200054616E6B6A
:102420004869676853656E736F72203D2000546180
:102430006E6B446F6F72556E6C6F636B53656E732A
:102440006550696E3D0054616E6B446F6F724F70E2
:10245000656E3D0052656C6F6164446F6F72556EBE
:102460006C6F636B53656E736550696E203D200021
:102470005769706572496E736572746564203D209A
:1024800000094163747561746F724F75746572559C
:10249000704F70746F203D20000941637475617442
:1024A0006F72496E6E657255704F70746F203D206B
:1024B000004163747561746F72456E636F64657219
:1024C000203D200041313420414D49532D333035DA
:1024D0003433205664642052656C6F6164446F6FBE
:1024E00072436C6F736564203D20004375727265A2
:1024F0006E74205765696768743A0900496E2073E5
:1025000074617475735F66756E6374696F6E20664F
:10251000756E6374696F6E21005E626F776C5F77B2
:1025200065696768745F726573703A327C7375634E
:10253000636573733A005E626F776C5F7765696796
:1025400068745F726573703A327C73756363657328
:10255000733A005E626F776C5F7765696768745F76
:10256000726573703A327C6661696C7572653A00A7
:102570005E626F776C5F7765696768745F726573B9
:10258000703A327C6661696C7572653A002C205332
:10259000616D706C657320776572653A2000426FDB
:1025A000776C20776569676874204E4F54205345D7
:1025B00054544C45442C20736F2072657475726EB0
:1025C000204661696C75726520627574207265744D
:1025D00075726E204162736F6C75746557656967BB
:1025E000687420616E797761792C204162736F6C19
:1025F000757465576569676874203D20004E65777E
:102600002052464944207461672064657465637490
:1026100065642C2074686579206D75737420686119
:102620007665207377617070656420626F776C7374
:102630002C20736F207765206E65656420746F2091
:1026400073656E6420626F776C5F706C6163656444
:10265000206E6F77206265666F726520626F776C9F
:102660005F7765696768745F726573702E005246A4
:1026700049442074616773206D617463682C206E17
:102680006F206E65656420746F207468726F7720A8
:10269000626F776C5F706C61636564206576656EF0
:1026A0007400436C656172696E6720616C6C2049CF
:1026B0006E697469616C4163747561746F72506F97
:1026C000736974696F6E735B5D20616E642053651E
:1026D0007269616C4E756D626572486173426565C1
:1026E0006E44697370656E7365645B5D2E00206F68
:1026F0007574206F6620626F756E64732C20636141
:102700006E6E6F7420736574207468697320696ECF
:102710002074686520454550524F4D2E00736C6FF4
:10272000745F6E756D62657220002920746F2000E1
:102730005D2028736C6F74200053657474696E6734
:1027400020496E697469616C4163747561746F725C
:10275000506F736974696F6E735B00416674657264
:10276000205363616C655F43616C69627261746977
:102770006F6E3A20004265666F7265205363616C2C
:10278000655F43616C6962726174696F6E3A2000C3
:102790004166746572205363616C655F43616C6967
:1027A00062726174696F6E5F5765696768743A2019
:1027B000004265666F7265205363616C655F4361BB
:1027C0006C6962726174696F6E5F5765696768747E
:1027D0003A20004166746572205363616C655F4303
:1027E000616C6962726174696F6E5F323030673A32
:1027F00020004265666F7265205363616C655F43BC
:10280000616C6962726174696F6E5F323030673A11
:1028100020004166746572205363616C655F43619B
:102820006C6962726174696F6E5F5A65726F3A208B
:10283000004265666F7265205363616C655F43613A
:102840006C6962726174696F6E5F5A65726F3A206B
:10285000004661696C656420746F2067657420357B
:102860007820676F6F642064697374616E6365209C
:1028700072656164696E677320696E2063616C695B
:1028800062726174655F77686974655F626F776CA7
:102890002829000941766752616E67653A09000987
:1028A00052616E6765353A09000952616E67653499
:1028B0003A09000952616E6765333A0900095261AD
:1028C0006E6765323A090052616E6765313A0900F8
:1028D0004661696C656420746F2067657420357883
:1028E00020676F6F642064697374616E6365207222
:1028F000656164696E677320696E2063616C6962EB
:10290000726174655F626C61636B5F626F776C2884
:1029100029000941766752616E67653A09000952DC
:10292000616E6765353A09000952616E6765343A30
:1029300009000952616E6765333A09000952616EF8
:102940006765323A090052616E6765313A0900469F
:10295000696E616C20656E636F646572203D200056
:102960004166746572206272616B652C20656E63CE
:102970006F646572203D2000446573697265642050
:10298000706F736974696F6E203D200041637475C8
:1029900061746F7252657475726E546F486F6D65B5
:1029A000466173742C204265666F726520456E63C4
:1029B0006F646572203D20000943656E7465724541
:1029C0006E636F646572506F736974696F6E203DDA
:1029D000200900094361726F7573656C486F6D65FE
:1029E000203D20090009616363656C537465707054
:1029F00065722E63757272656E74506F7369746957
:102A00006F6E2829203D200900537465707065722F
:102A1000506F7330203D2009005E746573745F63EE
:102A200061726F7573656C5F656E636F64657273F9
:102A30005F726573703A317C6661696C7572653A74
:102A400024005E746573745F6361726F7573656C87
:102A50005F656E636F646572735F726573703A3140
:102A60007C6661696C7572653A2400436865636BC6
:102A70002063656E74657220656E636F6465722095
:102A8000666F72206C6F6F73656E6573732F736CF6
:102A9000697070696E67202D2065697468657220A1
:102AA0007468652079656C6C6F7720696E736572E8
:102AB000742068617320636F6D65206C6F6F736540
:102AC0002066726F6D207468652073686166742C6F
:102AD0002068617320706F70706564206F7574205A
:102AE0006F662063656E74657220656E636F6465E2
:102AF000722C206F72207468652077686F6C652077
:102B0000656E636F64657220697473656C662068B6
:102B1000617320746F6F206D7563682077696767D4
:102B20006C6520746F206974206F722069736E2742
:102B300074207365617465642077656C6C2E002A5F
:102B40002A2A4641494C45442A2A2A005E74657364
:102B5000745F6361726F7573656C5F656E636F64DC
:102B60006572735F726573703A317C737563636508
:102B700073733A24005E746573745F6361726F757A
:102B800073656C5F656E636F646572735F726573A6
:102B9000703A317C737563636573733A24002A2A33
:102BA0002A5041535345442A2A2A005E746573749F
:102BB0005F6361726F7573656C5F656E636F64658B
:102BC00072735F726573703A317C6661696C75729D
:102BD000653A24005E746573745F6361726F757328
:102BE000656C5F656E636F646572735F7265737049
:102BF0003A317C6661696C7572653A2400417420D3
:102C00006C65617374206F6E65206F6620746865F3
:102C1000206361726F7573656C206D6F76656D658D
:102C20006E7473206661696C65642C20736F207408
:102C30006869732069732061206661696C757265CB
:102C400020616E64206E6F7420612076616C69640F
:102C50002063656E74657220656E636F64657220B3
:102C6000736C697070696E6720746573742E002AC6
:102C70002A2A4641494C45442A2A2A005468697345
:102C80002076616C75652073686F756C6420626571
:102C9000203C20353020746F20656E73757265207E
:102CA0006E6F20736C697070696E672E0044696680
:102CB000666572656E636520696E2063656E746516
:102CC0007220656E636F64657220706F73697469DA
:102CD0006F6E207768656E206D6F76696E67206312
:102CE0006C6F636B7769736520767320636F756EA5
:102CF000746572636C6F636B7769736520697320A9
:102D00000043656E74657220656E636F6465722042
:102D1000506F736974696F6E4174536C6F743130A6
:102D2000434357203D200043656E74657220656EF5
:102D3000636F64657220506F736974696F6E41745C
:102D4000536C6F7431304357203D20000A43656E49
:102D500074657220656E636F64657220506F73696D
:102D600074696F6E4174486F6D65203D20005E632D
:102D700079636C655F746573745F6361726F75739B
:102D8000656C5F726573703A317C6661696C7572EF
:102D9000653A24005E6379636C655F746573745F84
:102DA0006361726F7573656C5F726573703A317CC5
:102DB0006661696C7572653A24004F766572616C64
:102DC0006C20726573756C74203D202A2A2A464156
:102DD000494C45442A2A2A005E6379636C655F7416
:102DE0006573745F6361726F7573656C5F72657331
:102DF000703A317C737563636573733A24005E6364
:102E000079636C655F746573745F6361726F75730A
:102E1000656C5F726573703A317C7375636365735B
:102E2000733A24004F766572616C6C20726573751D
:102E30006C74203D202A2A2A5041535345442A2AA3
:102E40002A004E756D626572206F66206D6F766523
:102E50006D656E74206661696C75726573203D20C6
:102E6000004E756D626572206F66206D6F76656DC0
:102E7000656E742072657472696573203D20002050
:102E80006379636C65732E000A0A46696E6973681C
:102E90006564204379636C652054657374206F66A4
:102EA00020006E756D4661696C75726573203D20FA
:102EB000006E756D52657472696573203D20005314
:102EC000756363657373203D200067476F546F50CF
:102ED0006F736974696F6E52657472696573203DB2
:102EE0002000476F546F44697370656E7365536C4F
:102EF0006F74203D20006E756D4661696C7572655A
:102F000073203D20006E756D526574726965732083
:102F10003D200053756363657373203D2000674750
:102F20006F546F506F736974696F6E526574726914
:102F30006573203D2000476F546F44697370656E60
:102F40007365536C6F74203D20002054696D657368
:102F5000004379636C65205465737420524649447C
:102F600020446F6E652C2052464944204D6973738E
:102F7000696E6720002054696D6573004379636C46
:102F8000652054657374205246494420446F6E6531
:102F90002C2052464944204465746563746564205E
:102FA000002054696D6573002054696D65732C2091
:102FB00052464944204D697373696E672000437916
:102FC000636C65205465737420526573756C7473FB
:102FD00020536F20466172202D20524649442044E0
:102FE00065746563746564200020636F6D706C6543
:102FF0007465642C20486F7572732052656D616929
:103000006E696E67203D2000206F7574206F66200A
:10301000004379636C65200052464944204E6F742A
:1030200020446574656374656421005E706F776524
:10303000725F6379636C655F70635F726573703A2A
:10304000317C737563636573733A24005E706F77C8
:1030500065725F6379636C655F70635F72657370DF
:103060003A317C737563636573733A2400414C4550
:1030700052543A20506F776572204379636C696EC1
:103080006720504321005E706F7765725F637963DC
:103090006C655F726F757465725F726573703A31DB
:1030A0007C737563636573733A24005E706F776534
:1030B000725F6379636C655F726F757465725F725E
:1030C0006573703A317C737563636573733A24007A
:1030D000414C4552543A20506F77657220437963D2
:1030E0006C696E6720526F7574657221005E776936
:1030F0007065725F72656D6F7665643A307C3A24F4
:10310000005E77697065725F72656D6F7665643AAF
:10311000307C3A24005E77697065725F696E736512
:10312000727465643A307C3A24005E776970657227
:103130005F696E7365727465643A307C3A24005E30
:1031400064726970747261795F72656D6F766564BF
:103150003A307C3A24005E64726970747261795FFF
:1031600072656D6F7665643A307C3A24005E6472F5
:103170006970747261795F696E7365727465643ABF
:10318000307C3A24005E64726970747261795F69A0
:103190006E7365727465643A307C3A240066696EB9
:1031A000697368656400616C65727400646973704A
:1031B000656E73696E6700626F776C006163746936
:1031C00076650069646C6500706F7765725F736126
:1031D00076655F6D6F6465003A24005E6E61636BB7
:1031E0003A317C003A24005E6E61636B3A317C00B8
:1031F000706F7765725F6379636C655F726F75740A
:10320000657200706F7765725F6379636C655F707C
:1032100063006379636C655F746573745F7266697C
:1032200064006379636C655F746573745F616C6C73
:10323000006379636C655F746573745F6163747553
:1032400061746F7273006379636C655F7465737426
:103250005F6361726F7573656C00746573745F731F
:1032600063616C655F6E6F69736500746573745F2D
:103270006361726F7573656C5F656E636F646572B1
:103280007300756E6A616D5F6361726F7573656CF3
:10329000006275726E5F696E5F6361726F757365F0
:1032A0006C00746573745F6361726F7573656C5FD6
:1032B0006672696374696F6E007A65726F5F6365C9
:1032C0006E7465725F656E636F646572003A2400A8
:1032D0005E6765745F696E7374616C6C5F6D6F645B
:1032E000655F726573703A317C003A24005E6765F1
:1032F000745F696E7374616C6C5F6D6F64655F722F
:103300006573703A317C006765745F696E737461D0
:103310006C6C5F6D6F6465003A24005E7365745F6A
:10332000696E7374616C6C5F6D6F64655F726573F9
:10333000703A317C003A24005E7365745F696E7385
:1033400074616C6C5F6D6F64655F726573703A3148
:103350007C007365745F696E7374616C6C5F6D6F14
:103360006465007365745F77697065725F6F766519
:103370007272696465007365745F726669645F6F19
:103380007665727269646500646563726561736510
:103390005F70616E656C5F6272696768746E657399
:1033A0007300696E6372656173655F70616E656CF1
:1033B0005F6272696768746E657373007365745FCA
:1033C00070616E656C5F6272696768746E65737355
:1033D00000686F6D655F6361726F7573656C5F73B5
:1033E00077656570006361726F7573656C5F706F90
:1033F000736974696F6E006163747561746F725F75
:10340000636F756E746572636C6F636B77697365F8
:10341000006163747561746F725F636C6F636B7767
:10342000697365006163747561746F725F7265744E
:1034300075726E746F686F6D6566617374706964C0
:10344000006163747561746F725F72657475726E1A
:10345000746F686F6D6566617374007365745F6126
:1034600063747561746F725F706F736974696F6E86
:10347000006163747561746F725F706F73697469F2
:103480006F6E006163747561746F725F686F6D65F4
:103490000063616C6962726174655F626C61636B29
:1034A0005F626F776C0063616C6962726174655F03
:1034B00077686974655F626F776C007365745F62CB
:1034C0006C61636B5F626F776C5F64697374616E6C
:1034D0006365007365745F77686974655F626F77B1
:1034E0006C5F64697374616E6365007365745F73A8
:1034F00063616C655F63616C6962726174696F6E50
:10350000007365745F696E697469616C5F6163748F
:103510007561746F725F706F736974696F6E006349
:103520006C6561725F6163747561746F725F706FF7
:10353000736974696F6E73003132333435363738DE
:10354000393031323334353637383930313233343B
:10355000353637383930313233343536373839301B
:10356000313233343536373839300063616C696253
:10357000726174655F7363616C655F7368696674BB
:103580005F7A65726F0063616C6962726174655F16
:103590007363616C650076657273696F6E00626F4C
:1035A000776C5F77656967687400626F776C5F73CB
:1035B00074617475730073746174757300726561FE
:1035C00064795F746F5F7573650072656164795FBC
:1035D000746F5F736869700073797374656D5F638E
:1035E0006865636B00666F726365007363616E5F2D
:1035F000616C6C00726573756D650063616E636507
:103600006C0072657365745F6361726F7573656C6E
:10361000007265736574007365745F64656D6F5FD8
:103620006D6F6465007365745F6861735F72656C6C
:103630006F61645F646F6F725F6C6F636B00736563
:10364000745F626F776C5F617265615F636F6C6FEF
:10365000725F7479706500706F7765725F73617601
:10366000655F6D6F64650072657363616E5F636152
:103670006E69737465727300706175736500706F45
:10368000736974696F6E5F63616E69737465725F8D
:103690007265706C616365007365745F626172630B
:1036A0006F64655F6F7665727269646500736574D7
:1036B0005F626172636F6465007363616E5F626114
:1036C00072636F646500626172636F64655F7374D7
:1036D000617475730074616E6B5F7374617475737C
:1036E00000636162696E65745F7374617475730001
:1036F00064726970747261795F7374617475730058
:1037000077697065725F737461747573007269674D
:103710006874646F6F725F737461747573006C6545
:103720006674646F6F725F73746174757300646F35
:103730006F725F7374617475730074616E6B646F24
:103740006F725F756E6C6F636B0074616E6B646F2C
:103750006F725F6C6F636B00636162696E65745F4B
:10376000756E6C6F636B00636162696E65745F6C2C
:103770006F636B00646F6F725F756E6C6F636B006D
:10378000646F6F725F6C6F636B0064697370656EFA
:1037900073655F66756C6C5F63616E0064697370FE
:1037A000656E73655F74696D6564006469737065E7
:1037B0006E73655F616C6C00416D6F756E745F4414
:1037C000697370656E7365643A0900576569676867
:1037D000742041667465722031207365633A090074
:1037E0005765696768742041667465723A090057C5
:1037F0006569676874204265666F72653A0900738F
:1038000065745F737465707065725F726967687400
:103810005F706F736974696F6E00416D6F756E7460
:103820005F44697370656E7365643A090057656932
:103830006768742041667465722031207365633A4D
:1038400009005765696768742041667465723A09B2
:1038500000576569676874204265666F72653A094A
:10386000007365745F737465707065725F6C656614
:10387000745F706F736974696F6E007365745F73E2
:103880007465707065725F74686972645F73706587
:103890006564007365745F737465707065725F72E0
:1038A000696768745F7370656564007365745F73DE
:1038B0007465707065725F6C6566745F7370656562
:1038C00064007365745F656570726F6D5F766572B5
:1038D00073696F6E73007365745F70756D705F737D
:1038E000706565640064697370656E73655F7461AB
:1038F0006E6B746573740064697370656E73655F75
:10390000646576656C6F7065720064697370656E6E
:1039100073655F7765696768740070696E670064D6
:10392000656D6F00706F736974696F6E5F63616E50
:103930006973746572007365745F7363616C655F4E
:103940006C656473007365745F6C656473002D2D22
:103950002D2D2D2D2D2D2D2D2D2D2D2D0070617208
:10396000616D35203D2000706172616D34203D2015
:1039700000706172616D33203D2000706172616D75
:1039800032203D2000706172616D31203D20007059
:103990006172616D34203D2000706172616D332071
:1039A0003D2000706172616D32203D2000706172B7
:1039B000616D31203D2000706172616D33203D20CA
:1039C00000706172616D32203D2000706172616D26
:1039D00031203D2000706172616D32203D20007009
:1039E0006172616D31203D2000706172616D312026
:1039F0003D2000416C6C2074686520646174612016
:103A000076616C756573203D2000496E746567654D
:103A100072204E756D506172616D657465727320B0
:103A20003D2000416C6C20506172616D73205061CB
:103A30007373656420004D657373616765547970B5
:103A400065203D20002A2A2A2A2A2A2A2A2A2A2AC6
:103A50002A2A2A2A2A2A003A24003A24003030301E
:103A60003030303030303000303030303030303086
:103A70003030005E626F776C5F706C616365643AD2
:103A8000357C005E626F776C5F706C616365643A71
:103A9000357C00436F6C6F722073656E736F727349
:103AA000206E6F7420696E7374616C6C65642C2079
:103AB00064656661756C74696E6720746F20524727
:103AC00042282D312C2D312C2D3129005E626F774B
:103AD0006C5F72656D6F7665643A307C3A24005E87
:103AE000626F776C5F72656D6F7665643A307C3AB1
:103AF00024003A24005E63616E69737465725F69C5
:103B00006E7374616C6C65643A327C003A24005EBA
:103B100063616E69737465725F696E7374616C6CF6
:103B200065643A327C003A24005E63616E697374A6
:103B300065725F72656D6F7665643A317C003A2418
:103B4000005E63616E69737465725F72656D6F7636
:103B500065643A317C003A2409003A00095E6469E0
:103B600073705F70726F67726573733A327C003A7C
:103B700024003A005E646973705F70726F677265EB
:103B800073733A327C0052616E67652072656164BE
:103B9000696E67206F766572666C6F770052616E32
:103BA00067652072656164696E6720756E64657211
:103BB000666C6F77005261772072656164696E6729
:103BC000206F766572666C6F770052617720726540
:103BD0006164696E6720756E646572666C6F7700EC
:103BE0005369676E616C2F4E6F69736520657272E1
:103BF0006F720049676E6F72696E672072616E67DF
:103C000065004E6F20636F6E76657267656E6365E3
:103C100000454345206661696C7572650053797390
:103C200074656D206572726F72004162736F6C759E
:103C30007465576569676874206973203C20353066
:103C40002C207468726F77696E6720626F776C5F83
:103C500072656D6F766564206576656E742E2020C2
:103C60004E6F20676F6F642064697374616E636563
:103C70002073656E736F722072656164696E672070
:103C8000617661696C61626C652C20636865636B49
:103C900020666F72206572726F722062656C6F773A
:103CA0002E20204162736F6C757465576569676873
:103CB00074203D20002C204162736F6C7574655731
:103CC0006569676874203D2000206F72204162732F
:103CD0006F6C757465576569676874203C20353072
:103CE0002C20736F207468726F77696E6720626F23
:103CF000776C5F72656D6F766564206576656E744E
:103D00002E2052616E6765203D200052616E67650E
:103D1000203E20003A240030303030303030303017
:103D2000300052464944526561644661696C436F94
:103D3000756E743D31302E20576F756C642068614C
:103D40007665207468726F776E207468697320627C
:103D50006F776C5F706C61636564206576656E7407
:103D6000206578636570742052464944204F76651B
:103D70007272696465206973206E6F74206F6E2C97
:103D800020736F206469646E27743A205E626F77D7
:103D90006C5F706C616365643A357C003A24003076
:103DA00030303030303030303000436865636B2065
:103DB0005246494420746167732E20576F756C64B6
:103DC0002068617665207468726F776E2074686908
:103DD0007320626F776C5F706C61636564206576D9
:103DE000656E74206578636570742052464944207E
:103DF0004F76657272696465206973206E6F7420F6
:103E00006F6E2C20736F206469646E27743A205E95
:103E1000626F776C5F706C616365643A357C002C0F
:103E200020426F776C506C6163656453616D706C98
:103E30006573416674657252464944203D20002CEA
:103E4000204162736F6C757465576569676874208B
:103E50003D200052616E6765203D20002C20426F9E
:103E6000776C506C6163656453616D706C6573420F
:103E700065666F726552464944203D20002C204102
:103E800062736F6C757465576569676874203D204F
:103E90000052616E6765203D20005E6361726F7540
:103EA00073656C5F6A616D3A307C3A24005E6361D1
:103EB000726F7573656C5F6A616D3A307C3A24008D
:103EC0003A24005E706F736974696F6E5F63616E30
:103ED00069737465725F726573703A327C6661698A
:103EE0006C7572653A003A24005E706F736974698C
:103EF0006F6E5F63616E69737465725F7265737014
:103F00003A327C6661696C7572653A003A24005EEB
:103F1000706F736974696F6E5F63616E69737465E6
:103F2000725F726573703A327C7375636365737325
:103F30003A003A24005E706F736974696F6E5F6354
:103F4000616E69737465725F726573703A327C7307
:103F50007563636573733A00706F736974696F6E2C
:103F60005F63616E69737465720056616C7565207C
:103F70007061737365643D00496E20706F7369747E
:103F8000696F6E2063616E69737465722066756E09
:103F90006374696F6E21005E646F6F725F6C6F6334
:103FA0006B5F726573703A317C73756363657373AD
:103FB0003A24005E646F6F725F6C6F636B5F726553
:103FC00073703A317C737563636573733A2400646C
:103FD0006F6F725F6C6F636B004166746572204C2B
:103FE0006F636B696E672C2052656C6F6164446F00
:103FF0006F72556E6C6F636B53656E736550696E4F
:104000003A20004265666F7265204C6F636B696E83
:10401000672C2052656C6F6164446F6F72556E6CD3
:104020006F636B53656E736550696E3A2000496E1D
:1040300020646F6F725F6C6F636B2066756E637464
:10404000696F6E21005E74616E6B646F6F725F6C7E
:104050006F636B5F726573703A317C737563636510
:1040600073733A24005E74616E6B646F6F725F6C81
:104070006F636B5F726573703A317C7375636365F0
:1040800073733A240074616E6B646F6F725F6C6F50
:10409000636B004166746572204C6F636B696E6779
:1040A0002C2045787465726E616C446F6F72556E2A
:1040B0006C6F636B53656E736550696E3A20004296
:1040C00065666F7265204C6F636B696E672C204567
:1040D000787465726E616C446F6F72556E6C6F634D
:1040E0006B53656E736550696E3A2000496E20749B
:1040F000616E6B646F6F725F6C6F636B2066756E61
:104100006374696F6E21006D696473656E736F729D
:10411000006869676873656E736F72005E74616EC4
:104120006B646F6F725F756E6C6F636B5F726573DC
:10413000703A327C6661696C7572653A003A2400A7
:104140005E74616E6B646F6F725F756E6C6F636BC4
:104150005F726573703A317C737563636573733A2C
:1041600024005E74616E6B646F6F725F756E6C6F4E
:10417000636B5F726573703A317C737563636573EB
:10418000733A240074616E6B646F6F725F756E6C4E
:104190006F636B00416674657220556E6C6F636B64
:1041A000696E672C2045787465726E616C446F6F20
:1041B00072556E6C6F636B53656E736550696E3AC2
:1041C00020004265666F726520556E6C6F636B6987
:1041D0006E672C2045787465726E616C446F6F72E7
:1041E000556E6C6F636B53656E736550696E3A20E4
:1041F00000496E2074616E6B646F6F725F756E6CD8
:104200006F636B2066756E6374696F6E21007461F5
:104210006E6B646F6F725F756E6C6F636B00656D54
:104220007074790050726F647563744944206973C7
:10423000206120726567756C6172206469737065B6
:104240006E73652073706565642070726F6475634A
:10425000742C20736F20646F206E6F726D616C2000
:1042600064697370656E73652E0050726F64756358
:104270007449442069732061206661737420646905
:104280007370656E73652073706565642070726FFE
:10429000647563742C20736F20676F20666173747C
:1042A000657220616E6420646F6E277420736C6F7A
:1042B0007720646F776E20617420656E642E003005
:1042C0003032390030303238003030323700303060
:1042D0003236003030323400544F50434849432D79
:1042E0003647003031303500434F4C4F52414E433A
:1042F000452D3552003031303400544F5043484939
:10430000432D355656003031303300434C4943532A
:104310002D4434305F424F54544C450030313032DC
:1043200000434C4943532D44305F424F54544C4555
:10433000003031303100474F4C4457454C4C2D44F0
:104340003430003031303000474F4C4457454C4CEE
:104350002D443130003030393900434F4C4F5241F9
:104360004E43452D434C45415200303039380043CF
:104370004F4C4F52414E43452D313047003030397C
:104380003700434F4C4F52414E43452D3456003079
:1043900030393600434F4C4F52414E43452D375232
:1043A00052003030393500434F4C4F52414E434557
:1043B0002D355656003030393400434F4C4F524162
:1043C0004E43452D313056003030393300434F4C89
:1043D0004F52414E43452D3130500030303932007C
:1043E000434F4C4F52414E43452D313042530030E4
:1043F00030393100434F4C4F52414E43452D3843E5
:1044000041003030393000434F4C4F52414E43450C
:104410002D3241003030383900434F4C4F52414E1D
:1044200043452D37524F003030383800434F4C4F02
:1044300052414E43452D384F5200303038370043FB
:104440004F4C4F52414E43452D384B00303038369B
:1044500000434F4C4F52414E43452D354B003030B9
:10446000383500434F4C4F52414E43452D3847009D
:104470003030383400434F4C4F52414E43452D3578
:1044800042003030383300434F4C4F52414E434589
:104490002D3447003030383200434F4C4F52414E9C
:1044A00043452D384E4E003030383100434F4C4F8D
:1044B00052414E43452D344E4E003030383000438B
:1044C0004F4C4F52414E43452D31304E0030303726
:1044D0003900434F4C4F52414E43452D384E00302A
:1044E00030373800434F4C4F52414E43452D364EE6
:1044F000003030373700434F4C4F52414E43452D2B
:10450000344E003030373600434F4C4F52414E430B
:10451000452D324E003030373500544F5043484916
:10452000432D434C454152003030373400544F50F6
:10453000434849432D424C4F4E44494E470030308A
:10454000373300544F50434849432D31314E0030EA
:1045500030373200544F50434849432D37525200B0
:104560003030373100544F50434849432D35525273
:10457000003030373000544F50434849432D374BBB
:10458000003030363900544F50434849432D394E9E
:104590004E003030363800544F50434849432D3791
:1045A0004E4E003030363600544F50434849432D6C
:1045B000354E4E003030363400544F504348494356
:1045C0002D334E4E003030363200474F4C44574565
:1045D0004C4C2D415348003030353800474F4C4447
:1045E00057454C4C2D313147003030353700474F5F
:1045F0004C4457454C4C2D38434100303035360043
:10460000474F4C4457454C4C2D35520030303535D2
:1046100000544F50434849432D354B00303035341A
:1046200000544F50434849432D52525F4D49580062
:104630003030353300474F4C4457454C4C2D56567F
:10464000003030353200544F50434849432D4747DE
:104650005F4D4958003030353100544F5043484980
:10466000432D4B4B5F4D4958003030353000544F8F
:1046700050434849432D505F4D495800303034393C
:1046800000544F50434849432D415F4D4958003035
:1046900030343800544F50434849432D384200309D
:1046A00030343700544F50434849432D3442003092
:1046B00030343600474F4C4457454C4C2D354D4215
:1046C000003030343500544F50434849432D313188
:1046D00041003030343400474F4C4457454C4C2D4A
:1046E000313041003030343300544F504348494357
:1046F0002D3941003030343200544F504348494343
:104700002D3541003030343100544F504348494337
:104710002D3241003030343000544F50434849432B
:104720002D3847003030333900474F4C4457454C03
:104730004C2D3747003030333800544F50434849F0
:10474000432D3447003030333700474F4C445745F2
:104750004C4C2D31304E003030333600474F4C44F6
:1047600057454C4C2D384E003030333500474F4CB8
:104770004457454C4C2D364E003030333400474FB3
:104780004C4457454C4C2D344E00303033330047A9
:104790004F4C4457454C4C2D324E00303033320094
:1047A000434C4943532D56322D314E003030333077
:1047B00000434C4943532D56322D4C490030303282
:1047C0003900434C4943532D56322D443430003088
:1047D00030323800434C4943532D56322D44323049
:1047E000003030323700434C4943532D56322D446C
:1047F00030003030323600434C4943532D56322D71
:104800005048003030323500434C4943532D563226
:104810002D434C003030323400434C4943532D5625
:10482000322D434F42003030323300434C49435322
:104830002D56322D4C54594F003030323200434CFB
:104840004943532D56322D4F5900303032310043F9
:104850004C4943532D56322D4C544F520030303278
:104860003000434C4943532D56322D524F003030C7
:10487000313900434C4943532D56322D56520030A6
:1048800030313800434C4943532D56322D4C545649
:1048900042003030313700434C4943532D56322DBE
:1048A0004256003030313600434C4943532D563286
:1048B0002D4247003030313500434C4943532D568B
:1048C000322D4C544242003030313400434C494385
:1048D000532D56322D59003030313300434C49436B
:1048E000532D56322D4F003030313200434C494366
:1048F000532D56322D42003030313100434C494364
:10490000532D56322D52003030313000434C494344
:10491000532D56322D47003030303900434C494337
:10492000532D56322D56003030303800434C494319
:10493000532D56322D31324E003030303700434C3B
:104940004943532D56322D31304E00303030360031
:10495000434C4943532D56322D384E0030303035BC
:1049600000434C4943532D56322D364E00303030E3
:104970003400434C4943532D56322D344E003030D1
:10498000303300434C4943532D56322D324E0030C4
:1049900030303200434C4943532D56322D30304E87
:1049A0000030303031002C2050726F647563744ECB
:1049B000616D6520697320002C2050726F647563EF
:1049C000744944206973200063616E697374657271
:1049D000436F6465206973200054686973206973AC
:1049E000204C69676874656E65722C20736F206453
:1049F0006F6E277420676F20617320666173742067
:104A00006F746865727769736520636F756C642075
:104A1000686176652070696E6368206F66662069DC
:104A2000737375652E003030323900526573746FC0
:104A30007265642F536176656420496E697469619B
:104A40006C4163747561746F72506F736974696FD0
:104A50006E446174613A00496E2D6D656D6F7279B7
:104A600020496E697469616C4163747561746F7219
:104A7000506F736974696F6E446174613A002C20E1
:104A8000736F2077726974696E6720746F20454573
:104A900050524F4D206576656E2074686F7567685B
:104AA000206F7574206F662072616E67652C2073AD
:104AB0006F206E6578742074696D65206D61792052
:104AC000776F726B206265747465722E00203C20D3
:104AD00050726576696F7573496E697469616C416E
:104AE00063747561746F72506F736974696F6E204F
:104AF0006F6620004E657720496E697469616C416C
:104B000063747561746F72506F736974696F6E5BF3
:104B10005D206F6620003A24003A003A003A005EB9
:104B200064697370656E73655F7765696768745FE4
:104B3000726573703A357C72616E67653A003A242B
:104B4000003A003A003A005E64697370656E7365FE
:104B50005F7765696768745F726573703A357C72F8
:104B6000616E67653A003A24003A003A003A005E06
:104B700064697370656E73655F7765696768745F94
:104B8000726573703A357C776569676874697373A9
:104B900075653A003A24003A003A003A005E6469CA
:104BA0007370656E73655F7765696768745F72655A
:104BB00073703A357C776569676874697373756576
:104BC0003A00414C4552543A20506F74656E7469F6
:104BD000616C2077656967687469737375652064B3
:104BE000756520746F20626F776C20706C616365EF
:104BF0006D656E742E003A24003A003A003A005E69
:104C000064697370656E73655F7765696768745F03
:104C1000726573703A357C737563636573733A00BC
:104C20003A24003A003A003A005E64697370656E97
:104C300073655F7765696768745F726573703A352D
:104C40007C737563636573733A003A24003A003AE3
:104C5000003A005E64697370656E73655F776569BD
:104C60006768745F726573703A357C63616E636503
:104C70006C3A003A24003A003A003A005E646973E4
:104C800070656E73655F7765696768745F72657379
:104C9000703A357C63616E63656C3A002C20736FEB
:104CA0002077726974696E6720746F204545505291
:104CB0004F4D206576656E2074686F756768207447
:104CC00068697320697320612074616D7065722C4E
:104CD00020736F206E6578742074696D65206D6136
:104CE0007920776F726B206265747465722E002074
:104CF0003C2050726576696F7573496E697469619D
:104D00006C4163747561746F72506F736974696F0D
:104D10006E206F6620004E657720496E6974696168
:104D20006C4163747561746F72506F736974696FED
:104D30006E5B5D206F6620003A24003A003A003A2C
:104D4000005E64697370656E73655F776569676837
:104D5000745F726573703A357C74616D7065723A18
:104D6000003A24003A003A003A005E6469737065C4
:104D70006E73655F7765696768745F726573703AB3
:104D8000357C74616D7065723A003A24003A003ADD
:104D9000003A005E64697370656E73655F7765697C
:104DA0006768745F726573703A357C7375636365A9
:104DB00073733A003A24003A003A003A005E64699C
:104DC0007370656E73655F7765696768745F726538
:104DD00073703A357C737563636573733A00414C45
:104DE0004552543A20576F756C642068617665208F
:104DF0007468726F776E2054616D7065722C2062DA
:104E000075742077697468696E20746F6C6572615F
:104E10006E636520736F2072657475726E696E675C
:104E200020537563636573730064697370656E7393
:104E3000655F616C6C0064697370656E73655F7744
:104E40006569676874002C2053686F756C645265DF
:104E5000747279476F4661737442656361757365F7
:104E6000466972737444697370656E736554696DD5
:104E700065644F7574203D200044697370656E73DE
:104E800065206661696C7572652C206E65656420AD
:104E9000746F2072657472792C20476F696E672079
:104EA000746F2064697370656E7365206D6F7265D1
:104EB000206F6E20612072657472792C207468698D
:104EC00073206D756368206D6F7265203D20005200
:104ED000657472792053756D20416D6F756E745FC6
:104EE00044697370656E736564203D200054414DC4
:104EF000504552204445544543544544206166740E
:104F000065722066696E6973686564206469737090
:104F1000656E73696E672C2072657475726E696E4A
:104F2000672074616D70657220726573756C742092
:104F30007769746820616D6F756E74206469737031
:104F4000656E73656420617320547261696C696E6B
:104F500067576569676874203D2000416D6F756E05
:104F6000745F44697370656E736564206973206E45
:104F7000656761746976652C206D6F726520746851
:104F8000616E202D31672C207468657265206D7507
:104F900073742068617665206265656E20736F6D3D
:104FA000652074797065206F662074616D7065721C
:104FB0002E204E6F7420676F696E6720746F2072A9
:104FC000657472792E0046696E616C576569676811
:104FD0007452656164696E6773203D200900416DFC
:104FE0006F756E745F44697370656E736564203DA0
:104FF00020005D203D200046696E616C5765696741
:10500000687452656164696E67735B005363616CB9
:1050100065206E6F7420736574746C65642C2062F7
:10502000656C6F772046696E616C57656967687457
:1050300052656164696E6773206E6F74207769745E
:1050400068696E2031206772616D2C207265747200
:1050500079696E6720757020746F20352074696DD2
:1050600065732E002C206265636175736520547230
:105070006C5634207374696C6C20756E6465722094
:10508000302E3033203D20004C6F6F702054696DFE
:105090006564204F7574206174204C6F6F70546983
:1050A0006D656F7574203D20002C204C6F6F704330
:1050B0006F756E7465725768656E52656163686579
:1050C000644D6178416374756174696F6E203D2031
:1050D0000053657474696E67204C6F6F7054696D0E
:1050E000656F7574203D2000206772616D732C2000
:1050F000736F2072657665727365207468652061D0
:1051000063747561746F72210041626F75742074ED
:105110006F2063726F7373200052656365697665F3
:105120006420612043616E63656C20636F6D6D6107
:105130006E642066726F6D206D616368696E6520B4
:1051400055492E0054414D50455220444554454345
:105150005445442C2073746F7070696E67206163CE
:1051600074756174696F6E20616E64207265747508
:10517000726E696E672074616D70657220726573FE
:10518000756C742E0054414D5045522052656C6F21
:105190006164446F6F724F70656E0054414D5045AD
:1051A0005220547261696C696E6753616D706C65F1
:1051B000730054616D706572206465746563746515
:1051C000642C20776569676874206D6F7265206E46
:1051D00065676174697665207468616E202D312C75
:1051E00020736F6D65626F6479206D7573742068CC
:1051F0006176652072656D6F766564207765696795
:1052000068742066726F6D207363616C652C207208
:10521000657475726E696E672074616D7065722E4B
:1052200000094C6F7374207765696768742077682C
:10523000656E207265747261637465643A20002043
:10524000746F20302E31302073696E6365203E31DB
:105250003030206C6F6F7073206C6566740009527B
:10526000616973696E672074617267657420737019
:105270006565642066726F6D200020746F20302E8B
:10528000322073696E6365203C3330206C6F6F7021
:1052900073206C65667400094C6F776572696E6780
:1052A000207461726765742073706565642066722E
:1052B0006F6D2000094C4C09002C204D6178416332
:1052C00074756174696F6E203D20002C204D6178EB
:1052D000416374756174696F6E284C6929203D20A3
:1052E0000009534554504F494E542043616C633D6F
:1052F000000954726C563409000954726C56090046
:105300000954726C570900094C6F61642063656C25
:105310006C2073616D706C696E67206661696C7575
:1053200072652C20676F74203E3230356720666FBF
:10533000722061766572616765206F662031307812
:105340002073616D706C65732C2064697363617286
:1053500064696E6720616E642074616B696E67209A
:105360006E65772073616D706C6520686572653A53
:10537000090053616D700900095475726E41726FB6
:10538000756E64000A4C69676874656E65722066A4
:105390006C6F7720637574206F6666205374616C40
:1053A0006C696E67206465746563746564202D2084
:1053B000747279696E67204C69676874656E65728E
:1053C00020616374756174696F6E2072657472799F
:1053D0002023005374616C6C696E6720646574658A
:1053E00063746564202D207265636F766572792021
:1053F0006469646E277420776F726B2C20736F2042
:1054000073746F7070696E67207468652064697367
:1054100070656E736520736F20776520646F6E27EB
:10542000742064616D61676520746865206D6F74B8
:105430006F7220616E64206472697665722E000955
:105440005475726E41726F756E64000A5374616CAC
:105450006C696E67206465746563746564202D20D3
:10546000747279696E6720746865206261636B2D60
:105470006F66662D616E642D676F2D666173742093
:1054800072657472792E0009456E64313530004DB5
:105490006178416374756174696F6E203D200053BB
:1054A00074617274696E6720536574706F696E748D
:1054B000496E6974466F72546869734D61636869B7
:1054C0006E65203D200009536574706F696E7441EC
:1054D0006D6F756E74546F4261636B4F666657688B
:1054E000656E48697454617267657453706565646C
:1054F000203D200009536574706F696E744C6F6FA6
:1055000070496E6372656D656E74203D200009748C
:1055100061726765745F64697370656E73655F73EC
:1055200070656564203D20000941466173744469DB
:105530007370656E7365534B55203D20006744655D
:105540006D6F4D6F6465203D2000426F776C207752
:105550006569676874206E6F7420736574746C6518
:10556000642061667465722035207365636F6E64B4
:10557000732C2072657475726E2074616D70657223
:105580002E00424F574C204E4F5420504C41434523
:1055900044207768656E207374617274696E672049
:1055A00064697370656E7365202D20736F206E6F54
:1055B0007420616374756174696E672C20616E6418
:1055C0002072657475726E696E672074616D7065A6
:1055D000722E00094162736F6C7574655765696757
:1055E0006874203D2000095461726541444356614E
:1055F0006C7565203D2000095343414C45203D20FA
:1056000000094F4646534554203D200054617265C1
:10561000576569676874203D20005D203D20004982
:105620006E697469616C5765696768745265616415
:10563000696E67735B005363616C65206E6F7420E5
:10564000736574746C65642C2062656C6F77204997
:105650006E697469616C57656967687452656164E5
:10566000696E6773206E6F742077697468696E2045
:1056700031206772616D2C207265747279696E6772
:1056800020757020746F20352074696D65732E004D
:105690003A24003A31302E30303A005E646973703B
:1056A000656E73655F7765696768745F726573704F
:1056B0003A357C74616D7065723A302E30303A0044
:1056C0003A24003A31302E30303A005E646973700B
:1056D000656E73655F7765696768745F726573701F
:1056E0003A357C74616D7065723A302E30303A0014
:1056F00064697370656E73655F616C6C0064697377
:1057000070656E73655F77656967687400706F7345
:105710006974696F6E5F63616E6973746572206628
:1057200061696C7572652C2063616E6E6F742067A1
:10573000756172616E746565206361726F75736502
:105740006C20706F736974696F6E20736F20657859
:105750006974696E67207468652064697370656E2A
:1057600073655F77656967687420636F6D6D616EDF
:105770006420616E642072657475726E696E672054
:1057800074616D706572210056616C756520706181
:10579000737365643D0056616C7565207061737349
:1057A00065643D00496E2064697370656E736520A1
:1057B0007765696768742066756E6374696F6E21BA
:1057C000003A24005E64697370656E73655F667588
:1057D0006C6C5F63616E5F726573703A327C737577
:1057E00063636573733A003A24005E64697370659D
:1057F0006E73655F66756C6C5F63616E5F72657317
:10580000703A327C737563636573733A00646973CD
:1058100070656E73655F66756C6C5F63616E005476
:105820006F74616C2054696D6520746F20446973D6
:1058300070656E7365203D206C6F6F70202D203574
:10584000203D20090046696E616C205765696768D4
:1058500074203D200900416674657220686F6D6593
:105860002061637475616C2C20736574706F696E50
:10587000742C2070776D3A00456E64696E67204124
:1058800063747561746F722061637475616C2C2030
:10589000736574706F696E742C2070776D3A005761
:1058A000656967687420696E6372656173656420F9
:1058B0006279206C657373207468616E20302E31BC
:1058C000206772616D7320696E20746865206C6159
:1058D00073742035207365636F6E64732C20736F4F
:1058E0002073746F7070696E67206C6F6F702E001C
:1058F000576569676874203E203335302C20657801
:105900006974696E67206C6F6F70202863616E63C5
:10591000656C6C696E67292E000944656C7461576B
:105920006569676874203D200900095765696768E3
:1059300074203D2009000954696D65203D2009004F
:105940004C6F6F70203D2009005374617274696E52
:1059500067204163747561746F722061637475614F
:105960006C2C20736574706F696E742C2070776D69
:105970003A00092053746172742054696D65203DAA
:10598000200900576569676874203D200900566149
:105990006C7565207061737365643D0056616C754C
:1059A00065207061737365643D00496E206469739E
:1059B00070656E73652066756C6C2063616E210086
:1059C0003A24005E7363616E5F616C6C5F70726F2E
:1059D00067726573733A317C003A24005E736361C9
:1059E0006E5F616C6C5F70726F67726573733A3172
:1059F0007C007363616E5F616C6C00414C45525476
:105A00003A204455504C4943415445204241524369
:105A10004F44452853292044455445435445442088
:105A2000445552494E47205343414E5F414C4C210F
:105A300020204661696C696E67207363616E5F61E7
:105A40006C6C20616E6420626C616E6B696E6720A5
:105A50006F757420626172636F6465732E00656D8B
:105A6000707479005363616E20416C6C20697465B9
:105A7000726174696F6E3A20002E205363616E6EFE
:105A8000696E672043616E69737465723A20000124
:105A900002160317040518061907081A091B0A0B32
:105AA0001C0C1D0D0E1E0F1F10112012211314228D
:105AB0001523011F020320040521062207082309DC
:105AC000240A0B250C260D0E270F28101129122A47
:105AD00013142B152C16172D182E191A2F1B301CCA
:105AE0001D311E32496E207363616E5F616C6C20E4
:105AF00066756E6374696F6E210053657269616CBF
:105B0000206E756D6265727320646F206E6F7420F5
:105B10006D617463682C20776520686176656E27F7
:105B2000742064697370656E736564207769746846
:105B300020746869732063616E6973746572206292
:105B400065666F7265212020536F20626C616E6BF9
:105B5000206F7574207468652053657269616C4E9E
:105B6000756D6265724861734265656E44697370F4
:105B7000656E7365645B5D2C20616E642073746F69
:105B8000726520746865206E65772073657269613F
:105B90006C2053657269616C4E756D626572735BE2
:105BA0005D5B355D0053657269616C206E756D6279
:105BB000657273206D617463682C20776527766544
:105BC000207365656E20746869732063616E697304
:105BD000746572206265666F72652100476C6F6242
:105BE000616C20496E697469616C4163747561749C
:105BF0006F72506F736974696F6E203D20005D2075
:105C00003D2000496E697469616C4163747561740B
:105C10006F72506F736974696F6E735B005D203DC6
:105C2000200053657269616C4E756D6265724861E2
:105C3000734265656E44697370656E7365645B007D
:105C4000496E76616C696420626172636F64652C71
:105C50002063616E277420636F6D706172652062CE
:105C60006172636F6465732E00496E76616C69645E
:105C700020736C6F74206E756D6265722C20636189
:105C80006E277420636F6D7061726520626172634C
:105C90006F6465732E0053657269616C206E756D5B
:105CA0006265727320646F206E6F74206D6174631F
:105CB000682C20776520686176656E27742064699A
:105CC0007370656E736564207769746820746869A1
:105CD0007320626F74746C65206265666F726521F3
:105CE0002020536F20626C616E6B206F757420747E
:105CF0006865204C65667450756D70536572696196
:105D00006C4E756D6265724861734265656E44697B
:105D10007370656E7365642C20616E642073746F9C
:105D2000726520746865206E65772073657269619D
:105D30006C204C65667450756D7053657269616C4A
:105D40004E756D6265725B355D0053657269616C9D
:105D5000206E756D62657273206D617463682C20AE
:105D60007765277665207365656E20746869732092
:105D7000626F74746C65206265666F726521005590
:105D800070646174696E67204C65667450756D70DF
:105D900046756C6C426172636F64652077697468E4
:105DA0002066756C6C20626172636F646520647537
:105DB0006520746F206E65772073657269616C2051
:105DC0006E756D6265722E004C65667450756D70EF
:105DD00053657269616C4E756D626572486173429C
:105DE00065656E44697370656E736564203D20005F
:105DF000496E76616C696420626172636F64652CC0
:105E00002063616E277420636F6D7061726520621C
:105E10006172636F6465732E0053657269616C20F3
:105E20006E756D6265727320646F206E6F74206D85
:105E3000617463682C20776520686176656E2774CD
:105E40002064697370656E73656420776974682077
:105E50007468697320626F74746C65206265666F24
:105E60007265212020536F20626C616E6B206F750C
:105E7000742074686520526967687450756D70533A
:105E8000657269616C4E756D6265724861734265D9
:105E9000656E44697370656E7365642C20616E6411
:105EA0002073746F726520746865206E6577207347
:105EB000657269616C20526967687450756D7053C2
:105EC000657269616C4E756D6265725B355D00531C
:105ED000657269616C206E756D62657273206D61AB
:105EE0007463682C207765277665207365656E205E
:105EF0007468697320626F74746C65206265666F84
:105F0000726521005570646174696E67205269671B
:105F1000687450756D7046756C6C426172636F6425
:105F20006520776974682066756C6C2062617263A5
:105F30006F64652064756520746F206E65772073CB
:105F4000657269616C206E756D6265722E005269B2
:105F500067687450756D7053657269616C4E756DCC
:105F60006265724861734265656E44697370656EFF
:105F7000736564203D2000496E76616C696420621F
:105F80006172636F64652C2063616E277420636F98
:105F90006D7061726520626172636F6465732E005B
:105FA0003A3130313A24005E7363616E5F62617230
:105FB000636F64655F726573703A337C7375636396
:105FC0006573733A003A3130313A24005E7363618D
:105FD0006E5F626172636F64655F726573703A339E
:105FE0007C737563636573733A007363616E5F629C
:105FF0006172636F6465004672657368204C656604
:106000007420426172636F6465205265616420721E
:10601000657475726E6564206E6F7468696E672052
:106020006F72204E522C204C65667450756D704214
:106030006172636F64654F76657272696465206929
:1060400073206F6E2C2072657475726E696E672096
:1060500073746F7265642076616C75652000656D80
:10606000707479007363616E5F616C6C00656D7054
:106070007479004672657368204C656674204261CD
:1060800072636F6465205265616420726574757215
:106090006E656420696E76616C6964206461746108
:1060A0002C204C65667450756D70426172636F642C
:1060B000654F76657272696465206973206F6E2C16
:1060C0002072657475726E696E672073746F726585
:1060D000642076616C75652000426172636F64654F
:1060E000206E6F742076616C69642C2069676E6F16
:1060F0007265643A20007C007C207673207C004628
:106100006F756E6420444946464552454E542042C0
:106110006172636F6465207C007363616E5F616CA4
:106120006C004E52003A3130323A24005E736361A3
:106130006E5F626172636F64655F726573703A333C
:106140007C737563636573733A003A3130323A2475
:10615000005E7363616E5F626172636F64655F723C
:106160006573703A337C737563636573733A007358
:1061700063616E5F626172636F646500467265732E
:106180006820526967687420426172636F64652099
:10619000526561642072657475726E6564206E6FFD
:1061A0007468696E67206F72204E522C20526967A6
:1061B000687450756D70426172636F64654F766587
:1061C0007272696465206973206F6E2C2072657429
:1061D00075726E696E672073746F72656420766184
:1061E0006C75652000656D707479007363616E5F16
:1061F000616C6C00656D707479004672657368201F
:10620000526967687420426172636F6465205265E9
:1062100061642072657475726E656420696E766162
:106220006C696420646174612C20526967687450E1
:10623000756D70426172636F64654F7665727269E5
:106240006465206973206F6E2C2072657475726EA0
:10625000696E672073746F7265642076616C756512
:106260002000426172636F6465206E6F74207661F6
:106270006C69642C2069676E6F7265643A20007CDB
:10628000007C207673207C00466F756E6420444944
:1062900046464552454E5420426172636F64652004
:1062A0007C007363616E5F616C6C004E5200456EE2
:1062B00064207363616E5F626172636F6465206600
:1062C000756E6374696F6E2E205261772062617201
:1062D000636F6465207363616E6E65643A20004489
:1062E0004554454354454420424152434F44452080
:1062F0004F4E20324E44205343414E204F4E2053A8
:106300004C4F54200043616E6973746572206E6F48
:106310007420616C69676E65642077697468696E62
:10632000205265616446726F6D426172636F64658D
:106330005363616E6E6572205245545259206166F6
:1063400074657220747269676765722C206E65656A
:106350006420746F2064697363617264207468657B
:10636000207363616E2E0043616E697374657220E1
:106370006E6F7420616C69676E65642077697468FC
:10638000696E205265616446726F6D426172636F1F
:1063900064655363616E6E65722052455452592094
:1063A0006265666F726520747269676765722C201A
:1063B0006E65656420746F20646973636172642024
:1063C000746865207363616E2E0052657472792063
:1063D000312C204E6F20426172636F646520466FDE
:1063E000756E64210043616E6973746572206E6F0F
:1063F0007420616C69676E65642077697468696E82
:10640000205265616446726F6D426172636F6465AC
:106410005363616E6E65722061667465722074727A
:1064200069676765722C206E65656420746F2064EF
:1064300069736361726420746865207363616E2E92
:106440000043616E6973746572206E6F7420616CB5
:1064500069676E65642077697468696E205265614A
:106460006446726F6D426172636F64655363616EFF
:106470006E6572206265666F726520747269676707
:1064800065722C206E65656420746F206469736387
:1064900061726420746865207363616E2E004445E8
:1064A00054454354454420424152434F4445204FB4
:1064B0004E20324E44205343414E204F4E20534CE9
:1064C0004F54200043616E6973746572206E6F745F
:1064D00020616C69676E65642077697468696E20F5
:1064E0005265616446726F6D426172636F64655399
:1064F00063616E6E65722052455452592061667414
:10650000657220747269676765722C206E656564B8
:1065100020746F20646973636172642074686520FD
:106520007363616E2E0043616E6973746572206ED1
:106530006F7420616C69676E65642077697468693F
:106540006E205265616446726F6D426172636F6462
:10655000655363616E6E65722052455452592062D4
:1065600065666F726520747269676765722C206E4C
:1065700065656420746F206469736361726420745C
:106580006865207363616E2E0052657472792031E4
:106590002C204E6F20426172636F646520466F75D8
:1065A0006E64210043616E6973746572206E6F744E
:1065B00020616C69676E65642077697468696E2014
:1065C0005265616446726F6D426172636F646553B8
:1065D00063616E6E657220616674657220747269A3
:1065E000676765722C206E65656420746F2064692E
:1065F000736361726420746865207363616E2E003A
:1066000043616E6973746572206E6F7420616C698A
:10661000676E65642077697468696E20526561648D
:1066200046726F6D426172636F64655363616E6E33
:106630006572206265666F7265207472696767654E
:10664000722C206E65656420746F206469736361C9
:10665000726420746865207363616E2E003A2400B2
:106660005E7363616E5F626172636F64655F7265C2
:1066700073703A337C6661696C7572653A666169FC
:106680006C7572653A003A24005E7363616E5F62F6
:106690006172636F64655F726573703A337C6661C3
:1066A000696C7572653A6661696C7572653A003A33
:1066B00024005E7363616E5F626172636F64655F25
:1066C000726573703A337C737563636573733A658F
:1066D0006D7074793A003A24005E7363616E5F6294
:1066E0006172636F64655F726573703A337C737552
:1066F00063636573733A656D7074793A00736361AF
:106700006E5F626172636F646500656D70747900BD
:106710007363616E5F616C6C00656D7074790042CB
:106720006172636F6465206E6F742076616C69645A
:106730002C2069676E6F7265643A20003A24003A33
:10674000005E7363616E5F626172636F64655F7246
:106750006573703A337C737563636573733A003A9B
:1067600024003A005E7363616E5F626172636F64FE
:10677000655F726573703A337C73756363657373B9
:106780003A007363616E5F626172636F6465007C7F
:10679000007C207673207C00466F756E642044492F
:1067A00046464552454E5420426172636F646520EF
:1067B0007C007363616E5F616C6C004E52004361DC
:1067C0006E6973746572206E6F7420616C69676E98
:1067D00065642C2064697363617264696E672074F8
:1067E0006865207363616E206F6620736C6F742020
:1067F00023002C20536F757468636F204C617463A1
:1068000068203D20002C2052656C6F6164446F6FDE
:10681000724F70656E203D2000496E207363616E7B
:106820005F626172636F64652066756E6374696F21
:106830006E2120536C6F742023006C6F636B656452
:1068400000756E6C6F636B6564003A2400636C6F57
:106850007365643A006F70656E3A006C6F636B65C8
:106860006400756E6C6F636B6564005E646F6F725D
:106870005F7374617475735F726573703A327C0014
:106880003A2400636C6F7365643A006F70656E3A0A
:10689000005E646F6F725F7374617475735F7265AD
:1068A00073703A327C00646F6F725F7374617475D9
:1068B000730052656C6F6164446F6F72556E6C6FDC
:1068C000636B53656E736550696E203D20005265A1
:1068D0006C6F6164446F6F724F70656E203D200075
:1068E00041313420414D49532D3330353433205616
:1068F00064642052656C6F6164446F6F72436C6FA7
:10690000736564203D20005E76657273696F6E5F0B
:10691000726573703A327C323032352D30372D3219
:10692000395F353050543A353050542E333A2400C4
:106930005E76657273696F6E5F726573703A327CF2
:10694000323032352D30362D31305F35303A3530FA
:106950002E313A240076657273696F6E00414C45A2
:1069600052543A204E6F2046697277617265205604
:10697000657273696F6E2052657475726E656421FD
:10698000204C6F676963204572726F7221005E76DA
:10699000657273696F6E5F726573703A327C323004
:1069A00032352D30372D32395F353050543A35304D
:1069B00050542E333A24005E76657273696F6E5FB1
:1069C000726573703A327C323032352D30362D316B
:1069D000305F35303A35302E313A2400496E20761A
:1069E000657273696F6E5F66756E6374696F6E2032
:1069F00066756E6374696F6E21004F766572726999
:106A000064655769706572537769746368203D20C7
:106A100000426C61636B426F776C44697374616EA2
:106A20006365203D20005768697465426F776C4448
:106A3000697374616E6365203D20004F435232419B
:106A400054696D6572436F756E746572203D2000E8
:106A50004D6963726F5374657073203D20005374E9
:106A6000657070657250756D704D617853706565B5
:106A700064203D2000546869726450756D705365E0
:106A80007269616C4E756D626572486173426565CD
:106A90006E44697370656E736564203D20005269B1
:106AA00067687450756D7046756C6C426172636F87
:106AB00064655B5D203D2000526967687450756DA8
:106AC00070426172636F64654F7665727269646566
:106AD000203D2000526967687450756D705365726F
:106AE00069616C4E756D6265725B5D203D20005280
:106AF0006967687450756D7053657269616C4E7525
:106B00006D6265724861734265656E446973706554
:106B10006E736564203D20004C65667450756D7021
:106B200046756C6C426172636F64655B5D203D20ED
:106B3000004C65667450756D70426172636F646578
:106B40004F76657272696465203D20004C656674FD
:106B500050756D7053657269616C4E756D626572CA
:106B60005B5D203D20004C65667450756D7053650B
:106B70007269616C4E756D626572486173426565DC
:106B80006E44697370656E736564203D2000496EC4
:106B90007374616C6C4D6F6465203D20004F7665A9
:106BA00072726964655246494449664974446F6526
:106BB000736E745265616450726F7065726C792087
:106BC0003D2000675369646550616E656C4272696F
:106BD0006768746E657373203D2000536964655067
:106BE000616E656C4272696768746E657373203D8F
:106BF000200048617352656C6F6164446F6F724C22
:106C00006F636B203D20004973426C61636B426F80
:106C1000776C41726561203D20002C20436F756EBA
:106C200074203D200041766572616765206F6620A3
:106C30006E6F6E2D7A65726F20496E697469616C32
:106C40004163747561746F72506F736974696F6EAC
:106C500073203D20005D203D200053657269616C0A
:106C60004E756D626572735B005D203D200053655B
:106C70007269616C4E756D626572486173426565DB
:106C80006E44697370656E7365645B005D203D20C2
:106C900000496E697469616C4163747561746F72E7
:106CA000506F736974696F6E735B00496E697469C4
:106CB000616C4163747561746F72506F736974694C
:106CC0006F6E203D20005363616C655F43616C69AA
:106CD00062726174696F6E5F576569676874203DA1
:106CE00020005363616C655F43616C69627261741B
:106CF000696F6E5F32303067203D20005363616CF6
:106D0000655F43616C6962726174696F6E5F5A6539
:106D1000726F203D20005363616C655F43616C6955
:106D200062726174696F6E203D200046575F425564
:106D3000494C44203D200044697370656E73657250
:106D40005F4D6F64656C5F4D696E6F72203D200012
:106D500044697370656E7365725F4D6F64656C5FD7
:106D60004D616A6F72203D200044697370656E73D7
:106D700065725F53657269616C203D200045455026
:106D800050524F4D5F56455253494F4E203D2000C3
:106D9000476574414D54323033456E636F6465729C
:106DA000506F736974696F6E20414D543230336394
:106DB000757272656E74506F736974696F6E3A2084
:106DC0000052617720414D543230336375727265E1
:106DD0006E74506F736974696F6E3A2000526573F8
:106DE00065742041726475696E6F20746F207265DE
:106DF00073746172742070726F6772616D2E0045DA
:106E000072726F72206F627461696E696E67207052
:106E10006F736974696F6E2E00446F6E65207A65BA
:106E2000726F696E6720656E636F6465722C2043B4
:106E3000757272656E7420706F736974696F6E3AE3
:106E4000200052657365742041726475696E6F200D
:106E5000746F20726573746172742070726F6772E0
:106E6000616D2E004572726F72206F627461696E7F
:106E7000696E6720706F736974696F6E2E00342EAF
:106E80002E2E00332E2E2E00322E2E2E00312E2EA0
:106E90002E00292E2E2E206D6179206E65656420CE
:106EA000746F20706F776572206379636C65206101
:106EB0006674657220746869732E00414C455254A3
:106EC0003A20476F696E6720746F207A65726F2071
:106ED00074686520414D5432303320656E636F64B1
:106EE0006572206E6F7720285072696F7220506F24
:106EF000736974696F6E203D2000436F7272656321
:106F000074656420414D5432323220456E636F64A3
:106F100065723A2000414D5432323220456E636F23
:106F20006465723A2000414D5432323220726561FC
:106F300064206572726F722E20417474656D707476
:106F4000733A2000446F6E65207A65726F696E67D0
:106F500020656E636F6465722C2043757272656E76
:106F60007420706F736974696F6E3A20002900474E
:106F70006F696E6720746F207A65726F2074686520
:106F800020414D5432323220656E636F6465722049
:106F90006E6F7720285072696F7220506F7369741A
:106FA000696F6E203D20002900414C4552543A2023
:106FB000476F696E6720746F207A65726F207468FE
:106FC0006520414D5432323220656E636F646572C4
:106FD000206E6F7720285072696F7220506F73692E
:106FE00074696F6E203D20003A24005E6163747501
:106FF00061746F725F706F736974696F6E5F7265D1
:1070000073703A327C6661696C7572653A003A2435
:10701000005E6163747561746F725F706F73697421
:10702000696F6E5F726573703A327C6661696C7508
:1070300072653A003A24005E6163747561746F7220
:107040005F706F736974696F6E5F726573703A32E7
:107050007C737563636573733A003A24005E616301
:10706000747561746F725F706F736974696F6E5F4E
:10707000726573703A327C737563636573733A003B
:10708000456E64696E67204163747561746F722028
:10709000506F736974696F6E203D20005374617284
:1070A00074696E67204163747561746F7220506FEC
:1070B000736974696F6E203D20005E616374756151
:1070C000746F725F686F6D655F726573703A357C5F
:1070D000737563636573733A003A2400486F6D6596
:1070E0004163747561746F72207761732073756387
:1070F0006365737366756C212020426F746820612C
:1071000063747561746F727320656E646564207555
:10711000702E005E6163747561746F725F686F6D6D
:10712000655F726573703A357C72616E67653A00AF
:107130003A2400414C4552543A20486F6D654163F2
:10714000747561746F7220776173204E4F54207391
:1071500075636365737366756C2C20416374756128
:10716000746F7220456E636F6465722052616E6742
:1071700065203C2032207768656E2073686F756CDF
:1071800064206265207E3230302D333030005E6105
:1071900063747561746F725F686F6D655F7265733C
:1071A000703A357C6661696C7572653A003A240004
:1071B0002C204163747561746F724F7574657255DC
:1071C000704F70746F203D2000414C4552543A205E
:1071D000486F6D654163747561746F722077617378
:1071E000204E4F54207375636365737366756C2C02
:1071F0002062656361757365206163747561746F86
:10720000727320617265206E6F7420626F746820E3
:1072100075702E20204163747561746F72496E6EB3
:10722000657255704F70746F203D20005375626F0A
:107230007074696D616C206F7269656E74617469D8
:107240006F6E2C207265636F6D6D656E6420666C69
:107250006970206163747561746F722031383020F9
:107260006465677265657320736F2074686174204C
:107270006D617820746F72717565206973206F6E0F
:10728000206F7574657220736C6F74732073696EF0
:10729000636520746865792772652075736564205D
:1072A0006D6F7265206F6674656E2E00476F6F6438
:1072B000206F7269656E746174696F6E2C206D61E8
:1072C0007820746F72717565206F6E206F757465AC
:1072D0007220736C6F74732073696E6365207468B9
:1072E00065792772652075736564206D6F726520FE
:1072F0006F6674656E2E002C204163747561746F27
:1073000072446972656374696F6E496E6E6572442A
:107310006F776E4F757465725570203D2000456E15
:1073200064206F6620486F6D696E672041637475D5
:1073300061746F722C20456E636F646572203D200E
:107340000046696E616C204163747561746F7220D0
:10735000706F736974696F6E2061667465722068FE
:107360006F6D6520746F20302069732000436F6E4D
:107370006669726D696E67206E657720706F7369DC
:1073800074696F6E20697320002C20736F206E6506
:107390007720706F736974696F6E20697320002C99
:1073A00020736F2074616B65207468652064696662
:1073B000666572656E636520696E207A65726F20FE
:1073C000706F696E747320616E642061646A757396
:1073D00074206974206279200043757272656E743E
:1073E0006C7920617420002C20736F2073657420E9
:1073F0007A65726F20706F696E742062657477654C
:10740000656E207468652074776F2C20617420008D
:1074100020746F20004163747561746F7220456E33
:10742000636F6465722072616E6765206973200006
:107430004163747561746F7220456E636F64657229
:107440002052616E6765203C2032207768656E208F
:1074500073686F756C64206265207E3230302D3326
:1074600030302E20436865636B204163747561740E
:107470006F7220456E636F64657220576972657321
:107480002028342070696E20636F6E6E6563746FA0
:1074900072292E20204966206163747561746F72B1
:1074A0007320646964206E6F74206D6F76652C2084
:1074B000636865636B206163747561746F72206DBE
:1074C0006F746F722077697265732028322070693B
:1074D0006E20636F6E6E6563746F72292E005E613D
:1074E00063747561746F725F686F6D655F726573E9
:1074F000703A357C6661696C7572653A003A2400B1
:10750000414C4552543A20426F746820616374754F
:1075100061746F72206F70746F7320726561642084
:10752000646F776E202D2074686973206973206101
:107530006E206572726F7220636173652E20204722
:107540006F696E6720746F2073746F7020616E6452
:107550002072657475726E206661696C7572652043
:107560006F6E20486F6D654163747561746F722131
:10757000005374616C6C6564206D6F726520746873
:10758000616E2035302074696D65732C20657869D3
:1075900074696E672074686973206C6F6F702E0059
:1075A0005374616C6C656421204E65656420746F52
:1075B00020676F20696E206F74686572206469723D
:1075C000656374696F6E206E6F772C20616E642026
:1075D00072657665727365206C6F6769632E004F04
:1075E000757465722075702C20696E6E65722064EA
:1075F0006F776E202D20736F206D6F766520696E1A
:107600006E657220757020666972737420746F20C5
:107610006D616B65206F7574657220676F20646F94
:10762000776E005374616C6C6564206D6F726520B9
:107630007468616E2035302074696D65732C206527
:10764000786974696E67207468697320326E64208B
:107650006C6F6F7020616E642073657474696E67FF
:1076600020746865206F7468657220736964652E84
:1076700000095573696E672072657665727365647B
:10768000206C6F6769632C2077616974656420667C
:107690006F7220496E6E657220746F20676F206470
:1076A0006F776E20686572652073696E6365206F01
:1076B000757465722077656E7420646F776E2069CB
:1076C0006E2070726576696F7573206C6F6F702EA7
:1076D000005374616C6C6564206D6F726520746812
:1076E000616E2035302074696D65732C2065786972
:1076F00074696E672074686973206C6F6F702E00F8
:107700005374616C6C656421204E65656420746FF0
:1077100020676F20696E206F7468657220646972DB
:10772000656374696F6E206E6F772C20616E6420C4
:1077300072657665727365206C6F6769632E0009E8
:107740004F757465722077656E7420646F776E2054
:107750007768656E20657870656374696E67206907
:107760006E6E65722E2020526576657273696E6743
:10777000206C6F6769632E0009496E6E6572206424
:107780006F776E2C2073746F7070696E67206669F6
:10779000727374206C6F6F70004163747561746FE5
:1077A000724F7574657255704F70746F20697320D5
:1077B000646F776E20616C72656164792E20204D54
:1077C0006F76696E6720697420757020616E642021
:1077D000496E6E657220646F776E2E00426F74681A
:1077E000206172652075702C20636F756C64206752
:1077F0006F20656974686572206469726563746975
:107800006F6E2E202043686F6F73696E6720496E1C
:107810006E657220446F776E2E002C204163747564
:1078200061746F72446972656374696F6E496E6EDC
:107830006572446F776E4F757465725570203D2088
:10784000005374617274206F6620486F6D696E67B3
:10785000204163747561746F722C20456E636F6490
:107860006572203D200046696E616C2052474220BF
:107870004F75743A09005269676874436F6C6F7290
:1078800050756C7365496E3A09004C656674436FB8
:107890006C6F7250756C7365496E3A090046616988
:1078A0006C656420746F2067657420337820646988
:1078B0007374616E63652072656164696E677320BD
:1078C000696E2052656164436F6C6F7253656E73AD
:1078D0006F72732C20617373756D696E67206365B9
:1078E0006E74657265642E000941766752616E6739
:1078F000653A09000952616E6765333A0900095219
:10790000616E6765323A090052616E6765313A0906
:1079100000446F2066756C6C2057484954452072AE
:10792000656164696E6700446F20616D6269656EB0
:1079300074206C696768742072656164696E672081
:1079400077697468204E656F506978656C73204F55
:10795000464600436F6C6F722073656E736F72736F
:10796000206E6F7420696E7374616C6C65642C207A
:1079700064656661756C74696E6720746F20524728
:1079800042282D312C2D312C2D3129000A4C6F61CC
:10799000642043656C6C2053616D706C696E672068
:1079A0006661696C7572652C2052656164696E67E9
:1079B00073206E6F742077697468696E2037352E76
:1079C00030206772616D7320696E20302E31207314
:1079D00065632E2053616D706C657320283130789B
:1079E000204144432076616C75657320666972732B
:1079F000742C207468656E2031307820696E2067A1
:107A000072616D73293A0900094E65772053616DE3
:107A1000706C65733A09000A54776F2042616420E4
:107A200053616D706C65732C20676F696E6720748D
:107A30006F207265706C61636520776974682032AD
:107A4000206E65772073616D706C65733A09000A6A
:107A500054776F204261642053616D706C657320B0
:107A60006661696C7572652C20676F696E6720743A
:107A70006F207265706C616365207769746820326D
:107A8000206E65772073616D706C65733A09002A0A
:107A90002A2A4641494C45442A2A2A005E746573C5
:107AA000745F7363616C655F6E6F6973655F726548
:107AB00073703A317C6661696C7572653A24005E58
:107AC000746573745F7363616C655F6E6F69736512
:107AD0005F726573703A317C6661696C7572653A84
:107AE00024002A2A2A5041535345442A2A2A005E58
:107AF000746573745F7363616C655F6E6F697365E2
:107B00005F726573703A317C737563636573733A42
:107B100024005E746573745F7363616C655F6E6F80
:107B20006973655F726573703A317C737563636501
:107B300073733A2400546172676574206973206C12
:107B4000657373207468616E20302E312067202F9A
:107B500020313030206D672C20736F20746869737A
:107B600020746573742000417665726167652044F6
:107B70006966666572656E636520286D67293A20BF
:107B80000041766572616765204469666665726565
:107B90006E6365202867293A200041766572616727
:107BA00065205765696768743A20004D6561737593
:107BB00072696E67206C6F61642063656C6C206E07
:107BC0006F6973652C203230302073616D706C6585
:107BD000732C2073616D706C6573207065722072F8
:107BE000656164696E67203D200009616C69676E9C
:107BF0006D656E740900094765744F75746572523E
:107C0000656C6F6164536C6F740900436865636BE6
:107C1000696E67204F7574657252656C6F61644957
:107C200073416C69676E656428293A204765744F13
:107C30007574657252656C6F6164536C6F744173D7
:107C4000466C6F6174090009616C69676E6D656EE1
:107C500074090009476574496E6E657252656C6FF0
:107C60006164536C6F740900436865636B696E6788
:107C700020496E6E657252656C6F61644973416C28
:107C800069676E656428293A20476574496E6E6598
:107C90007252656C6F6164536C6F744173466C6FA4
:107CA0006174090009496E6E6572536C6F745F48A8
:107CB000696768203D2009004F75746572536C6FC9
:107CC000745F48696768203D20090009496E6E6548
:107CD00072536C6F745F4C6F77203D2009004F75B5
:107CE000746572536C6F745F4C6F77203D20090090
:107CF00009496E6E6572536C6F74203D2009004F08
:107D000075746572536C6F74203D20090009446FCF
:107D10006F724F70656E6564456E636F6465725314
:107D2000746570706572506F735F4C6F77203D2083
:107D3000090009446F6F724F70656E6564456E632C
:107D40006F64657253746570706572506F735F48CD
:107D5000696768203D200900446F6F724F70656E3F
:107D60006564456E636F64657253746570706572A7
:107D7000506F73203D200900094163747561746F71
:107D8000724F7574657255704F70746F203D200985
:107D900000094163747561746F72496E6E65725546
:107DA000704F70746F203D200900094361726F7538
:107DB00073656C486F6D65203D200900094163744F
:107DC0007561746F72506F73203D20090009414D39
:107DD00054323232506F736974696F6E0900094111
:107DE0004D54323033506F736974696F6E090009F6
:107DF0004361726F7573656C447269766572506F1A
:107E0000736974696F6E09004361726F7573656C95
:107E1000456E636F646572506F736974696F6E0944
:107E200000484F4D494E4720444944204E4F54206E
:107E3000574F524B2050524F5045524C5921202001
:107E4000574520415245204E4F542041542054481C
:107E50004520484F4D454341524F5553454C204FC7
:107E600050544F204255542053484F554C442042C3
:107E70004521204F72207765206E65766572206DF2
:107E80006F766564206F6666206F66206974207067
:107E9000726F7065726C792E204F72206D6F746FE7
:107EA0007220656E636F646572206F722063656E09
:107EB00074657220656E636F6465722069732062F9
:107EC00061642E20536565206D657373616765730A
:107ED0002061626F76652E00486F6D654361726F39
:107EE0007573656C2073657175656E636520737558
:107EF000636365737366756C2E0009416374756105
:107F0000746F724F7574657255704F70746F203D49
:107F1000200900094163747561746F72496E6E6562
:107F20007255704F70746F203D20090009436172D3
:107F30006F7573656C486F6D65203D2009000961A0
:107F40006363656C537465707065722E63757272CD
:107F5000656E74506F736974696F6E2829203D20B7
:107F6000090053746570706572506F7330203D2046
:107F7000090009486F6D654361726F7573656C45E3
:107F80006E636F646572506F736974696F6E203DC4
:107F900020090009486F6D654361726F7573656CE8
:107FA00053746570706572506F736974696F6E2079
:107FB0003D200900096669727374486F6D654361FD
:107FC000726F7573656C456E636F646572506F7325
:107FD0006974696F6E203D20090066697273744888
:107FE0006F6D654361726F7573656C537465707006
:107FF0006572506F736974696F6E203D200900418E
:108000004C4552543A2043656E7465724D6F746FDF
:1080100072456E636F646572206973206261642CBF
:108020002069742073686F756C64206861766520C0
:108030006D6F766564203533206F722037332028CA
:1080400031302D3930292062757420696E73746562
:108050006164206D6F7665642043656E746572455A
:108060006E636F646572446966666572656E6365AA
:10807000203D2000414C4552543A204361726F75B7
:1080800073656C4D6F746F72456E636F64657220BB
:108090006973206261642C2069742073686F756C49
:1080A000642068617665206D6F76656420373520C1
:1080B0002836352D3835292062757420696E737421
:1080C000656164206D6F766564204361726F7573BE
:1080D000656C456E636F646572446966666572655A
:1080E0006E6365203D2000414C4552543A20486F54
:1080F0006D6520466C6167204661696C6564205738
:108100006964746820436865636B202D204368654B
:10811000636B2074686174206361726F7573656C42
:10812000207368656C66206973206C6F636B65648F
:1081300020696E20666C617420616E64206C6F77BC
:108140002C20616E64206C6F61642063616E732EFD
:108150002020436F6E6669726D2064697370656E6E
:108160007365722069732073697474696E67206621
:108170006C6174206F6E20697473203420666565AD
:10818000742E20204F7220636865636B20666F72C7
:108190002065787472612068616E67696E6720631C
:1081A00068616420756E646572206361726F7573B7
:1081B000656C2E00414C4552543A204361726F75F4
:1081C00073656C486F6D652053656E736F722053D5
:1081D0007475636B204F46462F4E4F5420484F4DC9
:1081E0004500414C4552543A204361726F757365A6
:1081F0006C486F6D652053656E736F722053747594
:10820000636B204F4E2F484F4D45004469645765BE
:10821000456E644F6E486F6D65203D2009004469CE
:108220006457654261636B4F666641776179467258
:108230006F6D486F6D65203D200900446964576586
:10824000536565486F6D655468654669727374540B
:10825000696D65203D20090009576173486F6D65A0
:10826000466C616750726F706572576964746820FC
:108270003D200900094361726F7573656C486F6D2D
:10828000654174486F6D65203D2009000953746590
:1082900070706572506F736974696F6E4166746552
:1082A000724D6F76653730203D20090009437572A5
:1082B00072656E744D6963726F73746570506F731D
:1082C0006974696F6E4166746572486F6D65203DB3
:1082D000200900486F6D65466C6167576964746872
:1082E0003A20486F6D654361726F7573656C5374A6
:1082F0006570706572506F736974696F6E203D2090
:1083000009000943656E746572456E636F6465723A
:10831000446966666572656E6365203D20090009E3
:108320004361726F7573656C456E636F646572440B
:108330006966666572656E6365203D200900094FB8
:108340006666486F6D6543656E746572456E636FF2
:10835000646572506F736974696F6E203D20090007
:10836000094F6666486F6D654361726F7573656C22
:10837000456E636F646572506F736974696F6E20C8
:108380003D200900094F6666486F6D65537465703E
:10839000706572506F736974696F6E203D200900BB
:1083A000096669727374486F6D6543656E746572B2
:1083B000456E636F646572506F736974696F6E2088
:1083C0003D200900096669727374486F6D654361E9
:1083D000726F7573656C456E636F646572506F7311
:1083E0006974696F6E203D200900436865636B699D
:1083F0006E6720656E636F646572733A206669729A
:108400007374486F6D654361726F7573656C5374F7
:108410006570706572506F736974696F6E203D206E
:108420000900414C4552543A205374616C6C696E9A
:108430006720646574656374656420696E20486FA5
:108440006D654361726F7573656C2C206469646E31
:108450002774206D6F7665206174206C656173747C
:108460002032303020656E636F64657220636F75F3
:108470006E747320696E2031207365632E00414C49
:108480004552543A2052656C6F6164446F6F724F6D
:1084900070656E207768656E20747279696E6720EA
:1084A000746F20486F6D654361726F7573656C2ED4
:1084B00020436C6F73652072656C6F616420646F1C
:1084C0006F7220616E642074727920616761696ED9
:1084D0002E00546F6F206D616E7920476F546F507E
:1084E0006F736974696F6E20726574726965732049
:1084F0002D206572726F72696E67206F75742077B8
:10850000697468206D69736D617463682062657455
:108510007765656E20414D5431303220616E6420A4
:10852000414D543230332F414D54323232206F722C
:10853000206A757374206469646E2774206765749B
:1085400020746F207461726765742E20476F546FBA
:10855000506F736974696F6E204661696C757265DE
:108560002E005265686F6D696E6720737563636571
:10857000737366756C2C20676F696E6720746F204B
:108580007472792074686520476F546F506F7369F7
:1085900074696F6E20616761696E2E005265686F45
:1085A0006D696E67206661696C65642C2067697609
:1085B000696E67207570206F6E2074686520636136
:1085C000726F7573656C206D6F76656D656E742E58
:1085D0000043656E74657220656E636F646572201A
:1085E0006D69736D617463682C20676F696E6720B5
:1085F000746F207265686F6D6520746865206361B3
:10860000726F7573656C20616E642074727920617D
:108610006761696E0020616E642061637475616CCE
:10862000206F6620005265747279696E67207468E5
:1086300065206361726F7573656C206D6F76656D13
:10864000656E742064756520746F2063656E746553
:108650007220656E636F646572206D69736D6174FD
:108660006368202D20736C697070696E6720636584
:108670006E74657220656E636F6465722E204C693E
:108680006D6974206F6620005265747279696E6737
:1086900020746865206361726F7573656C206D6FFF
:1086A00076656D656E742064756520746F207374D3
:1086B0006570706572206D6F746F7220656E636F88
:1086C000646572206D69736D61746368202D206C20
:1086D000696B656C79207374616C6C6564206D6F77
:1086E000746F722C20746F6F2068656176792C200E
:1086F000746F6F206D756368206672696374696F4B
:108700006E2C206F7220626164206D6F746F722016
:108710006D6F756E7420616C69676E6D656E742F18
:10872000737072696E672E204C696D6974206F6674
:1087300020323020616E642061637475616C206F3B
:10874000662000414D5432323220456E636F6465BD
:108750007220506F736974696F6E204572726F7208
:10876000206F66200054617267657420414D543259
:10877000323220456E636F64657220506F73697486
:10878000696F6E206F66200043757272656E74208B
:10879000414D5432323220456E636F646572205011
:1087A0006F736974696F6E206F662000414D54329B
:1087B000303320456E636F64657220506F73697447
:1087C000696F6E204572726F72206F66200054616F
:1087D0007267657420414D5432303320456E636FAB
:1087E00064657220506F736974696F6E206F6620C4
:1087F0000043757272656E7420414D5432303320DF
:10880000456E636F64657220506F736974696F6E33
:10881000206F6620005374657070657220456E632A
:108820006F64657220506F736974696F6E20457252
:10883000726F72206F66200043757272656E7420CD
:108840005374657070657220456E636F6465722045
:10885000506F736974696F6E206F66200053746582
:10886000707065722044726976657220506F73690A
:1088700074696F6E204572726F72206F66200043BC
:10888000757272656E7420537465707065722044E1
:10889000726976657220506F736974696F6E206FAC
:1088A0006620004361726F7573656C206D6F76652D
:1088B0006D656E74206661696C6564202D2073742B
:1088C0006F7070696E672E2020456974686572202C
:1088D0006E6F206D6F76656D656E742061742061BA
:1088E0006C6C20283C352073746570732073696E3E
:1088F0006365206C61737420353030206D7365635F
:10890000292C206F7220706F736974696F6E2064F8
:108910006576696174696F6E2066726F6D20776825
:108920006572652073686F756C642062652076736C
:108930002077686572652061726520626173656485
:10894000206F6E20656E636F6465722E0046696EDF
:10895000616C2052657472792023342C206C6F77FF
:108960006572696E6720616363656C6572617469C5
:108970006F6E20616E642072616973696E67206D2D
:108980006F76652063757272656E742E0052657421
:1089900072792023332C206C6F776572696E6720A3
:1089A000616363656C65726174696F6E20616E648A
:1089B0002072616973696E67206D6F7665206375DB
:1089C0007272656E742E0052657472792023322C97
:1089D000206C6F776572696E6720616363656C6593
:1089E000726174696F6E20616E642072616973696F
:1089F0006E67206D6F76652063757272656E742E7A
:108A00000052657472792023312C206C6F77657267
:108A1000696E6720616363656C65726174696F6E0E
:108A200020616E642072616973696E67206D6F7674
:108A3000652063757272656E742E002E2044697312
:108A400074616E636546726F6D5461726765742000
:108A50003D2000292043616C6C65642C20437572B5
:108A600072656E7420506F736974696F6E203D205B
:108A700000476F546F506F736974696F6E456E6312
:108A80006F64657228002E2044697374616E63659B
:108A900046726F6D546172676574203D2000292015
:108AA00043616C6C65642C2043757272656E742032
:108AB000506F736974696F6E203D2000476F546F6B
:108AC000506F736974696F6E280044697374616EC6
:108AD000636546726F6D5461726765744D696E753A
:108AE00073203D20090044697374616E63654672AA
:108AF0006F6D546172676574506C7573203D200909
:108B00000044697374616E636546726F6D5461727F
:108B1000676574203D20090043757272656E74505C
:108B20006F736974696F6E203D200900546172672C
:108B30006574506F736974696F6E203D200900542D
:108B40007279696E6720746F20486F6D654361723A
:108B50006F7573656C2C2073696E63652069742072
:108B60006861736E277420737563636573736675CC
:108B70006C6C7920686F6D6564207965742E00498E
:108B80006E76616C696420736C6F74206E756D62B3
:108B9000657220666F7220353020736C6F742064AC
:108BA000697370656E7365723A20536C6F74200040
:108BB000496E76616C696420736C6F74206E756D9C
:108BC00062657220666F7220353020736C6F74207E
:108BD00064697370656E736572003A24005E746533
:108BE00073745F6361726F7573656C5F66726963DE
:108BF00074696F6E5F726573703A327C6661696C1E
:108C00007572653A003A24005E746573745F63613F
:108C1000726F7573656C5F6672696374696F6E5F9E
:108C2000726573703A327C6661696C7572653A0080
:108C30003A24005E746573745F6361726F75736567
:108C40006C5F6672696374696F6E5F726573703AA8
:108C5000327C737563636573733A003A24005E7403
:108C60006573745F6361726F7573656C5F6672695B
:108C70006374696F6E5F726573703A327C7375638B
:108C8000636573733A00656E636F646572537465F0
:108C900070706572506F73206F7574206F662072EC
:108CA000616E6765202D2073657474696E67206E30
:108CB000657720656E636F64657253746570706567
:108CC00072506F73206F66200043757272656E7408
:108CD000506F736974696F6E206F7574206F6620B2
:108CE00072616E6765202D2073657474696E6720EC
:108CF0006E65772043757272656E7420506F73696C
:108D000074696F6E206F662000656E636F646572B4
:108D100053746570706572506F73206F7574206F37
:108D2000662072616E6765202D2073657474696EAC
:108D300067206E657720656E636F64657253746536
:108D400070706572506F73206F6620004375727289
:108D5000656E74506F736974696F6E206F757420DF
:108D60006F662072616E6765202D2073657474696B
:108D70006E67206E65772043757272656E74205041
:108D80006F736974696F6E206F6620004361726F44
:108D90007573656C206D6F76656D656E74206661A8
:108DA000696C65642E2020536C697070696E672051
:108DB00063757272656E74207761732000414D5443
:108DC00032323220456E636F64657220506F736972
:108DD00074696F6E204572726F72206F6620005446
:108DE000617267657420414D5432323220456E63A2
:108DF0006F64657220506F736974696F6E206F665F
:108E0000200043757272656E7420414D54323232C7
:108E100020456E636F64657220506F736974696F6B
:108E20006E206F662000414D5432303320456E6312
:108E30006F64657220506F736974696F6E2045723C
:108E4000726F72206F6620005461726765742041F2
:108E50004D5432303320456E636F64657220506F1D
:108E6000736974696F6E206F662000437572726556
:108E70006E7420414D5432303320456E636F64650B
:108E80007220506F736974696F6E206F6620005393
:108E900074657070657220456E636F6465722050F2
:108EA0006F736974696F6E204572726F72206F669E
:108EB000200043757272656E74205374657070651E
:108EC0007220456E636F64657220506F73697469B8
:108ED0006F6E206F66200053746570706572204459
:108EE000726976657220506F736974696F6E204580
:108EF00072726F72206F66200043757272656E74B5
:108F000020537465707065722044726976657220B2
:108F1000506F736974696F6E206F662000436172D1
:108F20006F7573656C206D6F76656D656E74206608
:108F300061696C65642C206D757374206861766559
:108F4000207374616C6C65642E20204D6F766520F3
:108F500043757272656E7420746861742069742040
:108F60006661696C65642061742077617320002EEE
:108F70002044697374616E636546726F6D546172EB
:108F8000676574203D2000292043616C6C65642C6A
:108F90002043757272656E7420506F736974696FC7
:108FA0006E203D2000476F546F506F736974696F76
:108FB0006E456E636F64657228002E204469737479
:108FC000616E636546726F6D546172676574203DB2
:108FD0002000292043616C6C65642C2043757272FB
:108FE000656E7420506F736974696F6E203D200048
:108FF000476F546F506F736974696F6E28004469CE
:109000007374616E636546726F6D546172676574E7
:109010004D696E7573203D20090044697374616E5B
:10902000636546726F6D546172676574506C7573D9
:10903000203D20090044697374616E636546726F58
:109040006D546172676574203D200900437572722A
:10905000656E74506F736974696F6E203D200900EE
:10906000546172676574506F736974696F6E203DE7
:10907000200900656E636F64657253746570706576
:1090800072506F73206F7574206F662072616E6707
:1090900065202D2073657474696E67206E65772076
:1090A000656E636F64657253746570706572506F3E
:1090B00073206F66200043757272656E74506F7313
:1090C0006974696F6E206F7574206F662072616EAF
:1090D0006765202D2073657474696E67206E6577EF
:1090E0002043757272656E7420506F736974696F76
:1090F0006E206F662000656E636F646572537465E1
:1091000070706572506F73206F7574206F66207277
:10911000616E6765202D2073657474696E67206EBB
:10912000657720656E636F646572537465707065F2
:1091300072506F73206F66200043757272656E7493
:10914000506F736974696F6E206F7574206F66203D
:1091500072616E6765202D2073657474696E672077
:109160006E65772043757272656E7420506F7369F7
:1091700074696F6E206F6620004361726F7573654E
:109180006C206D6F76656D656E74206661696C65C7
:10919000642E2020536C697070696E67206375724D
:1091A00072656E74207761732000414D5432323203
:1091B00020456E636F64657220506F736974696FC8
:1091C0006E204572726F72206F6620005461726764
:1091D000657420414D5432323220456E636F6465B0
:1091E0007220506F736974696F6E206F6620004340
:1091F000757272656E7420414D5432323220456E64
:10920000636F64657220506F736974696F6E206F4D
:10921000662000414D5432303320456E636F6465E3
:109220007220506F736974696F6E204572726F722D
:10923000206F66200054617267657420414D54327E
:10924000303320456E636F64657220506F736974AC
:10925000696F6E206F66200043757272656E7420B0
:10926000414D5432303320456E636F646572205037
:109270006F736974696F6E206F6620005374657038
:1092800070657220456E636F64657220506F7369FC
:1092900074696F6E204572726F72206F6620004392
:1092A000757272656E7420537465707065722045B6
:1092B0006E636F64657220506F736974696F6E209E
:1092C0006F66200053746570706572204472697611
:1092D000657220506F736974696F6E204572726F8A
:1092E00072206F66200043757272656E742053742D
:1092F00065707065722044726976657220506F7374
:109300006974696F6E206F6620004361726F7573B8
:10931000656C206D6F76656D656E74206661696C35
:1093200065642C206D757374206861766520737494
:10933000616C6C65642E20204D6F766520437572DC
:1093400072656E7420746861742069742066616946
:109350006C65642061742077617320002E2044695D
:109360007374616E636546726F6D54617267657484
:10937000203D2000292043616C6C65642C204375DE
:109380007272656E7420506F736974696F6E203DE0
:109390002000476F546F506F736974696F6E456E2C
:1093A000636F64657228002E2044697374616E6374
:1093B0006546726F6D546172676574203D200029A7
:1093C0002043616C6C65642C2043757272656E7409
:1093D00020506F736974696F6E203D2000476F5491
:1093E0006F506F736974696F6E280044697374619C
:1093F0006E636546726F6D5461726765744D696E18
:109400007573203D20090044697374616E6365467D
:10941000726F6D546172676574506C7573203D2076
:10942000090044697374616E636546726F6D5461BF
:1094300072676574203D20090043757272656E7411
:10944000506F736974696F6E203D2009005461721A
:10945000676574506F736974696F6E203D200900F1
:109460003A24005E756E6A616D5F6361726F757339
:10947000656C5F726573703A327C6661696C757297
:10948000653A003A24005E756E6A616D5F636172D1
:109490006F7573656C5F726573703A327C66616973
:1094A0006C7572653A003A24005E756E6A616D5F94
:1094B0006361726F7573656C5F726573703A327C4D
:1094C000737563636573733A003A24005E756E6A60
:1094D000616D5F6361726F7573656C5F72657370E8
:1094E0003A327C737563636573733A00656E636FBC
:1094F00064657253746570706572506F73206F7518
:1095000074206F662072616E6765202D207365740C
:1095100074696E67206E657720656E636F6465722F
:1095200053746570706572506F73206F66200043CE
:10953000757272656E74506F736974696F6E206FA7
:109540007574206F662072616E6765202D207365CB
:109550007474696E67206E65772043757272656EEC
:109560007420506F736974696F6E206F6620006598
:109570006E636F64657253746570706572506F735B
:10958000206F7574206F662072616E6765202D20D4
:1095900073657474696E67206E657720656E636F9E
:1095A00064657253746570706572506F73206F6676
:1095B000200043757272656E74506F736974696FC1
:1095C0006E206F7574206F662072616E6765202D46
:1095D0002073657474696E67206E657720437572B9
:1095E00072656E7420506F736974696F6E206F6658
:1095F00020004361726F7573656C207374657070C1
:10960000657220656E636F646572206572726F7239
:109610002E2020536C697070696E672063757272BA
:10962000656E74207761732000414D5432323220D0
:10963000456E636F64657220506F736974696F6EF5
:10964000204572726F72206F6620005461726765E8
:109650007420414D5432323220456E636F6465721E
:1096600020506F736974696F6E206F6620004375B8
:109670007272656E7420414D5432323220456E63F1
:109680006F64657220506F736974696F6E206F66C6
:109690002000414D5432303320456E636F64657253
:1096A00020506F736974696F6E204572726F7220FB
:1096B0006F66200054617267657420414D543230EA
:1096C0003320456E636F64657220506F73697469EF
:1096D0006F6E206F66200043757272656E74204154
:1096E0004D5432303320456E636F64657220506F85
:1096F000736974696F6E206F6620005374657070B3
:10970000657220456E636F64657220506F73697473
:10971000696F6E204572726F72206F66200043750C
:109720007272656E74205374657070657220456E38
:10973000636F64657220506F736974696F6E206F18
:109740006620005374657070657220447269766596
:109750007220506F736974696F6E204572726F72F8
:10976000206F66200043757272656E7420537465B5
:10977000707065722044726976657220506F7369EB
:1097800074696F6E206F662000556E6A616D43616B
:10979000726F7573656C206D6F76656D656E742084
:1097A0006661696C65642C206D75737420686176E0
:1097B00065207374616C6C65642E20204D6F766536
:1097C0002043757272656E742074686174206974C8
:1097D000206661696C656420617420776173200084
:1097E0002E2044697374616E636546726F6D5461B7
:1097F00072676574203D2000292043616C6C6564AC
:109800002C2043757272656E7420506F7369746991
:109810006F6E203D2000476F546F506F73697469FD
:109820006F6E456E636F64657228002E2044697305
:1098300074616E636546726F6D5461726765742002
:109840003D2000292043616C6C65642C20437572B7
:1098500072656E7420506F736974696F6E203D205D
:1098600000476F546F506F736974696F6E280044BE
:10987000697374616E636546726F6D54617267657A
:1098800074203D20090043757272656E74506F73C9
:109890006974696F6E203D200900546172676574B8
:1098A000506F736974696F6E203D200900416D6FC0
:1098B000756E745F44697370656E7365643A090010
:1098C000576569676874204166746572203120733A
:1098D00065633A0900576569676874204166746575
:1098E000723A0900446F6E6500526576657273695D
:1098F0006E6700576569676874204265666F7265B8
:109900003A09003A24003A005E63616C6962726150
:1099100074655F7363616C655F726573703A337C05
:10992000737563636573733A003A24003A005E63AB
:10993000616C6962726174655F7363616C655F72AB
:109940006573703A337C737563636573733A006350
:10995000616C6962726174655F7363616C6500411B
:1099600066746572205363616C655F43616C696204
:10997000726174696F6E3A20004265666F7265208D
:109980005363616C655F43616C6962726174696F96
:109990006E3A200041667465722043616C696272A0
:1099A0006174696E67203230303A20004265666F1C
:1099B00072652043616C6962726174696E672032FE
:1099C00030303A20003A24003A005E63616C6962EC
:1099D000726174655F7363616C655F726573703A21
:1099E000337C737563636573733A003A24003A00FD
:1099F0005E63616C6962726174655F7363616C65FB
:109A00005F726573703A337C737563636573733A21
:109A10000063616C6962726174655F7363616C6538
:109A20000041667465722043616C69627261746999
:109A30006E6720303A20004265666F726520436190
:109A40006C6962726174696E6720303A20003A2452
:109A5000003A005E63616C6962726174655F736392
:109A6000616C655F726573703A337C6661696C75B1
:109A700072653A00414C4552543A203230306720EA
:109A8000576569676874204E6F742052656D6F76F4
:109A90006564205768656E2043616C696272617409
:109AA000696E67205A65726F003A24003A005E635F
:109AB000616C6962726174655F7363616C655F722A
:109AC0006573703A337C6661696C7572653A0063E0
:109AD000616C6962726174655F7363616C65005685
:109AE000616C7565207061737365643D00496E201B
:109AF00063616C6962726174655F7363616C652038
:109B000066756E6374696F6E21003A24003A005ED8
:109B100063616C6962726174655F7363616C655FD8
:109B200073686966745F7A65726F5F726573703AA5
:109B3000337C737563636573733A003A24003A00AB
:109B40005E63616C6962726174655F7363616C65A9
:109B50005F73686966745F7A65726F5F7265737050
:109B60003A337C737563636573733A0063616C6940
:109B700062726174655F7363616C655F7368696667
:109B8000745F7A65726F00416674657220736869EC
:109B90006674696E67205363616C655F43616C69CD
:109BA00062726174696F6E202873686F756C6420CF
:109BB0006265207468652073616D65293A200042F2
:109BC00065666F7265207368696674696E67205395
:109BD00063616C655F43616C6962726174696F6E29
:109BE0003A20004166746572207368696674696E14
:109BF00067205363616C655F43616C696272617475
:109C0000696F6E5F323030673A20004265666F726E
:109C100065207368696674696E67205363616C655B
:109C20005F43616C6962726174696F6E5F3230307C
:109C3000673A200041667465722043616C69627204
:109C40006174696E6720303A20004265666F726504
:109C50002043616C6962726174696E6720303A20DA
:109C600000496E2063616C6962726174655F736341
:109C7000616C655F73686966745F7A65726F206690
:109C8000756E6374696F6E21005E7365745F7061D9
:109C90006E656C5F6272696768746E6573735F721C
:109CA0006573703A317C737563636573733A24002E
:109CB0005E7365745F70616E656C5F627269676820
:109CC000746E6573735F726573703A317C7375631C
:109CD000636573733A240064656372656173655FDD
:109CE00070616E656C5F6272696768746E657373CC
:109CF00000696E6372656173655F70616E656C5F4C
:109D00006272696768746E657373007365745F70FF
:109D1000616E656C5F6272696768746E657373000B
:109D20005E7365745F70616E656C5F6272696768AF
:109D3000746E6573735F726573703A317C666169C6
:109D40006C7572653A24005E7365745F70616E6550
:109D50006C5F6272696768746E6573735F72657356
:109D6000703A317C6661696C7572653A240073657E
:109D7000745F70616E656C5F6272696768746E654E
:109D80007373005E626F776C5F7374617475735F79
:109D9000726573703A317C616273656E743A240047
:109DA0005E626F776C5F7374617475735F726573F5
:109DB000703A317C616273656E743A24003A240013
:109DC0003A240030303030303030303030003030F5
:109DD0003030303030303030005E626F776C5F731F
:109DE00074617475735F726573703A367C707265F6
:109DF00073656E743A005E626F776C5F7374617442
:109E000075735F726573703A367C70726573656ED8
:109E1000743A002C20426F776C506C616365645318
:109E2000616D706C65734166746572524649442079
:109E30003D2000426F776C506C6163656453616DC7
:109E4000706C65734265666F726552464944203D89
:109E500020002C20426F776C506C61636564536105
:109E60006D706C6573416674657252464944203D5D
:109E70002000426F776C20776569676874206E6F89
:109E80007420736574746C6564206F722052464947
:109E900044206E6F742072656164206F7220524698
:109EA0004944204F76657272696465206F6E2C207C
:109EB0006275742072657475726E204162736F6C86
:109EC00075746557656967687420616E7977617923
:109ED0002C20426F776C506C6163656453616D70C8
:109EE0006C65734265666F726552464944203D2039
:109EF00000426F776C506C6163656453616D706C88
:109F00006573416674657252464944203D200043A2
:109F10006F6C6F722073656E736F7273206E6F74E7
:109F200020696E7374616C6C65642C206465666175
:109F3000756C74696E6720746F20524742282D310A
:109F40002C2D312C2D312900426F776C506C6163C0
:109F5000656453616D706C65734265666F726552BE
:109F6000464944203D20003A24005E74616E6B5FD8
:109F70007374617475733A317C003A24005E7461C5
:109F80006E6B5F7374617475733A317C003A2400B0
:109F90003A003A003A005E64697370656E73655FFB
:109FA0007765696768745F726573703A357C726152
:109FB0006E67653A003A24003A003A003A003A24C3
:109FC000003A003A003A005E64697370656E73652A
:109FD0005F7765696768745F726573703A357C771F
:109FE000656967687469737375653A003A24003A65
:109FF000003A003A005E64697370656E73655F775E
:10A0000065696768745F726573703A357C776569F6
:10A0100067687469737375653A00414C4552543AE8
:10A020002052657475726E696E672077656967681E
:10A0300074697373756520726174686572207468E1
:10A04000616E2072616E6765206F6E2061207461A1
:10A050006E6B2064697370656E7365206265636101
:10A06000757365206C6F772073656E736F722073E4
:10A0700074696C6C2073686F777320666C756964A3
:10A080002E005E64697370656E73655F77656967DE
:10A0900068745F726573703A357C72616E67653A99
:10A0A000003A24003A003A003A005E646973706531
:10A0B0006E73655F7765696768745F726573703A20
:10A0C000357C737563636573733A003A24003A0014
:10A0D0003A003A005E64697370656E73655F776518
:10A0E000696768745F726573703A357C7375636312
:10A0F0006573733A003A24003A003A003A005E640D
:10A10000697370656E73655F7765696768745F72A0
:10A110006573703A357C63616E63656C3A003A240E
:10A12000003A003A003A005E64697370656E7365C8
:10A130005F7765696768745F726573703A357C63D1
:10A14000616E63656C3A003A24003A003A003A00C6
:10A150005E64697370656E73655F7765696768745F
:10A160005F726573703A357C74616D7065723A0028
:10A170003A24003A003A003A005E64697370656EF2
:10A1800073655F7765696768745F726573703A3588
:10A190007C74616D7065723A003A24003A003A00AE
:10A1A0003A005E64697370656E73655F77656967B1
:10A1B00068745F726573703A357C73756363657339
:10A1C000733A003A24003A003A003A005E64697338
:10A1D00070656E73655F7765696768745F726573D4
:10A1E000703A357C737563636573733A00414C450F
:10A1F00052543A20576F756C6420686176652074FC
:10A2000068726F776E2054616D7065722C20627574
:10A21000742077697468696E20746F6C6572616E02
:10A22000636520736F2072657475726E696E672046
:10A23000537563636573730064697370656E7365EA
:10A240005F74616E6B746573740064697370656EBE
:10A2500073655F616C6C0064697370656E73655FD4
:10A26000646576656C6F7065720064697370656EA5
:10A2700073655F7765696768740053746F707069A0
:10A280006E6720626563617573652054414E4B2093
:10A290004D49442073656E736F722068617320743A
:10A2A00075726E6564206F66662E0053746F7070F1
:10A2B000696E6720626563617573652054414E4B1A
:10A2C00020484947482073656E736F722068617338
:10A2D000207475726E6564206F66662E0053746F0D
:10A2E0007070696E672062656361757365205441A3
:10A2F0004E4B204C4F572073656E736F7220686110
:10A3000073207475726E6564206F66662E005461EA
:10A310006E6B4C6F7753656E736F72203D200054E7
:10A32000616E6B4D696453656E736F72203D2000E2
:10A3300054616E6B4869676853656E736F72203D38
:10A3400020002C204C6F6F7044696454696D654F18
:10A350007574203D200044697370656E73652066D6
:10A3600061696C7572652C206E65656420746F2060
:10A3700072657472792C20476F696E6720746F2044
:10A3800064697370656E7365206D6F7265206F6EA2
:10A3900020612072657472792C2074686973206D55
:10A3A000756368206D6F7265203D20005265747280
:10A3B000792053756D20416D6F756E745F446973BC
:10A3C00070656E736564203D200054414D504552C8
:10A3D00020444554454354454420616674657220C9
:10A3E00066696E69736865642064697370656E730D
:10A3F000696E672C2072657475726E696E67207461
:10A40000616D70657220726573756C742077697404
:10A410006820616D6F756E742064697370656E730A
:10A42000656420617320547261696C696E67576559
:10A4300069676874203D2000416D6F756E745F44DC
:10A44000697370656E736564206973206E656761FA
:10A45000746976652C206D6F7265207468616E205A
:10A460002D31672C207468657265206D75737420BA
:10A4700068617665206265656E20736F6D65207416
:10A48000797065206F662074616D7065722E204E44
:10A490006F7420676F696E6720746F2072657472C5
:10A4A000792E0046696E616C5765696768745265FC
:10A4B0006164696E6773203D200900416D6F756EA0
:10A4C000745F44697370656E736564203D20005D40
:10A4D000203D200046696E616C576569676874525B
:10A4E000656164696E67735B005363616C65206EC0
:10A4F0006F7420736574746C65642C2062656C6F76
:10A50000772046696E616C5765696768745265614A
:10A5100064696E6773206E6F742077697468696E02
:10A520002031206772616D2C207265747279696EBA
:10A530006720757020746F20352074696D65732EE7
:10A54000002C20626563617573652054726C56340B
:10A55000207374696C6C20756E64657220302E30C7
:10A5600033203D20004C6F6F702054696D6564206E
:10A570004F7574206174204C6F6F7054696D656FF6
:10A580007574203D2000536C6F77696E6720646F8F
:10A59000776E206E6F77002C204C6F6F70436F7555
:10A5A0006E7465725768656E526561636865644D67
:10A5B000617850756D7050574D203D200053657483
:10A5C00074696E67204C6F6F7054696D656F757438
:10A5D000203D20005370656564696E6720757020AA
:10A5E000666F722032207365636F6E64732C200077
:10A5F00053746F7070696E6720626563617573650F
:10A600002054414E4B204D49442073656E736F7248
:10A6100020686173207475726E6564206F66662EA3
:10A6200000206772616D732C20736F207475726ED9
:10A63000206F6666207468652070756D702100411A
:10A64000626F757420746F2063726F737320005390
:10A65000746F7070696E67206265636175736520E1
:10A6600054414E4B20484947482073656E736F72C2
:10A6700020686173207475726E6564206F66662E43
:10A680000053746F7070696E6720626563617573E3
:10A69000652054414E4B204C4F572073656E736FAD
:10A6A0007220686173207475726E6564206F6666CF
:10A6B0002E00526563656976656420612043616E92
:10A6C00063656C20636F6D6D616E642066726F6D83
:10A6D000206D616368696E652055492E0054414DB7
:10A6E0005045522044455445435445442C207374EE
:10A6F0006F7070696E6720616374756174696F6EE5
:10A7000020616E642072657475726E696E67207464
:10A71000616D70657220726573756C742E00446F84
:10A720006E6500526576657273696E670054616D7F
:10A730007065722064657465637465642C20776548
:10A7400069676874206D6F7265206E6567617469F2
:10A750007665207468616E202D312C20736F6D65D5
:10A76000626F6479206D75737420686176652072FC
:10A77000656D6F76656420776569676874206672B9
:10A780006F6D207363616C652C2072657475726ED9
:10A79000696E672074616D7065722E00094C4C09FA
:10A7A0000009534554504F494E542043616C633D5A
:10A7B000000954726C563409000954726C56090031
:10A7C0000954726C570900094C6F61642063656C11
:10A7D0006C2073616D706C696E67206661696C7561
:10A7E00072652C20676F74203E3230356720666FAB
:10A7F000722061766572616765206F6620313078FE
:10A800002073616D706C65732C2064697363617271
:10A8100064696E6720616E642074616B696E672085
:10A820006E65772073616D706C6520686572653A3E
:10A83000090053616D7009004E6F74206576656E76
:10A84000207374617274696E672070756D70206218
:10A850006563617573652074616E6B206C6F772022
:10A8600073656E736F72206973206F66662E004D7C
:10A87000617850756D7050574D203D2000537461C4
:10A880007274696E6720536574706F696E74496E77
:10A890006974466F72546869734D616368696E6567
:10A8A000203D200009536574706F696E74416D6FAF
:10A8B000756E74546F4261636B4F66665768656E60
:10A8C0004869745461726765745370656564203DAE
:10A8D000200009536574706F696E744C6F6F704916
:10A8E0006E6372656D656E74203D2000097461723F
:10A8F0006765745F64697370656E73655F737065B7
:10A900006564203D2000426F776C20776569676839
:10A9100074206E6F7420736574746C656420616656
:10A920007465722035207365636F6E64732C2072BA
:10A93000657475726E2074616D7065722E00424F81
:10A94000574C204E4F5420504C414345442077688B
:10A95000656E207374617274696E672064697370C8
:10A96000656E7365202D20736F206E6F7420616398
:10A9700074756174696E672C20616E6420726574F1
:10A9800075726E696E672074616D7065722E000954
:10A990004162736F6C757465576569676874203DB3
:10A9A0002000095461726541444356616C7565200D
:10A9B0003D2000095343414C45203D2000094F46AE
:10A9C00046534554203D20005461726557656967C0
:10A9D0006874203D20005D203D2000496E69746947
:10A9E000616C57656967687452656164696E677305
:10A9F0005B005363616C65206E6F742073657474C3
:10AA00006C65642C2062656C6F7720496E6974698F
:10AA1000616C57656967687452656164696E6773D4
:10AA2000206E6F742077697468696E2031206772B8
:10AA3000616D2C207265747279696E672075702063
:10AA4000746F20352074696D65732E00736C6F749C
:10AA50005F6E756D6265723D007765696768745FEA
:10AA6000696E5F6772616D733D00496E2064697342
:10AA700070656E736520646576656C6F70657220B5
:10AA800066756E6374696F6E21005D203D20005312
:10AA9000657269616C4E756D626572735B005D20F5
:10AAA0003D200053657269616C4E756D6265724838
:10AAB00061734265656E44697370656E7365645B4E
:10AAC000005D203D2000496E697469616C416374CA
:10AAD0007561746F72506F736974696F6E735B0028
:10AAE000496E697469616C4163747561746F725009
:10AAF0006F736974696F6E203D2000414C4552545C
:10AB00003A20427566666572204F766572666C6F94
:10AB100077206F6E20636C65617242756666657240
:10AB20002063616C6C2C206D6F7265206279746596
:10AB300073206D6967687420626520696E20627594
:10AB4000666665722E004275666665722066756C73
:10AB50006C20647572696E6720636C656172427502
:10AB6000666665723B207265747279696E672E2E17
:10AB70002E004D65737361676520547970653A20C6
:10AB800030784633002E204F6C64204D657373611E
:10AB900067653A2000436C65617265642062756682
:10ABA000666572206F6E2000506173736564204C7F
:10ABB0006F616443656C6C546573742E20204C6F18
:10ABC00061642063656C6C20697320476F6F642C2F
:10ABD000206F74686572207468616E207468697390
:10ABE00020646F65736E277420636865636B2066ED
:10ABF0006F722063616C6962726174696F6E206943
:10AC00007373756573207965742E004C6F616420D1
:10AC100063656C6C2072657475726E696E67202D49
:10AC2000312061206C6F742C2074686973206D650D
:10AC3000616E73206F757220726174652074726129
:10AC40006365206973206E6F742063757420616E74
:10AC5000642077652061726520696E20313020485C
:10AC60007A206D6F646520696E7374656164206F0E
:10AC70006620383020487A2E2020506C656173653C
:10AC80002063757420726174652074726163652E2F
:10AC900000416C6C2031302073616D706C657320E5
:10ACA000617265207468652073616D652E20204E89
:10ACB0006F206E6F6973652E2020536F6D65206F56
:10ACC000746865722074797065206F662065727291
:10ACD0006F722E0053616D706C657320636C6970C8
:10ACE00070656420617420706F7369746976652083
:10ACF0006F72206E65676174697665206D61782E6C
:10AD000020205265706C616365206C6F6164206304
:10AD1000656C6C20626F6172642E0053616D706CA3
:10AD200065732072657475726E656420302C206CBA
:10AD30006F61642063656C6C20646973636F6E6E11
:10AD400065637465642E005374617274206F6620AD
:10AD50007363616C6520746573743A00436F72723B
:10AD6000656374656420414D5432323220456E6310
:10AD70006F6465723A2000414D5432323220456E84
:10AD8000636F6465723A2000414D54323232207252
:10AD9000656164206572726F722E20417474656DF6
:10ADA0007074733A200054696D6564206F75742C5B
:10ADB000206E6F20656E636F6465722064657465D4
:10ADC000637465642E202042757420617373756D01
:10ADD0006520414D54323232206F72207465737495
:10ADE0002073746174696F6E2E00414D543232329B
:10ADF0002064657465637465642E00414D5432307F
:10AE0000332064657465637465642E202057652063
:10AE1000657870656374203320666F722064617496
:10AE2000615F7265636569766564203D20004368F3
:10AE300065636B696E6720656E636F64657220740D
:10AE40007970652C20646174615F726563656976F1
:10AE50006564203D2000524649442053656E736F5F
:10AE60007220636F6E6E65637465642E005246498E
:10AE7000442053656E736F72204E4F5420636F6E83
:10AE80006E65637465642E00436865636B696E6705
:10AE900020696620524649442053656E736F7220C4
:10AEA000636F6E6E65637465643A2000414C455271
:10AEB000543A204E4F542072756E6E696E6720634F
:10AEC000616C6962726174655F7363616C655F7305
:10AED000686966745F7A65726F28292064756520D9
:10AEE000746F207765696768742064696666657247
:10AEF000656E6365206F662000414C4552543A20D0
:10AF000052756E6E696E672063616C6962726174FE
:10AF1000655F7363616C655F73686966745F7A65AA
:10AF2000726F28292064756520746F2077656967C2
:10AF3000687420646966666572656E6365206F6615
:10AF4000200052756E6E696E672063616C69627273
:10AF50006174655F7363616C655F73686966745F74
:10AF60007A65726F28292064756520746F20776573
:10AF70006967687420646966666572656E636520DA
:10AF80006F662000536B697070696E672063616C37
:10AF90006962726174655F7363616C655F73686930
:10AFA00066745F7A65726F28292064756520746FF6
:10AFB00020736D616C6C20776569676874206469C3
:10AFC00066666572656E6365206F66200041627318
:10AFD0006F6C757465576569676874203D2000461D
:10AFE0006F756E64205246494420647572696E67BD
:10AFF00020737461727475705F63616C69627261F1
:10B0000074655F7363616C655F73686966745F7AAA
:10B0100065726F5F69665F656D70747928292C2091
:10B02000736F206120626F776C206973207468658C
:10B0300072652C20736B697070696E672063616C38
:10B040006962726174696F6E2E00446964206E6F6C
:10B050007420676574204E4F434F4E564552474506
:10B0600020647572696E6720737461727475705FA5
:10B0700063616C6962726174655F7363616C655F63
:10B0800073686966745F7A65726F5F69665F656D24
:10B0900070747928292C20736F20736F6D65746824
:10B0A000696E672069732074686572652C20736B04
:10B0B000697070696E672063616C6962726174693E
:10B0C0006F6E2E00476F74204E4F434F4E564552C1
:10B0D000474520647572696E672073746172747578
:10B0E000705F63616C6962726174655F7363616CE8
:10B0F000655F73686966745F7A65726F5F69665FC2
:10B10000656D70747928292C20736F20626F776CBD
:10B11000206973206E6F742074686572652C2070CE
:10B12000726F6365656420746F206E657874206348
:10B130006865636B2E004265616D20627265616BAC
:10B140002073656E736F72207761732062726F6B0C
:10B15000656E20647572696E6720737461727475B0
:10B16000705F63616C6962726174655F7363616C67
:10B17000655F73686966745F7A65726F5F69665F41
:10B18000656D70747928292C20736F20736F6D653D
:10B190007468696E672069732074686572652C2015
:10B1A000736B697070696E672063616C696272614C
:10B1B00074696F6E2E004265616D20627265616B0D
:10B1C0002073656E736F72204E4F542062726F6BE6
:10B1D000656E20647572696E672073746172747530
:10B1E000705F63616C6962726174655F7363616CE7
:10B1F000655F73686966745F7A65726F5F69665FC1
:10B20000656D70747928292C2070726F6365656490
:10B2100020746F206E65787420636865636B2E0000
:10B22000536574757020436F6D706C657465202D67
:10B2300020526561647920666F7220436F6D6D6185
:10B240006E64733A00414C4552543A205573696E0E
:10B25000672064656661756C74207363616C65203A
:10B2600063616C6962726174696F6E2076616C757E
:10B2700065732E20506C656173652063616C696233
:10B280007261746520746865207363616C652073F6
:10B290006F2074686174206974206973206163632E
:10B2A000757261746520666F7220746869732075A9
:10B2B0006E69742E00426F776C2064697374616EDE
:10B2C00063652073656E736F7220666F756E64219F
:10B2D00000417373756D696E67206265616D2062F0
:10B2E0007265616B2073656E736F7220697320697C
:10B2F0006E7374616C6C656420696E7374656164EF
:10B300002E004C6F6F6B696E6720666F7220626FE4
:10B31000776C2064697374616E63652073656E7306
:10B320006F72202D20416461667275697420564CDD
:10B330003631383078210067657420756E69747312
:10B340003A200909006765742076616C75653A20BA
:10B350000909007265616420617665726167653A0A
:10B3600020090900726561643A2009090041667488
:10B3700065722073657474696E67207570207468D7
:10B3800065207363616C653A005363616C65206E80
:10B390006F742063616C696272617465642E202031
:10B3A0005573696E672064656661756C742E0067FD
:10B3B000657420756E6974733A20090900676574B5
:10B3C0002076616C75653A20090900726561642018
:10B3D000617665726167653A20090900726561648A
:10B3E0003A200909004265666F72652073657474BE
:10B3F000696E6720757020746865207363616C6581
:10B400003A00496E697469616C697A696E67207483
:10B410006865207363616C6500454550524F4D204F
:10B42000626C616E6B2C2077726974696E67206440
:10B43000656661756C74732E00454550524F4D2002
:10B4400056657273696F6E3A200000002100240077
:10B4500027002A002D003000330001010000040104
:10B4600007010A0100000A0B02090C0D0E08070370
:10B4700004010000000000000000000000000000C7
:10B4800000000000000000000000000000000000BC
:10B490001211100000000000000000000000000079
:10B4A000000000000000000000003A24005E646913
:10B4B00073705F616C6C5F70726F67726573733A03
:10B4C000317C003A24005E646973705F616C6C5F6C
:10B4D00070726F67726573733A317C00416C6C20D7
:10B4E000646F6E652064697370656E736520414C8E
:10B4F0004C2066756E6374696F6E21005E646973BB
:10B5000070656E73655F616C6C5F726573703A3104
:10B510007C6661696C7572653A24005E646973705B
:10B52000656E73655F616C6C5F726573703A317CD8
:10B530006661696C7572653A24002A2A2A46414977
:10B540004C2A2A2A005E64697370656E73655F61B8
:10B550006C6C5F726573703A317C7761726E696E84
:10B56000673A24005E64697370656E73655F616C31
:10B570006C5F726573703A317C7761726E696E6769
:10B580003A24002C002A2A2A5741524E494E472A73
:10B590002A2A204163747561746F7220706F736919
:10B5A00074696F6E732061726520676F6F642C2001
:10B5B000627574206469646E2774206469737065B1
:10B5C0006E73652066726F6D20616C6C20736C6F9A
:10B5D00074732E20436865636B2063616E73206112
:10B5E0006E642072657465737420736C6F7473205D
:10B5F000005E64697370656E73655F616C6C5F7229
:10B600006573703A317C737563636573733A2400B4
:10B610005E64697370656E73655F616C6C5F7265A3
:10B6200073703A317C737563636573733A24002ACF
:10B630002A2A504153532A2A2A005461726765749A
:10B64000206F662074686973206176657261676532
:10B65000206973203432352D3730302C20736F2021
:10B660007468697320697320612000546172676592
:10B6700074206F66207468697320617665726167F3
:10B6800065206973203432352D3637352C20736FA1
:10B690002074686973206973206120004661696CB9
:10B6A0006564466163746F727900466163746F729A
:10B6B0007900466F726365416C6C466163746F72AA
:10B6C00079002C20526571756972656420436F752D
:10B6D0006E74203D20002C20436F756E74203D2039
:10B6E0000041766572616765206F662073756363DC
:10B6F00065737366756C206E6F6E2D7A65726F2040
:10B70000496E697469616C4163747561746F7250DC
:10B710006F736974696F6E735B5D203D2000203D1F
:10B720002000536C6F742000536C6F747320746826
:10B73000617420646964204E4F542073756363659F
:10B74000737366756C6C792064697370656E73656C
:10B750002066726F6D203D2000203D2000536C6FED
:10B76000742000536C6F7473207375636365737317
:10B7700066756C6C792064697370656E736564209E
:10B7800066726F6D203D2000656D707479005061A8
:10B790007373656400656D707479004661696C65EA
:10B7A00064466163746F7279004661696C65640018
:10B7B000656D70747900466163746F7279004E6FC5
:10B7C000726D616C00466F726365416C6C466163BB
:10B7D000746F727900466F726365416C6C00656DC1
:10B7E00070747900656D707479005061737365646D
:10B7F00000656D70747900656D70747900466169DB
:10B800006C656400656D70747900656D70747900A5
:10B810004E6F726D616C00466F726365416C6C00B7
:10B82000506172616D207061737365643D00566193
:10B830006C7565207061737365643D00496E2064AA
:10B84000697370656E736520414C4C2066756E633C
:10B8500074696F6E21003A24005E737461747573AD
:10B860005F726573703A317C003A24005E737461D4
:10B870007475735F726573703A317C000954616E40
:10B880006B4C6F7753656E736F72203D20000954C7
:10B89000616E6B4D696453656E736F72203D20005D
:10B8A00054616E6B4869676853656E736F72203DB3
:10B8B000200074616E6B00626172636F646572690F
:10B8C00067687400626172636F64656C65667400BA
:10B8D000626172636F646500686F6C6570756E633A
:10B8E0006800094163747561746F724F7574657295
:10B8F00055704F70746F203D20000941637475616D
:10B90000746F72496E6E657255704F70746F203D22
:10B9100020004163747561746F72456E636F646576
:10B9200072203D20006163747561746F7200636101
:10B93000726F7573656C00656570726F6D00526132
:10B940006E67652072656164696E67206F766572E7
:10B95000666C6F770052616E67652072656164691D
:10B960006E6720756E646572666C6F7700526177E2
:10B970002072656164696E67206F766572666C6FB0
:10B9800077005261772072656164696E6720756E19
:10B99000646572666C6F77005369676E616C2F4ED9
:10B9A0006F697365206572726F720049676E6F729E
:10B9B000696E672072616E6765004E6F20636F6EFF
:10B9C00076657267656E636500454345206661690B
:10B9D0006C7572650053797374656D206572726F52
:10B9E000720052616E67653A09000952616E6765BF
:10B9F000204571756976616C656E743A090042651F
:10BA0000616D42726F6B656E426F776C496E7365E4
:10BA1000727465643A090064697374616E636500E9
:10BA200052616E67652072656164696E67206F762A
:10BA30006572666C6F770052616E67652072656132
:10BA400064696E6720756E646572666C6F7700520C
:10BA500061772072656164696E67206F76657266D2
:10BA60006C6F77005261772072656164696E672040
:10BA7000756E646572666C6F77005369676E616C92
:10BA80002F4E6F697365206572726F720049676E21
:10BA90006F72696E672072616E6765004E6F20631A
:10BAA0006F6E76657267656E636500454345206617
:10BAB00061696C7572650053797374656D20657288
:10BAC000726F720052616E67653A090052616E676B
:10BAD000652072656164696E67206F766572666C59
:10BAE0006F770052616E67652072656164696E6789
:10BAF00020756E646572666C6F7700526177207294
:10BB0000656164696E67206F766572666C6F770039
:10BB10005261772072656164696E6720756E646535
:10BB200072666C6F77005369676E616C2F4E6F6938
:10BB30007365206572726F720049676E6F72696E0D
:10BB4000672072616E6765004E6F20636F6E766569
:10BB50007267656E636500454345206661696C7573
:10BB600072650053797374656D206572726F72002F
:10BB700052616E67653A090052616E6765207265B1
:10BB80006164696E67206F766572666C6F770052CC
:10BB9000616E67652072656164696E6720756E64A9
:10BBA0006572666C6F7700526177207265616469B7
:10BBB0006E67206F766572666C6F770052617720D2
:10BBC00072656164696E6720756E646572666C6F1C
:10BBD00077005369676E616C2F4E6F6973652065DE
:10BBE00072726F720049676E6F72696E6720726160
:10BBF0006E6765004E6F20636F6E76657267656E67
:10BC0000636500454345206661696C757265005344
:10BC1000797374656D206572726F720052616E6720
:10BC2000653A090052616E67652072656164696EEC
:10BC300067206F766572666C6F770052616E67651C
:10BC40002072656164696E6720756E646572666CEA
:10BC50006F77005261772072656164696E67206F4B
:10BC6000766572666C6F77005261772072656164E9
:10BC7000696E6720756E646572666C6F77005369D4
:10BC8000676E616C2F4E6F697365206572726F729B
:10BC90000049676E6F72696E672072616E6765003A
:10BCA0004E6F20636F6E76657267656E63650045E3
:10BCB0004345206661696C757265005379737465DC
:10BCC0006D206572726F720052616E67653A09008D
:10BCD00052616E67652072656164696E67206F7678
:10BCE0006572666C6F770052616E67652072656180
:10BCF00064696E6720756E646572666C6F7700525A
:10BD000061772072656164696E67206F766572661F
:10BD10006C6F77005261772072656164696E67208D
:10BD2000756E646572666C6F77005369676E616CDF
:10BD30002F4E6F697365206572726F720049676E6E
:10BD40006F72696E672072616E6765004E6F206367
:10BD50006F6E76657267656E636500454345206664
:10BD600061696C7572650053797374656D206572D5
:10BD7000726F720052616E67653A09004973426CD6
:10BD800061636B426F776C41726561203D20006397
:10BD90006F6C6F72004472697054726179496E738E
:10BDA0006572746564203D2000647269707472610C
:10BDB00079005769706572496E73657274656420A5
:10BDC0003D200077697065720052656C6F61644454
:10BDD0006F6F72556E6C6F636B53656E73655069F0
:10BDE0006E203D200052656C6F6164446F6F724F2E
:10BDF00070656E203D200041313420414D49532D66
:10BE00003330353433205664642052656C6F61647E
:10BE1000446F6F72436C6F736564203D2000646FE4
:10BE20006F7200726669640043757272656E742089
:10BE30005765696768743A09004162736F6C75747D
:10BE40006520776569676874207673205A65726F1C
:10BE500020706F696E743A20090900726177204181
:10BE60004443206765742076616C7565206D696E4A
:10BE7000757320746172653A200909007261772038
:10BE80004144432072656164206176657261676533
:10BE90003A200909005363616C655F43616C696214
:10BEA000726174696F6E5F323030673A2009090041
:10BEB0005363616C655F43616C6962726174696F41
:10BEC0006E5F5A65726F3A200909005363616C65B1
:10BED0005F43616C6962726174696F6E3A2009092F
:10BEE000007363616C65007363616C650054616E1F
:10BEF0006B4C6F7753656E736F723D0054616E6B60
:10BF00004D696453656E736F723D0054616E6B488A
:10BF100069676853656E736F723D0054616E6B4460
:10BF20006F6F72556E6C6F636B53656E736550699E
:10BF30006E3D0054616E6B446F6F724F70656E3D65
:10BF4000004472697054726179496E7365727465E8
:10BF5000643D005269676874446F6F724F70656E1C
:10BF60003D004C656674446F6F724F70656E3D00A6
:10BF700052464944636172644E756D6265723D005C
:10BF80005769706572496E7365727465643D0052DD
:10BF9000656C6F6164446F6F72556E6C6F636B5349
:10BFA000656E736550696E3D0052656C6F616444E7
:10BFB0006F6F724F70656E3D004361726F75736590
:10BFC0006C43656E746572456E636F6465723D00A7
:10BFD0004361726F7573656C43656E746572456E0F
:10BFE000636F6465723D004361726F7573656C5376
:10BFF000746570706572456E636F6465723D004371
:10C0000061726F7573656C486F6D653D0041637457
:10C010007561746F72456E636F6465723D00416354
:10C02000747561746F724F7574657255703D00411F
:10C0300063747561746F72496E6E657255703D0000
:10C040002D310044697374616E63653D004469730A
:10C0500074616E63653D004162736F6C7574655702
:10C0600065696768743D002D313A005E73746174D0
:10C0700075735F726573703A32307C0071756963F5
:10C080006B003A24005E61636B3A317C003A240015
:10C090005E61636B3A317C00446973636172646909
:10C0A0006E67206368617261637465727320616694
:10C0B000746572202331343A2000466F756E642017
:10C0C0003235352C2073657474696E67205F64693E
:10C0D000736361726465643235354265666F72659B
:10C0E00053746172744368617220746F2074727546
:10C0F000650044697363617264696E672063686197
:10C10000726163746572206265666F72652074681F
:10C110006520737461727420636861726163746511
:10C12000723A200052656C6F616420646F6F7220F8
:10C130006F70656E2E20556E61626C6520746F2085
:10C140006D6F7665206361726F7573656C2E00523A
:10C15000652D686F6D696E67206163747561746FBA
:10C16000727320776173206E6F74207375636365DB
:10C17000737366756C2E2020556E61626C65207439
:10C180006F206D6F7665206361726F7573656C2EBD
:10C19000004163747561746F7273206E6F742062F6
:10C1A0006F74682075702E20204E6F742073616646
:10C1B0006520746F206D6F7665206361726F757393
:10C1C000656C2E202052652D686F6D696E67206149
:10C1D00063747561746F727320616E642063686547
:10C1E000636B696E6720616761696E2E00425F70E4
:10C1F000756C73655F706572696F645F636F6D7096
:10C20000656E7361746564203D2000475F70756CD6
:10C2100073655F706572696F645F636F6D70656E83
:10C220007361746564203D2000525F70756C7365A6
:10C230005F706572696F645F636F6D70656E736167
:10C24000746564203D2000425F70756C73655F709B
:10C250006572696F645F616D6269656E74203D200F
:10C2600000475F70756C73655F706572696F645FBE
:10C27000616D6269656E74203D2000525F70756C5F
:10C2800073655F706572696F645F616D6269656E29
:10C2900074203D2000425F70756C73655F7065723D
:10C2A000696F64203D2000475F70756C73655F7037
:10C2B0006572696F64203D2000525F70756C736514
:10C2C0005F706572696F64203D2000456E64696E21
:10C2D00067204163747561746F7220506F73697465
:10C2E000696F6E203D20005374617274696E67201F
:10C2F0004163747561746F7220506F736974696FF4
:10C300006E203D200042414400474F4F4400554EAF
:10C310004B4E4F574E00000104050503030405066C
:10C3200004050607010001000302010000010203E9
:10C3300004050607070605040302010007020100C1
:10C3400007060504030201000302010000010203C5
:10C35000040506070001020304050607020304059D
:10C36000060607000020002300260029002C002FCD
:10C370000032000001000003010601090100002253
:10C3800000250028002B002E00310034000201009F
:10C3900000050108010B010505050507050808084A
:10C3A00008020202020A0A08080404040401010146
:10C3B000010101010103030303030303030407074E
:10C3C000070C0C0C0C0C0C0C0C02020202060606EC
:10C3D00006060606060B0B0B0B0B0B0B0B010210D4
:10C3E000202008081020401020408002010201088F
:10C3F000040201010204081020408080402010083F
:10C400000402018004020180402010080402010897
:10C4100004020101020408102040800102040810F7
:10C4200020408000A500F90011241FBECFEFD1E20B
:10C43000DEBFCDBF00E00CBF21E1A8E6B5E001C042
:10C440001D92A935B207E1F715E0A0E0B2E0E8E4FB
:10C45000F5E603E00BBF02C007900D92A836B107C6
:10C46000D9F712E6C3E1D2E600E006C02197010940
:10C47000802FFE010F9418B0C231D10780E0080769
:10C48000A9F70F94BC870D9492B20C9400009C0104
:10C4900092E0611191E02130310559F038F02230FD
:10C4A000310551F02330310551F0089590939B06EA
:10C4B000089590939C06089590939D0608959093F7
:10C4C0009E0608958230910539F08330910581F000
:10C4D00060E0019711F0089561E08AE30F944F0A3C
:10C4E00060E08BE30F944F0A60E08CE30D944F0AF9
:10C4F00060E08AE30F944F0A61E0F3CF8EE10F947E
:10C50000260A892BD1F180916607811113C06AE751
:10C5100077E08CE69CE00E9452F564E677E08FE0DD
:10C520009BE00E9452F51092F405809180078111E2
:10C530000F94150A81E08093660788E00F94260A1D
:10C54000892BB1F180916507811113C063ED77E00C
:10C550008CE69CE00E9452F56CEB77E08FE09BE06C
:10C560000E9452F51092F5058091800781110F9479
:10C57000150A81E0809365070895809166078823F6
:10C58000E1F28EE10F94260A892BB9F666EA77E08C
:10C590008CE69CE00E9452F560E977E08FE09BE03A
:10C5A0000E9452F51092660781E08093F405C5CF92
:10C5B000809165078823B1F088E00F94260A892BC3
:10C5C00089F461E078E08CE69CE00E9452F56AEE26
:10C5D00077E08FE09BE00E9452F51092650781E0C2
:10C5E0008093F50508951F920F920FB60F921124B4
:10C5F0000BB60F923F924F925F926F927F928F9203
:10C600009F92AF92BF92CF92DF92EF92FF920F93E1
:10C610001F932F933F934F935F936F937F938F93CA
:10C620009F93AF93BF93EF93FF93CF93DF93CDB7D8
:10C63000DEB72C97DEBFCDBF8091F3058823C1F113
:10C6400060911E0870911F08072E000C880B990B33
:10C650000F9422AC6093C50F7093C60F8093C70FE1
:10C660009093C80F8091031081110F946013609113
:10C67000C10F7091C20F8091C30F9091C40F20E041
:10C6800030E0A9010F94B6AE18160CF058C160E066
:10C690008CE00F944F0A6091C10F7091C20F80918E
:10C6A000C30F9091C40F0F9480AE83E00F94620C7F
:10C6B0000F9454130091C0051091C1052091C2053B
:10C6C0003091C305601B710B820B930B643F71406B
:10C6D0008105910508F47CC00F9454136093C00544
:10C6E0007093C1058093C2059093C30584E40F94B1
:10C6F000260A892B09F031C180918107811133C04D
:10C700006AE871E18CE69CE00E9452F568E771E10D
:10C710008FE09BE00E9452F50E9463B480917A07FB
:10C7200090917B07A0917C07B0917D078093700565
:10C7300090937105A0937205B093730580936C0577
:10C7400090936D05A0936E05B0936F058093680577
:10C7500090936905A0936A05B0936B05809180075B
:10C7600081110F94150A80917A0790917B07A0910F
:10C770007C07B0917D0740916C0550916D056091EB
:10C780006E0570916F05481759076A077B0744F4D7
:10C7900080936C0590936D05A0936E05B0936F0523
:10C7A000409168055091690560916A0570916B052B
:10C7B00084179507A607B70744F4809368059093FC
:10C7C0006905A0936A05B0936B0581E080938107AA
:10C7D0000F9454130091BC051091BD052091BE0526
:10C7E0003091BF05601B710B820B930B643F71404E
:10C7F0008105910560F00F9454136093BC0570930C
:10C80000BD058093BE059093BF050E947E620F9484
:10C8100054130091B8051091B9052091BA053091D3
:10C82000BB05601B710B820B930B643F714081054C
:10C83000910508F45AC00F9454136093B80570938F
:10C84000B9058093BA059093BB0580E30F94260A3F
:10C85000892B09F08CC280916407811113C062E7B3
:10C8600072E18CE69CE00E9452F56CE572E18FE08B
:10C870009BE00E9452F50E940CB4809180078111C8
:10C880000F94150A81E08093640780915506811109
:10C8900011C080E20F94260A019761F46CEC72E1FA
:10C8A0008CE69CE00E9452F564EB72E18FE09BE025
:10C8B0000E9452F580E20F94260A21E0892B09F4A8
:10C8C00020E0209355068FE10F94260A21E0892B62
:10C8D00009F420E02093540685E40F94260A21E011
:10C8E000892B09F420E0209356062C960FB6F89475
:10C8F000DEBF0FBECDBFDF91CF91FF91EF91BF9112
:10C90000AF919F918F917F916F915F914F913F91E7
:10C910002F911F910F91FF90EF90DF90CF90BF90DC
:10C92000AF909F908F907F906F905F904F903F90CF
:10C930000F900BBE0F900FBE0F901F90189561E0E7
:10C940008CE00F944F0A6091C10F7091C20F8091DB
:10C95000C30F9091C40F9058A6CE89E20F94260A77
:10C96000892B21F08091F603811132CF80918107CC
:10C97000882351F08091F603882331F06EEE72E047
:10C9800080E090E00F94A51080918107882309F43E
:10C990001FCF89E20F94260A892B21F08091F6039C
:10C9A000811116CF6EEA71E18CE69CE00E9452F58F
:10C9B0006CE971E18FE09BE00E9452F510928107D3
:10C9C0000E94C1D58091680590916905A0916A0582
:10C9D000B0916B0589879A87AB87BC87BC01CD0175
:10C9E0000E94D5C24B015C0169857A858B859C8547
:10C9F0000E94E5C12B013C01C0906C05D0906D05F3
:10CA0000E0906E05F0906F05C701B6010E94D5C297
:10CA100069837A838B839C83C701B6010E94E5C139
:10CA20006D837E838F83988789859A85AB85BC8546
:10CA3000C81AD90AEA0AFB0A9DE7C91695E1D90680
:10CA4000E104F104ECF00FE916E01A821982FF24E8
:10CA5000F394D801FD928D016EE472E18CE69CE0C6
:10CA60000E94F3FFE981FA813196FA83E983CF01CD
:10CA70000F94560029813A812233310551F7A8CE0F
:10CA800029813A814B815C81C501B4010F941BACB3
:10CA900018160CF4A8C00FE916E01A86198633247C
:10CAA0003394A985BA851196BA87A987BD01BB0FB2
:10CAB000880B990B0F9422AC6B017C0120E030E0D5
:10CAC00040E05FE3C501B4010F94A1AD9B01AC014F
:10CAD000C701B6010F94B6AE87FD7DC020E030E0FF
:10CAE00040E05FE369817A818B819C810F94A2ADE4
:10CAF0009B01AC01C701B6010F941BAC18160CF4D6
:10CB00006AC0F80130826CE372E18CE69CE00E941E
:10CB1000F3FF89859A850F9456000F5F1F4F898513
:10CB20009A854E9709F0BDCF2D813E814F81588562
:10CB3000C301B2010F941BAC18160CF4B9C00FE975
:10CB400016E02EE130E03A832983BB24B394A98117
:10CB5000BA811196BA83A983BD01BB0F880B990BCB
:10CB60000F9422AC6B017C0120E030E040E05FE3F9
:10CB7000C301B2010F94A1AD9B01AC01C701B60185
:10CB80000F94B6AE87FD8BC020E030E040E05FE35D
:10CB90006D817E818F8198850F94A2AD9B01AC0140
:10CBA000C701B6010F941BAC18160CF478C0F8013D
:10CBB000B68E65EF71E18CE69CE00E94F3FF8981FF
:10CBC0009A810F9456000F5F1F4F89819A81C297F7
:10CBD00009F0BDCFFDCDD8018C91882309F49DCFFC
:10CBE00069E272E192CF29813A814B815C81C50172
:10CBF000B4010F94B6AE18160CF096CF0FE916E0FC
:10CC00001A8619863324339429853A852F5F3F4F3E
:10CC10003A872987B901330F880B990B0F9422ACFF
:10CC20006B017C0120E030E040E05FE3C501B4012E
:10CC30000F94A1AD9B01AC01C701B6010F94B6AE34
:10CC400087FF12C020E030E040E05FE369817A8135
:10CC50008B819C810F94A2AD9B01AC01C701B601F1
:10CC60000F941BAC1816A4F0D8013C926AE172E153
:10CC70008CE69CE00E94F3FF89859A850F9456000C
:10CC80000F5F1F4FE985FA857E9709F0BDCF4CCF26
:10CC9000F80180818823A1F367E072E1E9CFD80130
:10CCA0005E968C91882309F48ECF62EE71E183CF7A
:10CCB0002D813E814F815885C301B2010F94B6AEDC
:10CCC00018160CF085CD0FE916E0EEE1F0E0FA83DE
:10CCD000E983BB24B39489819A8101969A838983DD
:10CCE000BC01990F880B990B0F9422AC6B017C014E
:10CCF00020E030E040E05FE3C301B2010F94A1AD5A
:10CD00009B01AC01C701B6010F94B6AE87FF12C0FC
:10CD100020E030E040E05FE36D817E818F81988587
:10CD20000F94A2AD9B01AC01C701B6010F941BACDF
:10CD30001816B4F0D8015E96BC9263ED71E18CE6F2
:10CD40009CE00E94F3FF89819A810F9456000F5F47
:10CD50001F4F29813A812233310509F0BCCF38CDEC
:10CD6000F801868D882399F360EC71E1E8CF80911A
:10CD70006407882309F489CD80E30F94260A892B60
:10CD800009F483CD6EE972E18CE69CE00E9452F5D5
:10CD900068E872E18FE09BE00E9452F51092640710
:10CDA00074CD1F920F920FB60F9211240BB60F92F3
:10CDB0002F933F934F935F936F937F938F939F93A3
:10CDC000AF93BF93EF93FF93809159068823B9F0F7
:10CDD0008EEE9EE00E94B4F7FF91EF91BF91AF916C
:10CDE0009F918F917F916F915F914F913F912F9183
:10CDF0000F900BBE0F900FBE0F901F901895809153
:10CE00005806882319F08FE99EE0E4CF80915706F9
:10CE1000882311F380E59EE0DDCFCF9360E671E1DA
:10CE20008CE69CE00E94F3FF80918E060F94300107
:10CE30006BE471E18CE69CE00E94F3FF80918F0629
:10CE40000F9430016FE271E18CE69CE00E94F3FFE9
:10CE5000809190060F94300162E171E18CE69CE0D4
:10CE60000E94F3FF809191060F9430016CEF70E106
:10CE70008CE69CE00E94F3FF809192060F943001B3
:10CE800067EE70E18CE69CE00E94F3FF80919306D0
:10CE90000F9430016BEC70E18CE69CE00E94F3FF94
:10CEA000809194060F94300160EB70E18CE69CE079
:10CEB0000E94F3FF809195060F94300165E970E1BF
:10CEC0008CE69CE00E94F3FF809196060F9430015F
:10CED0006FE770E18CE69CE00E94F3FF809197067B
:10CEE0000F94300169E670E18CE69CE00E94F3FF4C
:10CEF000809198060F94300180917F0781110AC0BC
:10CF000063E570E18CE69CE00E94F3FF8091990656
:10CF10000F94300161E470E18CE69CE00E94F3FF25
:10CF200080919A060F9430016DE270E18CE69CE0EE
:10CF30000E94F3FF80919B060F94300169E170E13C
:10CF40008CE69CE00E94F3FF80919C060F943001D8
:10CF500062E070E18CE69CE00E94F3FF80919D0608
:10CF60000F9430016AEE7FE08CE69CE00E94F3FFB4
:10CF700080919E060F943001C0910704CC2309F4E0
:10CF8000E2C066E97FE08CE69CE00E9452F5809169
:10CF90009306813059F067E57EE08CE69CE00E94C4
:10CFA000F3FF809193060F943001C0E080919406C6
:10CFB000813059F06EE17EE08CE69CE00E94F3FF48
:10CFC000809194060F943001C0E0809195068130E5
:10CFD00059F066EE7DE08CE69CE00E94F3FF8091C4
:10CFE00095060F943001C0E080919606813059F08B
:10CFF0006EEA7DE08CE69CE00E94F3FF809196064D
:10D000000F943001C0E080919706813059F06BE7B2
:10D010007DE08CE69CE00E94F3FF809197060F94E0
:10D020003001C0E080919806813059F068E47DE0DD
:10D030008CE69CE00E94F3FF809198060F943001EB
:10D04000C0E080917F0781110FC0809199068130E7
:10D0500059F065E17DE08CE69CE00E94F3FF809151
:10D0600099060F943001C0E080919B06813059F001
:10D0700064EE7CE08CE69CE00E94F3FF80919B06CE
:10D080000F943001C0E080919C06813059F063EB31
:10D090007CE08CE69CE00E94F3FF80919C060F945C
:10D0A0003001C0E080919D06813059F06FE77CE04F
:10D0B0008CE69CE00E94F3FF80919D060F94300166
:10D0C000C0E080919E06813059F06AE47CE08CE6F5
:10D0D0009CE00E94F3FF80919E060F943001C0E017
:10D0E0008091560681110BC080915406882339F037
:10D0F0008091550661E07CE0882309F474C080913A
:10D100005606811108C080915406811104C0809197
:10D110005506811166C080915606811108C0809124
:10D120005406882321F08091550681118CC080918E
:10D13000540681115DC080915506882309F458C0BA
:10D1400063E17BE050C080918E06C1E0813059F0F0
:10D1500061E67FE08CE69CE00E94F3FF80918E0602
:10D160000F943001C0E080918F06813059F06FE25A
:10D170007FE08CE69CE00E94F3FF80918F060F9485
:10D180003001C0E080919006813059F066EF7EE07A
:10D190008CE69CE00E94F3FF809190060F94300192
:10D1A000C0E080919106813059F06CEB7EE08CE616
:10D1B0009CE00E94F3FF809191060F943001C0E043
:10D1C00080919206813009F4E2CE69E87EE08CE637
:10D1D0009CE00E94F3FF809192060F943001C0E022
:10D1E000D6CE6FEA7BE08CE69CE00E9452F5C0E070
:10D1F0008091F803882331F062ED7AE08CE69CE0C0
:10D200000E9452F580912D04882331F069E87AE07C
:10D210008CE69CE00E9452F580910904882331F04D
:10D220006EE37AE08CE69CE00E9452F580911B044C
:10D23000882331F062EF79E08CE69CE00E9452F5A1
:10D240008C2FCF9108956DE57BE0CDCFCF92DF920B
:10D25000EF92FF921F93CF93DF93CDB7DEB7A497E2
:10D260000FB6F894DEBF0FBECDBF6EEC79E08CE652
:10D270009CE00E9452F560E08DE10F944F0AF12C82
:10D28000E12C6AE070E080E090E00F94A5108091BE
:10D29000420E9091430E892B09F08BC00F942A12F5
:10D2A000182F882309F485C064EC79E08CE69CE0B3
:10D2B0000E94F3FFB7018CE69CE00F94500069EBED
:10D2C00079E08CE69CE00E94F3FF81E090E00F940F
:10D2D000560061E08DE10F944F0A112309F490C0CC
:10D2E0008091320E882309F46FC082E1EFE2FEE004
:10D2F000DE01119601900D928A95E1F782E1FE011F
:10D300003196A8E6B7E001900D928A95E1F766EABA
:10D3100079E08CE69CE00E94F3FF8091330E882335
:10D3200009F456C090E0B0E0A0E0B82FAA279927F2
:10D3300088272091340E820F911DA11DB11DDC01A3
:10D34000992788274091350E50E070E060E0762FF5
:10D35000652F542F44272091360E420F511D611D19
:10D36000711D6A017B01C80ED91EEA1EFB1EC70192
:10D37000B6010F94410366E979E08CE69CE00E94D7
:10D38000F3FF48E6E42E47E0F42EC70188569740A5
:10D390002FEFE21AF20A209168073091690782178D
:10D3A0009307D4F4F70163818CE69CE00E9408EABD
:10D3B000ECCF2FEFE21AF20A8CE2E81681E0F806D1
:10D3C00009F05FCF10E085CF82E1FE01739690CF28
:10D3D00080E090E0DC01ADCF6AE08CE69CE00F9449
:10D3E0001C00812FA4960FB6F894DEBF0FBECDBFF0
:10D3F000DF91CF911F91FF90EF90DF90CF90089534
:10D40000109269071092680710926A0710926B07D2
:10D4100010926C0710926D0710926E0710926F07B2
:10D420001092700710927107109272071092730792
:10D430001092740710927507109276071092770772
:10D440001092780710927907CCCFCF93DF93EC013D
:10D450006130710599F048F06230710591F06330E8
:10D46000710591F06EE775E002C067E975E0CE01E5
:10D470000E94ADF3CE01DF91CF91089561E975E08F
:10D48000F6CF6CE875E0F3CF66E875E0F0CFBF92B9
:10D49000CF92DF92EF92FF920F931F93CF93DF9380
:10D4A00000D000D0CDB7DEB76C017B018A016AE7FE
:10D4B00075E0CE0101960E94ADF3BE016F5F7F4F14
:10D4C000C6010E9421F2B82ECE0101960E947BF384
:10D4D00084E090E027EB34E0B110B7C163E775E07A
:10D4E000CE0101960E94ADF3BE016F5F7F4FC60172
:10D4F0000E9421F2B82ECE0101960E947BF384E0B7
:10D5000090E023EB34E0B110A0C16FE675E0CE01EE
:10D5100001960E94ADF3BE016F5F7F4FC6010E946E
:10D5200021F2B82ECE0101960E947BF384E090E0B8
:10D530002FEA34E0B11089C163E675E0CE010196AF
:10D540000E94ADF3BE016F5F7F4FC6010E9421F2C2
:10D55000B82ECE0101960E947BF387E090E028EA86
:10D5600034E0B11072C16CE575E0CE0101960E9405
:10D57000ADF3BE016F5F7F4FC6010E9421F2B82E4E
:10D58000CE0101960E947BF385E090E023EA34E02F
:10D59000B1105BC163E575E0CE0101960E94ADF369
:10D5A000BE016F5F7F4FC6010E9421F2B82ECE01EF
:10D5B00001960E947BF387E090E02CE934E0B11003
:10D5C00044C165E475E0CE0101960E94ADF3BE0151
:10D5D0006F5F7F4FC6010E9421F2B82ECE010196E7
:10D5E0000E947BF387E090E025E934E0B1102DC183
:10D5F0006BE375E0CE0101960E94ADF3BE016F5F53
:10D600007F4FC6010E9421F2B82ECE0101960E94E2
:10D610007BF385E090E020E934E0B11016C161E3CE
:10D6200075E0CE0101960E94ADF3BE016F5F7F4FA2
:10D63000C6010E9421F2B82ECE0101960E947BF312
:10D6400087E090E029E834E0B110FFC068E275E0BF
:10D65000CE0101960E94ADF3BE016F5F7F4FC60100
:10D660000E9421F2B82ECE0101960E947BF385E044
:10D6700090E024E834E0B110E8C06DE175E0CE013F
:10D6800001960E94ADF3BE016F5F7F4FC6010E94FD
:10D6900021F2B82ECE0101960E947BF387E090E044
:10D6A0002DE734E0B110D1C065E175E0CE010196FF
:10D6B0000E94ADF3BE016F5F7F4FC6010E9421F251
:10D6C000B82ECE0101960E947BF385E090E028E71A
:10D6D00034E0B110BAC06DE075E0CE0101960E9451
:10D6E000ADF3BE016F5F7F4FC6010E9421F2B82EDD
:10D6F000CE0101960E947BF387E090E021E734E0C1
:10D70000B110A3C065E075E0CE0101960E94ADF3B3
:10D71000BE016F5F7F4FC6010E9421F2B82ECE017D
:10D7200001960E947BF385E090E02CE634E0B11096
:10D730008CC06AEF74E0CE0101960E94ADF3BE0189
:10D740006F5F7F4FC6010E9421F2B82ECE01019675
:10D750000E947BF385E090E027E634E0B11075C0CD
:10D760006CEE74E0CE0101960E94ADF3BE016F5FD6
:10D770007F4FC6010E9421F2B82ECE0101960E9471
:10D780007BF388E090E02FE534E0B1105EC06DEDF2
:10D7900074E0CE0101960E94ADF3BE016F5F7F4F32
:10D7A000C6010E9421F2B82ECE0101960E947BF3A1
:10D7B00085E090E02AE534E0B11047C065ED74E003
:10D7C000CE0101960E94ADF3BE016F5F7F4FC6018F
:10D7D0000E9421F2B82ECE0101960E947BF384E0D4
:10D7E00090E026E534E0B11030C068EC74E0CE0182
:10D7F00001960E94ADF3BE016F5F7F4FC6010E948C
:10D8000021F2B82ECE0101960E947BF384E090E0D5
:10D8100022E534E0B11019C06BEB74E0CE01019643
:10D820000E94ADF3BE016F5F7F4FC6010E9421F2DF
:10D83000D82ECE0101960E947BF385E090E02DE486
:10D8400034E0D11002C080E02FC0A8E7B5E0BD01F0
:10D8500050E040E0F901E40FF51FD490FB01D192B4
:10D86000BF01FA0131968E179F0771F588589A4FBC
:10D8700030E020E06D91260F311D8A179B07D1F70C
:10D88000319521953109FC013083FA01E858FA4FAE
:10D89000228388E795E0F701918380834D5F5F4F96
:10D8A000F8015183408381E026960FB6F894DEBFDD
:10D8B0000FBECDBFDF91CF911F910F91FF90EF90E1
:10D8C000DF90CF90BF900895AF01C4CF0F931F9307
:10D8D000CF93DF9300D000D000D01F92CDB7DEB73A
:10D8E0008C0169EA76E0CE0101960E94ADF3AE01AB
:10D8F000475F5F4FBE01695F7F4FCE0101960E9477
:10D90000476ACE0101960E947BF349855A856F8153
:10D910007885D801ED91FC910280F381E02DC8015A
:10D9200019956BE776E08CE69CE00E9452F52A960A
:10D930000FB6F894DEBF0FBECDBFDF91CF911F9120
:10D940000F910895EF92FF921F93CF93DF93CDB77E
:10D95000DEB762970FB6F894DEBF0FBECDBF8CE680
:10D960009CE00E94B7E9892B81F08CE69CE00E9444
:10D9700096E9182F682F8CE69CE00F941C00612F0D
:10D9800087E29EE00E947BF2EACFE0902B0EF090BF
:10D990002C0E8FE09BE00E94B7E9892B81F08FE08D
:10D9A0009BE00E9496E9182F682F8CE69CE00F946C
:10D9B0001C00612F87E29EE00E947BF2EACF40913B
:10D9C0002B0E50912C0ECA018E199F098F3791058D
:10D9D0000CF4AAC04351510967E27EE0CE010D96D6
:10D9E0000E94E0DA63EA74E0CE0101960E94BFF380
:10D9F00065EA74E0CE0107960E94BFF3AE014F5F67
:10DA00005F4FBE01695F7F4FCE010D960E9492F07D
:10DA1000CE0107960E947BF3CE0101960E947BF314
:10DA200067EA74E0CE0101960E94BFF36CEB74E0EC
:10DA3000CE0107960E94BFF3AE014F5F5F4FBE015C
:10DA4000695F7F4FCE010D960E9492F0CE0107963E
:10DA50000E947BF3CE0101960E947BF369EA74E099
:10DA6000CE0101960E94BFF36BEA74E0CE010796E7
:10DA70000E94BFF3AE014F5F5F4FBE01695F7F4FF2
:10DA8000CE010D960E9492F0CE0107960E947BF384
:10DA9000CE0101960E947BF36DEA74E0CE010196FF
:10DAA0000E94BFF36FEA74E0CE0107960E94BFF3B5
:10DAB000AE014F5F5F4FBE01695F7F4FCE010D9694
:10DAC0000E9492F0CE0107960E947BF3CE01019650
:10DAD0000E947BF365E273E18FE09BE00E94F3FF1D
:10DAE000BE01635F7F4F8FE09BE00E9468F562E2BA
:10DAF00073E18FE09BE00E94F3FF69E173E18CE644
:10DB00009CE00E94F3FFBE01635F7F4F8CE69CE0C8
:10DB10000E9468F566E173E18CE69CE00E9452F594
:10DB2000CE010D960E947BF362960FB6F894DEBF8D
:10DB30000FBECDBFDF91CF911F91FF90EF90089561
:10DB40002F923F924F925F926F927F928F929F920D
:10DB5000AF92BF92CF92DF92EF92FF920F931F93FB
:10DB6000CF93DF93CDB7DEB7E8970FB6F894DEBF5B
:10DB70000FBECDBF4C015B015EAB4DAB38AF2FABE1
:10DB800060EA74E00E94BFF310E000E0C801029672
:10DB90002DA93EA92817390708F4FDC27501E00E2A
:10DBA000F11EF701C080D12C3601F2E06F0E711C1E
:10DBB0001801260C371C2215330508F4ECC2FCAA08
:10DBC000EBAAF701512C412CCF018E199F098C151E
:10DBD0009D0520F48191480E511CF6CFC501820DA0
:10DBE000931DFC01329720810197FC018081522F07
:10DBF000482F5AAB49AB60EA74E0CE0149960E94C7
:10DC0000BFF351944194510889A99AA9481659061D
:10DC100031F068E676E0CE0149960E9451F2F701B4
:10DC2000F181F9AB60EA74E0CE0143960E94BFF344
:10DC300040E169A9CE010D960E9483F34D845E8474
:10DC40004114510471F0F20181912F01882349F0B0
:10DC5000082E000C990B0F942DB2F201319780839E
:10DC6000F2CFF9A9F43A09F079C160EA74E0CE0183
:10DC700007960E94BFF30C5F1F4F0A0D1B1DC801C2
:10DC80008E199F098C159D0540F4F80161918F0153
:10DC9000CE0107960E947BF2F2CF62E676E0CE01DB
:10DCA00001960E94ADF3BE016F5F7F4FCE010796D4
:10DCB0000E94D8F18C01CE0101960E947BF317FDE2
:10DCC0001BC16AE576E0CE0101960E94ADF365E5E1
:10DCD00076E0CE014F960E94ADF3BE01615E7F4FAC
:10DCE000CE0107960E94D8F17C01CE014F960E948A
:10DCF0007BF3F7FC3DC061E675E0CE014F960E94D4
:10DD0000BFF38B859C85E816F90670F4CF80D88424
:10DD10006F8D78A1C6018E0D9F1D0F9478B28C0176
:10DD20000C191D09892B11F40FEF1FEFCE014F962F
:10DD30000E947BF317FF02C00B851C85A7014C5F77
:10DD40005F4F9801BE01695F7F4FCE014F960E94E1
:10DD5000D4F3BE01615E7F4FCE0101960E94A0F216
:10DD6000CE014F960E947BF3CE0101960E9435F0C2
:10DD70006BE476E0CE014F960E94ADF3BE01615E8A
:10DD80007F4FCE0185960E94B6F3BE016F5F7F4F35
:10DD9000CE0185960E9401F3BC01CE0143960E94FC
:10DDA00064F3CE0185960E947BF3CE014F960E94CC
:10DDB0007BF3CE0101960E947BF3CE0107960E9471
:10DDC0007BF360EA74E0CE0101960E94BFF310E09D
:10DDD00000E0730131E0E31AF108EBA9FCA981919D
:10DDE000FCABEBAB803130F467ED74E0CE01019613
:10DDF0000E948FF240E1EBA9FCA931976081CE012E
:10DE000007960E9483F3BE01695F7F4FCE010196A2
:10DE10000E9499F2CE0107960E947BF30E151F0512
:10DE200030F461EB74E0CE0101960E948FF20F5F37
:10DE30001F4F0615170588F26DEA75E0CE010796AB
:10DE40000E94ADF3BE01695F7F4FCE014F960E94E5
:10DE5000B6F3BE01635F7F4FCE014F960E9401F380
:10DE6000BC01CE0149960E9499F2CE014F960E94C4
:10DE70007BF3CE0107960E947BF36DE975E0CE013E
:10DE800007960E94ADF3BE01695F7F4FCE014F96AA
:10DE90000E94B6F3BE016D5E7F4FCE014F960E9489
:10DEA00001F3BC01CE0149960E9499F2CE014F9632
:10DEB0000E947BF3CE0107960E947BF361E675E03A
:10DEC000CE0149960E948FF2BE01675E7F4FC4016A
:10DED0000E9499F2CE0101960E947BF3CE010D962D
:10DEE0000E947BF3CE0143960E947BF3CE014996BC
:10DEF0000E947BF381014ACE63E476E0CE01019675
:10DF00000E94ADF360E2CE0107960E94F3F118166D
:10DF10001906C4F49C0150E040E0BE01695F7F4FE8
:10DF2000CE014F960E94D4F3BE01615E7F4FCE01B9
:10DF300001960E94A0F2CE014F960E947BF369E207
:10DF400076E018CF8B859C85892BC9F3BE01695F6C
:10DF50007F4FCE0101960E9464F3F1CFF9A9F33F00
:10DF600009F062C0F701548060EA74E0CE010196C6
:10DF70000E94BFF30B5F1F4F0A0D1B1DC8018E19B6
:10DF80009F098C159D0570F4F80161918F016D302A
:10DF9000A9F36A3099F3662389F3CE0101960E94B2
:10DFA0007BF2ECCF6DE176E0CE018B960E94ADF373
:10DFB0004AE0652DCE0185960E9483F36EE076E0FF
:10DFC000CE0107960E94ADF3BE01695F7F4FCE017F
:10DFD0004F960E94B6F3BE016B5D7F4FCE014F9608
:10DFE0000E9401F3BE01655D7F4F0E9401F3BE01F7
:10DFF0006F5F7F4F0E9401F3BC01CE0143960E94E8
:10E0000064F3CE014F960E947BF3CE0107960E94E7
:10E010007BF3CE0185960E947BF3CE018B960E9406
:10E020007BF3CE010196CBCEF9A96AE076E0F03D14
:10E0300029F029A9213D39F466E076E0CE01439626
:10E040000E9414F3BECE39A904E010E02301F3E0EE
:10E050004F1A5108363F09F070C0F701148160EA89
:10E0600074E0CE0101960E94BFF3103239F11132F3
:10E0700009F460C06FEF75E0133011F168EC75E0E2
:10E08000CE0101960E9414F3103130F467ED74E074
:10E09000CE0101960E948FF240E1612FCE010796DA
:10E0A0000E9483F3BE01695F7F4FCE0101960E94FB
:10E0B00099F2CE0107960E947BF306C060EF75E0EF
:10E0C000CE0101960E9414F366EC75E0CE018596B0
:10E0D0000E94ADF36EEB75E0CE0107960E94ADF3A2
:10E0E000BE01695F7F4FCE014F960E94B6F3BE011D
:10E0F0006F5F7F4FCE014F960E9401F3BE016B5DB3
:10E100007F4F0E9401F3BC01CE0143960E9464F34D
:10E11000CE014F960E947BF3CE0107960E947BF3BF
:10E12000CE0185960E947BF360E08FA998AD0E9496
:10E13000476277CF6FED75E0C3CF0C151D0508F072
:10E1400040CEF701E00FF11F208129AB203130F4E0
:10E1500067ED74E0CE0143960E948FF240E169A919
:10E16000CE0101960E9483F3BE016F5F7F4FCE0107
:10E1700043960E9499F2CE0101960E947BF304150A
:10E18000150530F461EB74E0CE0143960E948FF2E6
:10E190000F5F1F4FD2CFC401E8960FB6F894DEBFD1
:10E1A0000FBECDBFDF91CF911F910F91FF90EF90E8
:10E1B000DF90CF90BF90AF909F908F907F906F90A7
:10E1C0005F904F903F902F9008954F925F926F9283
:10E1D0007F92AF92BF92CF92DF92EF92FF920F9316
:10E1E0001F93CF93DF93CDB7DEB7C952D1400FB69F
:10E1F000F894DEBF0FBECDBF8C016B015A01AE019A
:10E200004A5D5E4FBE016C5D7E4FC5010E94476A4C
:10E21000811139C062E577E0CE0101960E94ADF32D
:10E22000BE016F5F7F4FCE0193950E94B6F3B5019B
:10E23000CE0193950E9401F361E675E00E94EBF236
:10E24000BC01C8010E94B6F3CE0193950E947BF3F6
:10E25000CE0101960E947BF3C801C75DDE4F0FB669
:10E26000F894DEBF0FBECDBFDF91CF911F910F910C
:10E27000FF90EF90DF90CF90BF90AF907F906F9026
:10E280005F904F90089582EBE82E89E0F82EC1143C
:10E29000D10469F0C6010E94626262E370E080E02E
:10E2A00090E00F94A51095E5E92E98E0F92E62E331
:10E2B00070E080E090E00F94A51050E040E0B601DF
:10E2C000C7010E942DFCD701ED91FC910190F081D6
:10E2D000E02D60E0C701199562E370E080E090E016
:10E2E0000F94A510CA5DDE4F48815981C652D140B6
:10E2F000CC5DDE4F68817981C452D140D701ED9168
:10E30000FC910280F381E02DC70119950F945413FD
:10E310002B013C0162E370E080E090E00F94A510D7
:10E320000F9454136419750986099709643F714065
:10E330008105910580F46AE070E080E090E00F9440
:10E34000A510D701ED91FC910084F185E02DC70166
:10E350001995892B29F3C85DDE4F19821882C8529E
:10E36000D14024E130E0AE01485D5E4FBE016F5FF9
:10E370007F4FC7010F94DB14F82E6FE477E0CE01D6
:10E38000885E9E4F0E94ADF36AE377E0CE018E5E19
:10E390009E4F0E94ADF3B601CE01845F9E4F0E9456
:10E3A000256A60E377E0CE0193950E94ADF3BE014C
:10E3B0007395CE018A5F9E4F0E94B6F3BE01645FE3
:10E3C0007E4FCE018A5F9E4F0E9401F3BE016E5EBA
:10E3D0007E4F0E9401F3B5010E9401F3BE01685E09
:10E3E0007E4F0E9401F3BC01CE01825E9E4F0E94CF
:10E3F000B6F3CE018A5F9E4F0E947BF3CE019395C8
:10E400000E947BF3CE01845F9E4F0E947BF3CE017E
:10E410008E5E9E4F0E947BF3CE01885E9E4F0E94CF
:10E420007BF3FF2049F0C85DDE4F48815981C85217
:10E43000D14041155105C1F466E077E0CE01825E1E
:10E440009E4F0E9451F2F8011182108213821282B3
:10E4500015821482BE01625E7E4FC8010E94A0F246
:10E46000CE01825E9E4FF6CE9601BE016F5F7F4F5A
:10E47000CE0193950E94A06DBE017395CE01825E80
:10E480009E4F0E9499F2D80111961C921E921396EB
:10E490001C921E92129715961C921E921497BE0102
:10E4A000625E7E4FC8010E94A0F2CE0193950E9449
:10E4B0007BF3D6CF4F925F926F927F928F929F9213
:10E4C000AF92BF92CF92DF92EF92FF920F931F9382
:10E4D000CF93DF93CDB7DEB768970FB6F894DEBF62
:10E4E0000FBECDBF8AE3C82E82E0D82E98E3692EF6
:10E4F00092E0792E44244394F601E190F1906F016B
:10E500000091380210913902B801CE0101960E94A3
:10E51000BFF3AE014F5F5F4FB701CE010D960E9472
:10E52000E570CE0101960E947BF3BE01635F7F4FD1
:10E530008CE69CE00E9468F562E979E0CE010796DE
:10E540000E94ADF3B801CE0101960E94BFF3BE0157
:10E55000695F7F4FCE0101960E9421F2182FCE01F4
:10E5600001960E947BF3CE0107960E947BF3112354
:10E5700061F163E779E0CE0101960E94ADF3BE013F
:10E580006F5F7F4FCE010D960E94D8F18C01CE01B6
:10E5900001960E947BF317FF35C068E379E0CE0156
:10E5A00001960E94ADF3BE016F5F7F4FCE010D96C5
:10E5B0000E94D8F18C01CE0101960E947BF317FDD9
:10E5C00004C0F701EA50FA4F4082CE010D960E9436
:10E5D0007BF300E012E055245394C7018A509A4F10
:10E5E0005C01F8018681978181309105B1F5F501D3
:10E5F0008081811138C0085F1F4F6016710689F74E
:10E60000652D0BC06DE379E08CE69CE00E9452F52D
:10E61000CE010D960E947BF360E0C7010E94476225
:10E62000F2E4CF16F2E0DF0609F066CF68960FB687
:10E63000F894DEBF0FBECDBFDF91CF911F910F9138
:10E64000FF90EF90DF90CF90BF90AF909F908F9012
:10E650007F906F905F904F900895029721F4F5019D
:10E6600080818111C8CFF80160817181CE0101964E
:10E670000E94BFF3AE014F5F5F4FB701CE010D9611
:10E680000E94E570CE0101960E947BF3BE01635F9C
:10E690007F4F8CE69CE00E9468F5BE01635F7F4F70
:10E6A000CE0143960E94B6F3CE0143960E9435F008
:10E6B000F80164817581CE0101960E94BFF32F8914
:10E6C000388D4D815E812417350798F08B899C89A0
:10E6D000009779F069817A816115710551F0241BE9
:10E6E000350B820F931F0F9468B299249394892B52
:10E6F00009F0912CCE0101960E947BF3911044C049
:10E7000065E279E08CE69CE00E94F3FFF8018081ED
:10E7100091810F945403F80162817381CE010196B7
:10E720000E94BFF3AE014F5F5F4FB701CE01079666
:10E730000E94E570BE01695F7F4FCE010D960E9479
:10E74000A0F2CE0107960E947BF3CE0101960E94B3
:10E750007BF3BE01635F7F4F8CE69CE00E9468F50F
:10E760006BE179E0CE0101960E94ADF3BE016F5FCF
:10E770007F4FCE010D960E94D8F14C01CE0101963B
:10E780000E947BF397FC512CCE0143960E947BF3B1
:10E79000CE010D960E947BF32ECF4F925F926F9227
:10E7A0007F928F929F92AF92BF92CF92DF92EF9221
:10E7B000FF920F931F93CF93DF93CDB7DEB7C6556C
:10E7C000D1090FB6F894DEBF0FBECDBF0E94A26C78
:10E7D000C0902B0ED0902C0E1C141D040CF016C3F0
:10E7E0006EE587E29EE00E94F3F17C0164E287E23D
:10E7F0009EE00E94F3F15C011E141F040CF001C3A3
:10E80000970150E040E067E27EE0CE0101960E9471
:10E81000D4F3BE016F5F7F4F8BE19EE00E94A0F2B8
:10E82000CE0101960E947BF3EA14FB040CF0EEC2C9
:10E8300045012FEF821A920A9401A70167E27EE058
:10E84000CE0101960E94D4F3BE016F5F7F4F81E23B
:10E850009EE00E94A0F2CE0101960E947BF331E07F
:10E86000C31AD108AC14BD040CF067C3A40167E25D
:10E870007EE0CE0101960E94E0DABE016F5F7F4F1D
:10E8800087E29EE00E94A0F2CE0101960E947BF3F7
:10E8900080911F0E9091200E892B09F4A2C063EA8B
:10E8A00074E0CE0189960E94BFF365EA74E0CE0160
:10E8B00001960E94BFF3AE01475D5F4FBE016F5FDF
:10E8C0007F4F8BE19EE00E9492F0CE0101960E9464
:10E8D0007BF3CE0189960E947BF367EA74E0CE0158
:10E8E00089960E94BFF36CEB74E0CE0101960E9402
:10E8F000BFF3AE01475D5F4FBE016F5F7F4F8BE19E
:10E900009EE00E9492F0CE0101960E947BF3CE0120
:10E9100089960E947BF369EA74E0CE0189960E9491
:10E92000BFF36BEA74E0CE0101960E94BFF3AE0123
:10E93000475D5F4FBE016F5F7F4F8BE19EE00E949E
:10E9400092F0CE0101960E947BF3CE0189960E943F
:10E950007BF36DEA74E0CE0189960E94BFF36FEA03
:10E9600074E0CE0101960E94BFF3AE01475D5F4F98
:10E97000BE016F5F7F4F8BE19EE00E9492F0CE015F
:10E9800001960E947BF3CE0189960E947BF36DE392
:10E9900073E18FE09BE00E94F3FF6BE17EE08FE08C
:10E9A0009BE00E9468F56AE373E18FE09BE00E94C0
:10E9B000F3FF61E373E18CE69CE00E94F3FF6BE1FF
:10E9C0007EE08CE69CE00E9468F56EE273E18CE6E6
:10E9D0009CE00E9452F560EA74E08BE19EE00E94A8
:10E9E0005AF38CE69CE00E944EF565E47AE38CE6EF
:10E9F0009CE00E9452F581E29EE00F94F1026BEAE6
:10EA000074E0CE0101960E94BFF3BE016F5F7F4F9D
:10EA100081E29EE00E94D8F19C0141E050E061E279
:10EA20007EE0CE0189960E94D4F3BE01675D7F4FE0
:10EA30008FE09EE00E94A0F2CE0189960E947BF3B7
:10EA4000CE0101960E947BF366E37AE38CE69CE0BC
:10EA50000E94F3FF8FE09EE00F94F1026FE07EE0F2
:10EA600085E19EE00E9464F36CEB74E0CE01899630
:10EA70000E94BFF3BE01675D7F4F81E29EE00E946E
:10EA8000D8F18C016BEA74E0CE0101960E94BFF3CD
:10EA9000BE016F5F7F4F81E29EE00E94D8F1AC0122
:10EAA0004F5F5F4F980161E27EE0CE01CB960E94FE
:10EAB000D4F3BE01655C7F4F83E09EE00E94A0F22C
:10EAC000CE01CB960E947BF3CE0101960E947BF390
:10EAD000CE0189960E947BF363E27AE38CE69CE0A8
:10EAE0000E94F3FF83E09EE00F94F1026FEA74E06E
:10EAF000CE0101960E94BFF3BE016F5F7F4F83E09E
:10EB00009EE00E94D8F19C0150E040E063E07EE08E
:10EB1000CE0189960E94D4F3BE01675D7F4F89E0E4
:10EB20009EE00E94A0F2CE0189960E947BF3CE0166
:10EB300001960E947BF389E09EE00E942AF0709388
:10EB4000EB056093EA056AE07AE38CE69CE00E94BC
:10EB5000F3FF8091EA059091EB050F9456006FEA60
:10EB600074E0CE0101960E94BFF3BE016F5F7F4F3C
:10EB700083E09EE00E94D8F1AC014F5F5F4F63E0FD
:10EB80007EE0CE0189960E94E0DABE01675D7F4F8C
:10EB90008DEF9DE00E94A0F2CE0189960E947BF34A
:10EBA000CE0101960E947BF363EF79E38CE69CE053
:10EBB0000E94F3FF8DEF9DE00F94F10260EA74E094
:10EBC00081EF9DE00E945AF360EA74E08BEE9DE0D5
:10EBD0000E945AF360EA74E085EE9DE00E945AF3C9
:10EBE00060EA74E08FED9DE00E945AF360EA74E001
:10EBF00089ED9DE00E945AF38091EA059091EB0522
:10EC00008130910509F0A0C16BEA74E0CE01019654
:10EC10000E94BFF3BE016F5F7F4F8DEF9DE00E94AA
:10EC2000D8F19C0150E040E06DEF7DE0CE01899687
:10EC30000E94D4F3BE01675D7F4F81EF9DE00E948B
:10EC4000A0F2CE0189960E947BF3CE0101960E942C
:10EC50007BF369EE79E38CE69CE00E94F3FF81EFA1
:10EC60009DE00F94F1026EE479E38CE69CE00E9453
:10EC700052F581E090E09093E9058093E80565E422
:10EC800079E3CE0189960E94ADF3BE01675D7F4FA7
:10EC90008FE09EE00E9421F211E0811115C066E331
:10ECA00079E3CE0101960E94ADF3BE016F5F7F4F05
:10ECB0008FE09EE00E9421F211E0811101C010E07E
:10ECC000CE0101960E947BF3CE0189960E947BF3D0
:10ECD000112309F4D7C68091EA059091EB050197BD
:10ECE00009F0CBC60F94F1096CEE73E18CE69CE061
:10ECF0000E9452F56EED73E18CE69CE00E94F3FFFA
:10ED000081EF9DE00F94F10261EF7DE087EB9FE0E2
:10ED10000E94F3DA882309F481C561EF7DE087EB77
:10ED20009FE00E9464F369ED73E1CE0101960E94B9
:10ED3000ADF3BE016F5F7F4F81EF9DE00E9421F236
:10ED4000082FCE0101960E947BF3011167C562ED89
:10ED500073E1CE0101960E94ADF3BE016F5F7F4F5C
:10ED600081EF9DE00E9421F2082FCE0101960E94C2
:10ED70007BF324E6011170C66DEC73E1CE010196C0
:10ED80000E94ADF3BE016F5F7F4F81EF9DE00E9457
:10ED900021F2082FCE0101960E947BF301113EC59E
:10EDA00068EC73E1CE0189960E94ADF3BE01675D08
:10EDB0007F4F81EF9DE00E9421F2811115C06DEB24
:10EDC00073E1CE0101960E94ADF3BE016F5F7F4FEC
:10EDD00081EF9DE00E9421F211E0811101C010E05D
:10EDE000CE0101960E947BF3CE0189960E947BF3AF
:10EDF000112309F4B8C440E060E08FEF0F94D810FD
:10EE00000DC5E816F90614F4F7FE12CD60EA74E0B9
:10EE100085E19EE00E945AF360EA74E087E29EE09A
:10EE20000E940CF2882311F40C946AA68CE69CE0F4
:10EE30000E94B7E9892B11F00C946AA68FE09BE041
:10EE40000E94B7E9892B11F00C946AA60F94541311
:10EE50006093E0057093E1058093E2059093E305EC
:10EE600063EC71E3CE0101960E94ADF3BE016F5FCA
:10EE70007F4F87EB9FE00E9421F2182FCE01019671
:10EE80000E947BF3112311F40C94ABA68091E00552
:10EE90009091E105A091E205B091E3054091C6058E
:10EEA0005091C7056091C8057091C905841B950BE9
:10EEB000A60BB70B0A97A105B10510F40C946AA62E
:10EEC0000F9454136093C6057093C7058093C805CB
:10EED0009093C905F12CE12C10E000E06091A30FA4
:10EEE0007091A40F0617170710F00C9458A6C701CD
:10EEF0000F94D1AF8091C405860F0E9412C79B0169
:10EF0000AC01B80181EA9FE00E94F0F86091A30F84
:10EF10007091A40FC7010F94D1AF8091C405860FE3
:10EF20000E9412C79B01AC01B8018BE89FE00E94D0
:10EF3000F0F80F5F1F4FF394D1CF60EA74E087E2DF
:10EF40009EE00E945AF3A4CC8230910509F082C061
:10EF50006BEA74E0CE0101960E94BFF3BE016F5FC1
:10EF60007F4F8DEF9DE00E94D8F19C0150E040E082
:10EF70006DEF7DE0CE0189960E94D4F3BE01675DFE
:10EF80007F4F81EF9DE00E94A0F2CE0189960E9402
:10EF90007BF3CE0101960E947BF36FED79E38CE663
:10EFA0009CE00E94F3FF81EF9DE00F94F1026BEA79
:10EFB00074E0CE0101960E94BFF3BE016F5F7F4FE8
:10EFC0008DEF9DE00E94D8F1AC014F5F5F4F6DEF78
:10EFD0007DE0CE0189960E94E0DABE01675D7F4F39
:10EFE0008DEF9DE00E94A0F2CE0189960E947BF3F6
:10EFF000CE0101960E947BF36BEA74E0CE0101968C
:10F000000E94BFF3BE016F5F7F4F8DEF9DE00E94B6
:10F01000D8F19C0150E040E06DEF7DE0CE01899693
:10F020000E94D4F3BE01675D7F4F8BEE9DE00E948E
:10F03000A0F2CE0189960E947BF3CE0101960E9438
:10F040007BF365ED79E38CE69CE00E94F3FF8BEEA9
:10F050009DE007CE8330910509F0D6C06BEA74E0DD
:10F06000CE0101960E94BFF3BE016F5F7F4F8DEF0F
:10F070009DE00E94D8F19C0150E040E06DEF7DE002
:10F08000CE0189960E94D4F3BE01675D7F4F81EF68
:10F090009DE00E94A0F2CE0189960E947BF3CE01F2
:10F0A00001960E947BF36BEC79E38CE69CE00E9476
:10F0B000F3FF81EF9DE00F94F1026BEA74E0CE0163
:10F0C00001960E94BFF3BE016F5F7F4F8DEF9DE001
:10F0D0000E94D8F1AC014F5F5F4F6DEF7DE0CE0134
:10F0E00089960E94E0DABE01675D7F4F8DEF9DE05B
:10F0F0000E94A0F2CE0189960E947BF3CE01019678
:10F100000E947BF36BEA74E0CE0101960E94BFF38C
:10F11000BE016F5F7F4F8DEF9DE00E94D8F19C0193
:10F1200050E040E06DEF7DE0CE0189960E94D4F37F
:10F13000BE01675D7F4F8BEE9DE00E94A0F2CE0185
:10F1400089960E947BF3CE0101960E947BF361ECCD
:10F1500079E38CE69CE00E94F3FF8BEE9DE00F9438
:10F16000F1026BEA74E0CE0101960E94BFF3BE018A
:10F170006F5F7F4F8DEF9DE00E94D8F1AC014F5F34
:10F180005F4F6DEF7DE0CE0189960E94E0DABE010F
:10F19000675D7F4F8DEF9DE00E94A0F2CE018996C2
:10F1A0000E947BF3CE0101960E947BF36BEA74E030
:10F1B000CE0101960E94BFF3BE016F5F7F4F8DEFBE
:10F1C0009DE00E94D8F19C0150E040E06DEF7DE0B1
:10F1D000CE0189960E94D4F3BE01675D7F4F85EE14
:10F1E0009DE00E94A0F2CE0189960E947BF3CE01A1
:10F1F00001960E947BF367EB79E38CE69CE00E942A
:10F20000F3FF85EE9DE02DCD8430910509F02AC1F4
:10F210006BEA74E0CE0101960E94BFF3BE016F5FFE
:10F220007F4F8DEF9DE00E94D8F19C0150E040E0BF
:10F230006DEF7DE0CE0189960E94D4F3BE01675D3B
:10F240007F4F81EF9DE00E94A0F2CE0189960E943F
:10F250007BF3CE0101960E947BF36DEA79E38CE6A5
:10F260009CE00E94F3FF81EF9DE00F94F1026BEAB6
:10F2700074E0CE0101960E94BFF3BE016F5F7F4F25
:10F280008DEF9DE00E94D8F1AC014F5F5F4F6DEFB5
:10F290007DE0CE0189960E94E0DABE01675D7F4F76
:10F2A0008DEF9DE00E94A0F2CE0189960E947BF333
:10F2B000CE0101960E947BF36BEA74E0CE010196C9
:10F2C0000E94BFF3BE016F5F7F4F8DEF9DE00E94F4
:10F2D000D8F19C0150E040E06DEF7DE0CE018996D1
:10F2E0000E94D4F3BE01675D7F4F8BEE9DE00E94CC
:10F2F000A0F2CE0189960E947BF3CE0101960E9476
:10F300007BF363EA79E38CE69CE00E94F3FF8BEEEB
:10F310009DE00F94F1026BEA74E0CE0101960E9429
:10F32000BFF3BE016F5F7F4F8DEF9DE00E94D8F16C
:10F33000AC014F5F5F4F6DEF7DE0CE0189960E947B
:10F34000E0DABE01675D7F4F8DEF9DE00E94A0F285
:10F35000CE0189960E947BF3CE0101960E947BF339
:10F360006BEA74E0CE0101960E94BFF3BE016F5FAD
:10F370007F4F8DEF9DE00E94D8F19C0150E040E06E
:10F380006DEF7DE0CE0189960E94D4F3BE01675DEA
:10F390007F4F85EE9DE00E94A0F2CE0189960E94EB
:10F3A0007BF3CE0101960E947BF369E979E38CE659
:10F3B0009CE00E94F3FF85EE9DE00F94F1026BEA62
:10F3C00074E0CE0101960E94BFF3BE016F5F7F4FD4
:10F3D0008DEF9DE00E94D8F1AC014F5F5F4F6DEF64
:10F3E0007DE0CE0189960E94E0DABE01675D7F4F25
:10F3F0008DEF9DE00E94A0F2CE0189960E947BF3E2
:10F40000CE0101960E947BF36BEA74E0CE01019677
:10F410000E94BFF3BE016F5F7F4F8DEF9DE00E94A2
:10F42000D8F19C0150E040E06DEF7DE0CE0189967F
:10F430000E94D4F3BE01675D7F4F8FED9DE00E9477
:10F44000A0F2CE0189960E947BF3CE0101960E9424
:10F450007BF36FE879E38CE69CE00E94F3FF8FED8D
:10F460009DE0FFCB059709F0FECB6BEA74E0CE017F
:10F4700001960E94BFF3BE016F5F7F4F8DEF9DE04D
:10F480000E94D8F19C0150E040E06DEF7DE0CE019C
:10F4900089960E94D4F3BE01675D7F4F81EF9DE0A6
:10F4A0000E94A0F2CE0189960E947BF3CE010196C4
:10F4B0000E947BF365E879E38CE69CE00E94F3FF11
:10F4C00081EF9DE00F94F1026BEA74E0CE010196AA
:10F4D0000E94BFF3BE016F5F7F4F8DEF9DE00E94E2
:10F4E000D8F1AC014F5F5F4F6DEF7DE0CE018996A3
:10F4F0000E94E0DABE01675D7F4F8DEF9DE00E94C4
:10F50000A0F2CE0189960E947BF3CE0101960E9463
:10F510007BF36BEA74E0CE0101960E94BFF3BE015B
:10F520006F5F7F4F8DEF9DE00E94D8F19C0150E00E
:10F5300040E06DEF7DE0CE0189960E94D4F3BE01DC
:10F54000675D7F4F8BEE9DE00E94A0F2CE01899611
:10F550000E947BF3CE0101960E947BF36BE779E377
:10F560008CE69CE00E94F3FF8BEE9DE00F94F1028D
:10F570006BEA74E0CE0101960E94BFF3BE016F5F9B
:10F580007F4F8DEF9DE00E94D8F1AC014F5F5F4F40
:10F590006DEF7DE0CE0189960E94E0DABE01675DE5
:10F5A0007F4F8DEF9DE00E94A0F2CE0189960E94D0
:10F5B0007BF3CE0101960E947BF36BEA74E0CE01EF
:10F5C00001960E94BFF3BE016F5F7F4F8DEF9DE0FC
:10F5D0000E94D8F19C0150E040E06DEF7DE0CE014B
:10F5E00089960E94D4F3BE01675D7F4F85EE9DE052
:10F5F0000E94A0F2CE0189960E947BF3CE01019673
:10F600000E947BF361E779E38CE69CE00E94F3FFC4
:10F6100085EE9DE00F94F1026BEA74E0CE01019655
:10F620000E94BFF3BE016F5F7F4F8DEF9DE00E9490
:10F63000D8F1AC014F5F5F4F6DEF7DE0CE01899651
:10F640000E94E0DABE01675D7F4F8DEF9DE00E9472
:10F65000A0F2CE0189960E947BF3CE0101960E9412
:10F660007BF36BEA74E0CE0101960E94BFF3BE010A
:10F670006F5F7F4F8DEF9DE00E94D8F19C0150E0BD
:10F6800040E06DEF7DE0CE0189960E94D4F3BE018B
:10F69000675D7F4F8FED9DE00E94A0F2CE018996BD
:10F6A0000E947BF3CE0101960E947BF367E679E32B
:10F6B0008CE69CE00E94F3FF8FED9DE00F94F10239
:10F6C0006BEA74E0CE0101960E94BFF3BE016F5F4A
:10F6D0007F4F8DEF9DE00E94D8F1AC014F5F5F4FEF
:10F6E0006DEF7DE0CE0189960E94E0DABE01675D94
:10F6F0007F4F8DEF9DE00E94A0F2CE0189960E947F
:10F700007BF3CE0101960E947BF36BEA74E0CE019D
:10F7100001960E94BFF3BE016F5F7F4F8DEF9DE0AA
:10F720000E94D8F19C0150E040E06DEF7DE0CE01F9
:10F7300089960E94D4F3BE01675D7F4F89ED9DE0FD
:10F740000E94A0F2CE0189960E947BF3CE01019621
:10F750000E947BF36DE579E38CE69CE00E94F3FF69
:10F7600089ED9DE07ECA67EB73E1CE0101960E94B0
:10F77000ADF3BE016F5F7F4F81EF9DE00E9421F2EC
:10F78000182FCE0101960E947BF3111134CB6EEA43
:10F7900073E1CE0101960E94ADF3BE016F5F7F4F12
:10F7A00081EF9DE00E9421F2182FCE0101960E9468
:10F7B0007BF340E06FEF80E0111120CB6AEA73E148
:10F7C000CE0101960E94ADF3BE016F5F7F4F81EFC6
:10F7D0009DE00E9421F2182FCE0101960E947BF33A
:10F7E00020E0111139C161EA73E1CE0101960E9456
:10F7F000ADF3BE016F5F7F4F81EF9DE00E9421F26C
:10F80000182FCE0101960E947BF3112309F40FC13A
:10F810002FEF4FEF6FEF8FEF0E949BC66CE873E105
:10F82000CE0101960E94ADF3BE016F5F7F4F85E16F
:10F830009EE00E9421F2182FCE0101960E947BF3D8
:10F84000112321F16CE673E18FE09BE00E94F3FF4E
:10F8500061EF7DE08FE09BE00E9468F569E673E16F
:10F860008FE09BE00E94F3FF69E473E18CE69CE08B
:10F870000E94F3FF61EF7DE08CE69CE00E9468F55A
:10F8800066E473E18CE69CE00E9452F58091E80505
:10F890009091E905892B09F09CC067EE71E38CE635
:10F8A0009CE00E94F3FF63EA74E0CE0189960E9417
:10F8B000BFF365EA74E0CE0101960E94BFF3AE018A
:10F8C000475D5F4FBE016F5F7F4F81E29EE00E9408
:10F8D00092F0CE0101960E947BF3CE0189960E94A0
:10F8E0007BF367EA74E0CE0189960E94BFF36CEB6C
:10F8F00074E0CE0101960E94BFF3AE01475D5F4FF9
:10F90000BE016F5F7F4F81E29EE00E9492F0CE01C8
:10F9100001960E947BF3CE0189960E947BF369EAEF
:10F9200074E0CE0189960E94BFF36BEA74E0CE01C9
:10F9300001960E94BFF3AE01475D5F4FBE016F5F4E
:10F940007F4F81E29EE00E9492F0CE0101960E94DC
:10F950007BF3CE0189960E947BF36DEA74E0CE01C1
:10F9600089960E94BFF36FEA74E0CE0101960E946F
:10F97000BFF3AE01475D5F4FBE016F5F7F4F81E216
:10F980009EE00E9492F0CE0101960E947BF3CE0190
:10F9900089960E947BF361E27EE08CE69CE00E9407
:10F9A00068F564EE71E38CE69CE00E9452F56BED25
:10F9B00071E38FE09BE00E94F3FF61E27EE08FE065
:10F9C0009BE00E9468F568ED71E38FE09BE00E9488
:10F9D000F3FF809180078823D9F08091E80590910A
:10F9E000E9050197A9F468EC71E3CE0101960E9444
:10F9F000ADF3BE016F5F7F4F8FE09EE00E94F3DAB0
:10FA0000182FCE0101960E947BF311110F94150A55
:10FA10008CE69CE00E944EF58CE69CE00E944EF540
:10FA200060EA74E081E29EE00E945AF3EFC96BE95C
:10FA300073E1CE0101960E94ADF3BE016F5F7F4F6F
:10FA400081EF9DE00E9421F2182FCE0101960E94C5
:10FA50007BF3112329F02FEF40E060E080E0DCCE63
:10FA60004FEF6FEF8FEF0F94D8104FEF6FEF8FEFD7
:10FA70000F94D8104FEF6FEFC0C91092E9051092A4
:10FA8000E80504CF64E279E3CE0101960E94ADF36C
:10FA9000BE016F5F7F4F8FE09EE00E9421F2082F32
:10FAA000CE0101960E947BF3002381F08091EA054C
:10FAB0009091EB05019709F70F94F10981EF9DE013
:10FAC0000E942AF0CB010E94BAB4E0CE6FE179E344
:10FAD000CE0101960E94ADF3BE016F5F7F4F8FE0B4
:10FAE0009EE00E9421F2082FCE0101960E947BF336
:10FAF000002309F455C08091EA059091EB05019728
:10FB000009F0BBCF0F94F10981EF9DE00E942AF02C
:10FB10006B0164E474E18CE69CE00E9452F566E3BC
:10FB200074E18CE69CE00E94F3FFC6010F9456003E
:10FB300061E374E1CE0101960E94ADF3BE016F5FF7
:10FB40007F4F85E19EE00E9421F2182FCE010196A1
:10FB50000E947BF3112309F499CE6BE174E18FE0ED
:10FB60009BE00E94F3FFB6018FE09BE00F945000F2
:10FB700068E174E18FE09BE00E94F3FF62E074E1D2
:10FB80008CE69CE00E94F3FFB6018CE69CE00F94AB
:10FB900050006FEF73E18CE69CE00E9452F576CE48
:10FBA0006AE179E3CE0101960E94ADF3BE016F5F79
:10FBB0007F4F8FE09EE00E9421F2082FCE01019638
:10FBC0000E947BF30023B1F08091EA059091EB0550
:10FBD000892B09F052CF0F94F10961E674E18CE6AC
:10FBE0009CE00E9452F566E574E18FE09BE00E9484
:10FBF00052F54CCE6AE079E3CE0101960E94ADF356
:10FC0000BE016F5F7F4F8FE09EE00E9421F2082FC0
:10FC1000CE0101960E947BF3002309F450C080912D
:10FC2000EA059091EB05029709F027CF0F94F109AF
:10FC300081EF9DE00E942AF06536710581059105EE
:10FC4000A1F48BEE9DE00F94806820E045E650E043
:10FC50000F94AF690F9454136093E4057093E50516
:10FC60008093E6059093E70511CE66367105810510
:10FC7000910541F48BEE9DE00F94806820E046E60C
:10FC800050E0E6CF693C71058105910541F48BEEAA
:10FC90009DE00F94806820E049EC50E0D9CF8BEED6
:10FCA0009DE00F9480686B017C0181EF9DE00E94D4
:10FCB0002AF0CB01B701A6010F94921FCBCF67EFBB
:10FCC00078E3CE0101960E94ADF3BE016F5F7F4FD6
:10FCD0008FE09EE00E9421F2082FCE0101960E9443
:10FCE0007BF3002369F18091EA059091EB05813067
:10FCF000910561F40F94F10981EF9DE00F94806804
:10FD000020E045E650E00F94AF69C0CD029709F0BE
:10FD1000B4CE0F94F1098BEE9DE00E942AF005E627
:10FD200010E0672B682B692B11F406E610E081EFD9
:10FD30009DE00F94806820E0A8010F94AF69A6CDE4
:10FD400065EE78E3CE0101960E94ADF3BE016F5FD0
:10FD50007F4F8FE09EE00E9421F2082FCE01019696
:10FD60000E947BF3002399F08091EA059091EB05C6
:10FD7000019709F082CE0F94F10981EF9DE00F9475
:10FD8000806821E049EC50E00F94AF697FCD66EDCB
:10FD900078E3CE0101960E94ADF3BE016F5F7F4F05
:10FDA0008FE09EE00E9421F2082FCE0101960E9472
:10FDB0007BF3002301F18091EA059091EB05039715
:10FDC00009F05BCE0F94F10981EF9DE00E942AF0CB
:10FDD00070932F0460932E048BEE9DE00E942AF016
:10FDE0006093300485EE9DE00E942AF06093310418
:10FDF0000E9483D84BCD62EC78E3CE0101960E943D
:10FE0000ADF3BE016F5F7F4F8FE09EE00E9421F255
:10FE1000082FCE0101960E947BF3002361F18091AF
:10FE2000EA059091EB05049709F027CE0F94F109AC
:10FE300081EF9DE00E942AF070934A02609349028C
:10FE40008BEE9DE00E942AF070934E0260934D026B
:10FE500085EE9DE00E942AF07093500260934F025D
:10FE60008FED9DE00E942AF0709352026093510240
:10FE70000E9483D80BCD6BEA78E3CE0101960E94F5
:10FE8000ADF3BE016F5F7F4F8FE09EE00E9421F2D5
:10FE9000082FCE0101960E947BF3002309F441C094
:10FEA0008091EA059091EB05059709F0E6CD0F9456
:10FEB000F10989ED9DE00E942AF0162F8FED9DE05B
:10FEC0000E942AF06B0185EE9DE00F9480684B0143
:10FED0005C018BEE9DE00E942AF02B966CAF7DAF0B
:10FEE0008EAF9FAF2B9781EF9DE00E942AF02B01F0
:10FEF0003C0120E030E04AE754E4C501B4010F942E
:10FF000081AC0F9487AEA12E7B018C012B962CAD7A
:10FF10003DAD4EAD5FAD2B97C301B2010F94EC57D1
:10FF2000B5CC63E978E3CE0101960E94ADF3BE0142
:10FF30006F5F7F4F8FE09EE00E9421F2082FCE017D
:10FF400001960E947BF3002309F440C28091EA05E8
:10FF50009091EB05059709F090CD0F94F10989ED8B
:10FF60009DE00E942AF0162F8FED9DE00E942AF05E
:10FF70007B0185EE9DE00F94806820E030E04AE749
:10FF800054E40F9481AC0F9487AE2F966CAF7DAF85
:10FF90008EAF9FAF2F978BEE9DE00E942AF0639665
:10FFA0006CAF7DAF8EAF9FAF639781EF9DE00E94F6
:10FFB0002AF02B013C0161E08AE00E94A7C42B9645
:10FFC0006CAF7DAF8EAF9FAF2B9762EB74E18CE689
:10FFD0009CE00E94F3FF43E050E02B966CAD7DADBA
:10FFE0008EAD9FAD2B970F942E030F9454136796ED
:10FFF0006CAF7DAF8EAF9FAF679763E28DE99EE0F8
:020000021000EC
:100000000F94C86861E070E080E090E00F94A51064
:1000100084E99EE00F94B75784E99EE00F94E5577A
:1000200068E077E084E99EE00F941F9261E041E090
:10003000E416F10441F163E082E0E816F10419F1FD
:1000400064E094E0E916F104F1F065E0A8E0EA1656
:10005000F104C9F066E0B0E1EB16F104A1F067E04D
:10006000E0E2EE16F10479F068E0F0E4EF16F10456
:1000700051F069E020E8E216F10429F0E11431E0E2
:10008000F30629F46AE084E99EE00F94A05784E91E
:100090009EE00F94B0576AE070E080E090E00F942B
:1000A000A5108FE99EE00F94419240E050E0BA0124
:1000B0008FE99EE00E9421F8C301B2010F9422ACA7
:1000C0004B015C01BC01A4018FE99EE00E9442F754
:1000D00063966CAD7DAD8EAD9FAD63970F9422ACF2
:1000E000AB01BC018FE99EE00F94A4682F96CCACC5
:1000F000DDACEEACFFAC2F9767968CAD9DADAEAD91
:10010000BFAD6797C80ED91EEA1EFB1E40E452E43D
:100110006FE070E077FE04C040EC5DEB60EF7FEFD6
:100120008FE99EE00E944EF81093B3002091B30E29
:100130003091B40E4091B50E5091B60EC501B40188
:100140000F94B6AE18162CF48FE99EE00E94B4F717
:10015000EDCF8091700082608093700081E0809389
:1001600058060F9454134B015C010F9454136C15F3
:100170007D058E059F05F0F50F94541368197909D4
:100180008A099B096B3F71058105910510F10F9458
:1001900054134B015C014091B30E5091B40E609129
:1001A000B50E7091B60E22E030E08CE69CE00E9425
:1001B00064F56FE974E08CE69CE00E9466F560915E
:1001C000AB0E7091AC0E8091AD0E9091AE0E0F946F
:1001D000A30961E08AE00E94A7C46093A807709316
:1001E000A9078093AA079093AB0742E050E00F94D1
:1001F0002E03BBCF68EA74E18CE69CE00E9452F5C6
:100200004091B30E5091B40E6091B50E7091B60E40
:1002100022E030E08CE69CE00E9464F56FE974E037
:100220008CE69CE00E9466F56091AB0E7091AC0E7E
:100230008091AD0E9091AE0E0F94A3098091700045
:100240008D7F80937000109258064CE05EEF6FEF48
:100250007FEF8FE99EE00E944EF84091AF0E5091E3
:10026000B00E6091B10E7091B20E8091AB0E909174
:10027000AC0EA091AD0EB091AE0E481759076A07AB
:100280007B0791F18FE99EE00E94B4F70F9454131D
:10029000681979098A099B096333710581059105FC
:1002A000E0F20F9454134B015C014091B30E509156
:1002B000B40E6091B50E7091B60E22E030E08CE67F
:1002C0009CE00E9464F56FE974E08CE69CE00E947B
:1002D00066F56091AB0E7091AC0E8091AD0E909171
:1002E000AE0E0F94A309B9CF63EA74E18CE69CE0EB
:1002F0000E9452F54091B30E5091B40E6091B50E2C
:100300007091B60E22E030E08CE69CE00E9464F52D
:100310006FE974E08CE69CE00E9466F56091AB0E9C
:100320007091AC0E8091AD0E9091AE0E0F94A3091A
:10033000809170008D7F80937000109258068FE935
:100340009EE00E945DF884E99EE00F94A95761E069
:100350008AE00E94A7C46B017C0164E974E18CE629
:100360009CE00E94F3FF43E050E0C701B6010F9408
:100370002E0368EE73E080E090E00F94A51061E03A
:100380008AE00E94A7C46B017C016FE774E18CE6F0
:100390009CE00E94F3FF43E050E0C701B6010F94D8
:1003A0002E036CE674E18CE69CE00E94F3FF2B9632
:1003B0002CAD3DAD4EAD5FAD2B97C701B6010F948F
:1003C000A1AD43E050E00F942E0360CA6BE778E3E1
:1003D000CE0101960E94ADF3BE016F5F7F4F8FE0AB
:1003E0009EE00E9421F2082FCE0101960E947BF32D
:1003F000002309F441C08091EA059091EB0505972F
:1004000009F03BCB0F94F10989ED9DE00E942AF0A1
:10041000162F8FED9DE00E942AF06B0185EE9DE086
:100420000F9480684B015C018BEE9DE00E942AF0E6
:100430002B966CAF7DAF8EAF9FAF2B9781EF9DE07A
:100440000E942AF02B013C0120E030E04AE754E40E
:10045000C501B4010F9481AC0F9487AEA12E7B012E
:100460008C012B962CAD3DAD4EAD5FAD2B97C301EE
:10047000B2010F9401160ACA61E678E3CE01019633
:100480000E94ADF3BE016F5F7F4F8FE09EE00E9440
:1004900021F2082FCE0101960E947BF3002309F47C
:1004A00079C18091EA059091EB05059709F0E5CABD
:1004B0000F94F10961E08AE00E94A7C44B015C013E
:1004C00061E578E38CE69CE00E94F3FF43E050E0B6
:1004D000C501B4010F942E0389ED9DE00E942AF01E
:1004E0002B018FED9DE00E942AF063966CAF7DAFEB
:1004F0008EAF9FAF639785EE9DE00E942AF06796CE
:100500006CAF7DAF8EAF9FAF679781EF9DE00E948C
:100510002AF02B966CAF7DAF8EAF9FAF2B976B0100
:100520007C01F094E094D094C094C11CD11CE11CD7
:10053000F11C8091FA0E9091FB0EA091FC0EB091EF
:10054000FD0E2F968CAF9DAFAEAFBFAF2F976EE273
:100550008CEE9EE00F94C86861E070E080E090E06F
:100560000F94A51083EE9EE00F94B75783EE9EE0A4
:100570000F94E557B20183EE9EE00F941F9264E062
:1005800083EE9EE00F94A05783EE9EE00F94B05749
:10059000260137012F968CAD9DADAEADBFAD2F9727
:1005A000481A590A6A0A7B0A68E475E18CE69CE0FD
:1005B0000E94F3FFB701A6018CE69CE00F941E0099
:1005C0006AE275E18CE69CE00E94F3FF2F964CAD49
:1005D0005DAD6EAD7FAD2F978CE69CE00F941E0055
:1005E00062E175E18CE69CE00E94F3FFC301B20179
:1005F0000F94A30967966CAD7DAD8EAD9FAD6797E7
:100600000F9422ACAB01BC018EEE9EE00E9442F73B
:1006100063966CAD7DAD8EAD9FAD63970F9422ACAC
:10062000AB01BC018EEE9EE00F94A4680F945413AE
:1006300080917A0790917B07A0917C07B0917D070C
:10064000B701A6018EEE9EE00E9437F88DE30F946D
:1006500088920F945600C12CD12C76014091FE0E49
:100660005091FF0E6091000F7091010F8091FA0E72
:100670009091FB0EA091FC0EB091FD0E481759070A
:100680006A077B07C1F09FEFC91AD90AE90AF90A7C
:100690008EEE9EE00E94B4F7D701C6019F70AA2794
:1006A000BB27892B8A2B8B2BC9F68DE30F9488925D
:1006B0000F945600D3CF8EEE9EE00E945DF883EE3D
:1006C0009EE00F94A957C090FA0ED090FB0EE090D8
:1006D000FC0EF090FD0E2B968CAD9DADAEADBFAD7A
:1006E0002B97C80ED91EEA1EFB1E69EE74E18CE63C
:1006F0009CE00E94F3FF6091FA0E7091FB0E8091D6
:10070000FC0E9091FD0E0F94A30962EC74E18CE64F
:100710009CE00E94F3FFC701B6010F94A30961E0BA
:100720008AE00E94A7C46B017C0162E478E38CE656
:100730009CE00E94F3FF43E050E0C701B6010F9434
:100740002E0368EE73E080E090E00F94A51061E066
:100750008AE00E94A7C46B017C016DE278E38CE61D
:100760009CE00E94F3FF43E050E0C701B6010F9404
:100770002E036AE178E38CE69CE00E94F3FFA5017A
:100780009401C701B6010F94A1AD43E050E00F946E
:100790002E037CC86FEF77E3CE0101960E94ADF384
:1007A000BE016F5F7F4F8FE09EE00E9421F2082F15
:1007B000CE0101960E947BF3002309F462C180916F
:1007C000EA059091EB05059709F057C90F94F109D7
:1007D00061E08AE00E94A7C42B966CAF7DAF8EAF1C
:1007E0009FAF2B976FEE77E38CE69CE00E94F3FFC0
:1007F00043E050E02B966CAD7DAD8EAD9FAD2B9759
:100800000F942E0389ED9DE00E942AF02B018FEDBD
:100810009DE00E942AF02F966CAF7DAF8EAF9FAF08
:100820002F9785EE9DE00E942AF063966CAF7DAF16
:100830008EAF9FAF639781EF9DE00E942AF04B013E
:100840005C01C090AB0ED090AC0EE090AD0EF0907D
:10085000AE0E63E28DE99EE00F94C86861E070E03F
:1008600080E090E00F94A51084E99EE00F94B757C4
:1008700084E99EE00F94E557B20184E99EE00F946D
:100880001F9264E084E99EE00F94A05784E99EE003
:100890000F94B057240135014C185D086E087F088D
:1008A0006CED75E18CE69CE00E94F3FFB501A401BC
:1008B0008CE69CE00F941E006EEB75E18CE69CE0EC
:1008C0000E94F3FFB701A6018CE69CE00F941E0086
:1008D00066EA75E18CE69CE00E94F3FFC301B20179
:1008E0000F94A30963966CAD7DAD8EAD9FAD6397FC
:1008F0000F9422ACAB01BC018FE99EE00E9442F74D
:100900002F966CAD7DAD8EAD9FAD2F970F9422AC21
:10091000AB01BC018FE99EE00F94A4680F945413BF
:1009200080917A0790917B07A0917C07B0917D0719
:10093000B501A4018FE99EE00E9437F88DE30F9482
:1009400088920F945600C12CD12C76014091AF0EA5
:100950005091B00E6091B10E7091B20E8091AB0EBD
:100960009091AC0EA091AD0EB091AE0E4817590704
:100970006A077B07C1F09FEFC91AD90AE90AF90A89
:100980008FE99EE00E94B4F7D701C6019F70AA27A5
:10099000BB27892B8A2B8B2BC9F68DE30F9488926A
:1009A0000F945600D3CF8FE99EE00E945DF884E952
:1009B0009EE00F94A957C090AB0ED090AC0EE09083
:1009C000AD0EF090AE0EC818D908EA08FB086DE726
:1009D00075E18CE69CE00E94F3FF6091AB0E709194
:1009E000AC0E8091AD0E9091AE0E0F94A30966E50A
:1009F00075E18CE69CE00E94F3FFC701B6010F94FD
:100A0000A30961E08AE00E94A7C46B017C0160EE4B
:100A100077E38CE69CE00E94F3FF43E050E0C701DF
:100A2000B6010F942E0368EE73E080E090E00F941F
:100A3000A51061E08AE00E94A7C46B017C016BEC09
:100A400077E38CE69CE00E94F3FF43E050E0C701AF
:100A5000B6010F942E0368EB77E38CE69CE00E94CE
:100A6000F3FF2B962CAD3DAD4EAD5FAD2B97C7017F
:100A7000B6010F94A1AD43E050E00F942E030C9407
:100A8000467C6BEA77E3CE0101960E94ADF3BE018E
:100A90006F5F7F4F8FE09EE00E9421F2082FCE0112
:100AA00001960E947BF3002399F08091EA059091D2
:100AB000EB050197029710F00C943D7D0F94F1091E
:100AC00081EF9DE00F9480680F948E930C94467C88
:100AD0006CE977E3CE0101960E94ADF3BE016F5F32
:100AE0007F4F8FE09EE00E9421F2082FCE010196F9
:100AF0000E947BF3002309F4BBC18091EA05909129
:100B0000EB05029711F00C943D7D0F94F1098BEEEB
:100B10009DE00F9480684B015C0181EF9DE00E9495
:100B20002AF02B016DEC76E18CE69CE00E9452F5F8
:100B30006FEB76E18CE69CE00E94F3FFC2010F941C
:100B4000560061EB76E18CE69CE00E94F3FF42E008
:100B500050E0C501B4010F942E03C2010E94BAB443
:100B600064EF71E080E090E00F94A51061E08AE00E
:100B70000E9474C66093830F7093840F8093850FD7
:100B80009093860F0F9490020F94510220E030E072
:100B90004FE753E460E070E08FE793EC0E9467FF5B
:100BA0001DECE12E1CECF12E0CEC1DE320E030E0FE
:100BB00048E452E460E070E080E291E40F94750153
:100BC0000E944EC7A1E04A1A510880916302909199
:100BD00064022091D106BEE14B16510408F02EC1EB
:100BE00021110CC06AED7DEF8E35E1E09E070CF41B
:100BF0003CC160E070E081E694EC0BC0BC016A5D32
:100C00007D4F8E3591400CF422C160E070E081E6AA
:100C100094E46093BD0F7093BE0F8093BF0F9093C9
:100C2000C00F81E08093F30568E876E18CE69CE0F4
:100C30000E94F3FF6091C50F7091C60F8091C70F9E
:100C40009091C80F0F9480AE8CE69CE00F945000FA
:100C50006FE974E08CE69CE00E9466F56091BD0F40
:100C60007091BE0F8091BF0F9091C00F0F9480AE16
:100C70008CE69CE00F9450006FE974E08CE69CE0F9
:100C80000E9466F56091C10F7091C20F8091C30FF1
:100C90009091C40F42E050E00F942E0320E030E02A
:100CA0004AE754E4C501B4010F9481AC0F9487AEB8
:100CB0000F94A51061E676E18CE69CE00E94F3FFBC
:100CC0006091C50F7091C60F8091C70F9091C80FAA
:100CD0000F9480AE8CE69CE00F9450006FE974E0B6
:100CE0008CE69CE00E9466F56091BD0F7091BE0F8E
:100CF0008091BF0F9091C00F0F9480AE8CE69CE066
:100D00000F9450006FE974E08CE69CE00E9466F559
:100D10006091C10F7091C20F8091C30F9091C40F69
:100D200042E050E00F942E031092F3050F949F922F
:100D30006CED75E080E090E00F94A5106FE376E134
:100D40008CE69CE00E94F3FF6091C50F7091C60F86
:100D50008091C70F9091C80F0F9480AE8CE69CE0F5
:100D60000F9450006FE974E08CE69CE00E9466F5F9
:100D70006091BD0F7091BE0F8091BF0F9091C00F19
:100D80000F9480AE8CE69CE00F9450006FE974E005
:100D90008CE69CE00E9466F56091C10F7091C20FD5
:100DA0008091C30F9091C40F42E050E00F942E0346
:100DB00061E084E60E94A7C46B017C0160E376E1F8
:100DC000CE0101960E94ADF3BE016F5F7F4F85E1BA
:100DD0009EE00E9421F2182FCE0101960E947BF323
:100DE000112311F40C94467C60E176E18FE09BE0E6
:100DF0000E94F3FF22E030E0B701A6018FE09BE004
:100E00000E9464F56DE076E18FE09BE00E94F3FFC5
:100E10006DEE75E18CE69CE00E94F3FF22E030E08D
:100E2000B701A6018CE69CE00E9464F56AEE75E1CC
:100E30008CE69CE00E9452F50C94467C21110EC079
:100E4000BC0160577E4F843F91400CF0DECE072EF0
:100E5000000C880B990B0F9422ACDBCE843F31E061
:100E600093070CF0C6CE60E77EEF681B790BEFCFDF
:100E70006AE877E3CE0101960E94ADF3BE016F5F91
:100E80007F4F8FE09EE00E9421F2082FCE01019655
:100E90000E947BF30023D9F08091EA059091EB0545
:100EA000029711F00C943D7D0F94F1098BEE9DE0BB
:100EB0000F9480686B017C0181EF9DE00E942AF015
:100EC000CB01B701A6010F94401C0C94467C60E84E
:100ED00077E3CE0101960E94ADF3BE016F5F7F4FB5
:100EE0008FE09EE00E9421F2082FCE0101960E9421
:100EF0007BF3002371F08091EA059091EB05892B3B
:100F000011F00C943D7D0F94F1090E9463B40C9490
:100F1000467C64E777E3CE0101960E94ADF3BE0103
:100F20006F5F7F4F8FE09EE00E9421F2082FCE017D
:100F300001960E947BF3002309F49FC08091EA058B
:100F40009091EB05892B11F00C943D7D0F94F109E4
:100F50006BEA77E18CE69CE00E9452F589E20F94FF
:100F6000260A7C016DE777E18CE69CE00E94F3FFA6
:100F700061E070E0E114F10411F470E060E08CE6EF
:100F80009CE00F94500069E777E18CE69CE00E94BA
:100F9000F3FF68E377E1E114F10411F06FE377E127
:100FA0008CE69CE00E9452F50F94CD1A61E086E039
:100FB0000F944F0A68EE73E080E090E00F94A51064
:100FC00089E20F94260A8C016CE477E18CE69CE0C0
:100FD0000E94F3FF61E070E00115110511F470E06B
:100FE00060E08CE69CE00F94500068E477E18CE6CA
:100FF0009CE00E94F3FF6FE277E10115110511F407
:1010000068E277E18CE69CE00E9452F50F94CD1ADD
:1010100060E086E00F944F0AEF2859F4012B49F065
:101020008091F603811105C081E08093F6030E9450
:1010300083D86CE177E1CE0101960E94ADF3BE0149
:101040006F5F7F4F85E19EE00E9421F2182FCE0155
:1010500001960E947BF3112311F40C94467C6EEFF1
:1010600076E18FE09BE00E94F3FF60EE76E18CE694
:101070009CE00E94F3FF0C94467C67E677E3CE0188
:1010800001960E94ADF3BE016F5F7F4F8FE09EE03F
:101090000E9421F2082FCE0101960E947BF30023CB
:1010A00009F454C08091EA059091EB05892B11F069
:1010B0000C943D7D0F94F10968E678E18CE69CE0A4
:1010C0000E9452F56BE378E18CE69CE00E94F3FF0E
:1010D00087E00F94260A0F94560060E085E00F9495
:1010E0004F0A68EE73E080E090E00F94A5106FE087
:1010F00078E18CE69CE00E94F3FF87E00F94260ADB
:101100000F94560062E078E1CE0101960E94ADF3A3
:10111000BE016F5F7F4F85E19EE00E9421F2182F94
:10112000CE0101960E947BF3112311F40C94467CAE
:1011300063EE77E18FE09BE00E94F3FF64EC77E1E0
:101140008CE69CE00E94F3FF0C94467C68E577E314
:10115000CE0101960E94ADF3BE016F5F7F4F8FE01D
:101160009EE00E9421F2082FCE0101960E947BF39F
:10117000002309F466C08091EA059091EB05892B64
:1011800011F00C943D7D0F94F10960E379E18CE658
:101190009CE00E9452F587E00F94260A8C0161E0E2
:1011A00079E18CE69CE00E94F3FF81E090E0012B66
:1011B00011F490E080E00F94560061E085E00F9418
:1011C0004F0A68EE73E080E090E00F94A51087E08E
:1011D0000F94260A8C0163ED78E18CE69CE00E9476
:1011E000F3FF81E090E0012B11F490E080E00F9498
:1011F000560060E085E00F944F0A64EC78E1CE0180
:1012000001960E94ADF3BE016F5F7F4F85E19EE0C6
:101210000E9421F2182FCE0101960E947BF3112328
:1012200011F40C94467C63EA78E18FE09BE00E9425
:10123000F3FF62E878E18CE69CE00E94F3FF0C94F7
:10124000467C6AE477E3CE0101960E94ADF3BE01CD
:101250006F5F7F4F8FE09EE00E9421F2082FCE014A
:1012600001960E947BF3002371F08091EA05909132
:10127000EB05892B11F00C943D7D0F94F1090E9430
:101280000CB40C94467C6AE377E3CE0101960E948D
:10129000ADF3BE016F5F7F4F8FE09EE00E9421F2B1
:1012A000082FCE0101960E947BF3002311F180915B
:1012B000EA059091EB05009739F40F94F10980E06D
:1012C0000F945E1B0C94467C019711F00C943D7DAD
:1012D0000F94F10981EF9DE00E942AF021E0672B35
:1012E000682B692B09F420E0822F0F945E1B0C946D
:1012F000467C6EE277E3CE0101960E94ADF3BE011B
:101300006F5F7F4F8FE09EE00E9421F2082FCE0199
:1013100001960E947BF3002371F08091EA05909181
:10132000EB05892B11F00C943D7D0F94F1090F947E
:10133000CD1A0C94467C6EE177E3CE0101960E94B3
:10134000ADF3BE016F5F7F4F8FE09EE00E9421F200
:10135000082FCE0101960E947BF3002309F45FC0A1
:101360008091EA059091EB05892B11F00C943D7D5D
:101370000F94F1090E947E626CEA79E18CE69CE0B0
:101380000E94F3FF8091660790E00F9456006CE98D
:1013900079E1CE0101960E94ADF3BE016F5F7F4FF0
:1013A00085E19EE00E9421F2182FCE0101960E9455
:1013B0007BF3112311F40C94467C63E879E18FE010
:1013C0009BE00E94F3FF8091660762E679E181115C
:1013D00002C06BE579E18FE09BE00E94F3FF60E8DB
:1013E00079E18FE09BE00E94F3FF67E679E18CE60C
:1013F0009CE00E94F3FF8091660763E579E181112B
:1014000002C06CE479E18CE69CE00E94F3FF68E5A1
:1014100079E18CE69CE00E9452F50C94467C6DE0EC
:1014200077E3CE0101960E94ADF3BE016F5F7F4F5F
:101430008FE09EE00E9421F2082FCE0101960E94CB
:101440007BF3002309F45FC08091EA059091EB05DE
:10145000892B11F00C943D7D0F94F1090E947E625E
:101460006FE17AE18CE69CE00E94F3FF80916507D2
:1014700090E00F9456006EE07AE1CE0101960E9452
:10148000ADF3BE016F5F7F4F85E19EE00E9421F2C8
:10149000182FCE0101960E947BF3112311F40C94B6
:1014A000467C64EF79E18FE09BE00E94F3FF80913E
:1014B000650762ED79E1811102C06BEC79E18FE0A3
:1014C0009BE00E94F3FF61EF79E18FE09BE00E94D7
:1014D000F3FF67ED79E18CE69CE00E94F3FF8091D9
:1014E000650763EC79E1811102C06CEB79E18CE670
:1014F0009CE00E94F3FF68EC79E18CE69CE00E949E
:1015000052F50C94467C60E077E3CE0101960E9490
:10151000ADF3BE016F5F7F4F8FE09EE00E9421F22E
:10152000082FCE0101960E947BF3002309F467C0C7
:101530008091EA059091EB05892B11F00C943D7D8B
:101540000F94F10969EC7AE18CE69CE00E94F3FFCC
:101550000E940CAB90E00F9456000E940CAB182F29
:1015600000912D04002339F061E97AE18CE69CE0DA
:101570000E9452F5102F64E87AE1CE0101960E9494
:10158000ADF3BE016F5F7F4F85E19EE00E9421F2C7
:10159000082FCE0101960E947BF3002311F40C94D6
:1015A000467C6EE67AE18FE09BE00E94F3FF6CE4FC
:1015B0007AE1111102C064E47AE18FE09BE00E94BD
:1015C000F3FF6BE67AE18FE09BE00E94F3FF65E5B5
:1015D0007AE18CE69CE00E94F3FF68E37AE1111166
:1015E00002C060E37AE18CE69CE00E94F3FF61E4D4
:1015F0007AE18CE69CE00E9452F50C94467C60EF08
:1016000076E3CE0101960E94ADF3BE016F5F7F4F7E
:101610008FE09EE00E9421F2082FCE0101960E94E9
:101620007BF3002309F45DC08091EA059091EB05FE
:10163000892B11F00C943D7D0F94F10964E47BE15A
:101640008CE69CE00E94F3FF0E94FFAA90E00F94BA
:10165000560064E37BE1CE0101960E94ADF3BE012A
:101660006F5F7F4F85E19EE00E9421F2182FCE012F
:1016700001960E947BF3112311F40C94467C6BE1DC
:101680007BE18FE09BE00E94F3FF0E94FFAA66EFE0
:101690007AE1811102C06EEE7AE18FE09BE00E9458
:1016A000F3FF68E17BE18FE09BE00E94F3FF6FEFC7
:1016B0007AE18CE69CE00E94F3FF0E94FFAA62EEB2
:1016C0007AE1811102C06AED7AE18CE69CE00E9429
:1016D000F3FF6BEE7AE18CE69CE00E9452F50C94ED
:1016E000467C61EE76E3CE0101960E94ADF3BE0129
:1016F0006F5F7F4F8FE09EE00E9421F2082FCE01A6
:1017000001960E947BF3002309F4B0C08091EA05A2
:101710009091EB05892B11F00C943D7D0F94F1090C
:1017200080E30F94260A8C016BE17CE18CE69CE05F
:101730000E94F3FF61E070E00115110511F470E003
:1017400060E08CE69CE00F94500067E17CE18CE661
:101750009CE00E94F3FF6EEE7BE10115110511F490
:1017600069EE7BE18CE69CE00E9452F569EF7BE13B
:101770008CE69CE00E94F3FF87E00F94260ABC01F0
:101780008CE69CE00F94500065EF7BE18CE69CE0DA
:101790000E94F3FF87E00F94260A61ED7BE1892B1D
:1017A00011F46AEC7BE18CE69CE00E9452F56AED54
:1017B0007BE1CE0101960E94ADF3BE016F5F7F4FCA
:1017C00085E19EE00E9421F2F82ECE0101960E9452
:1017D0007BF3FF2011F40C94467C62EB7BE18FE0FD
:1017E0009BE00E94F3FF6AEA7BE10115110511F409
:1017F00064EA7BE18FE09BE00E94F3FF87E00F94B7
:10180000260A60E87BE1892B11F469E77BE18FE030
:101810009BE00E94F3FF61EA7BE18FE09BE00E9486
:10182000F3FF69E87BE18CE69CE00E94F3FF61E74F
:101830007BE1012B11F46BE67BE18CE69CE00E94DE
:10184000F3FF87E00F94260A6FE57BE1892B11F403
:1018500068E57BE18CE69CE00E94F3FF68E67BE1B3
:101860008CE69CE00E9452F50C94467C65ED76E394
:10187000CE0101960E94ADF3BE016F5F7F4F8FE0F6
:101880009EE00E9421F2082FCE0101960E947BF378
:10189000002309F489C08091EA059091EB05892B1A
:1018A00011F00C943D7D0F94F10960EA74E0CE01D3
:1018B00089960E94BFF380915606811158C080918D
:1018C0005406811154C080915506811150C065E4C1
:1018D000CE0101960F948B68BE016F5F7F4FCE01E2
:1018E00089960E94A0F2CE0101960E947BF360E6E9
:1018F0007CE1CE0101960E94ADF3BE016F5F7F4F88
:1019000085E19EE00E9421F2182FCE0101960E94EF
:101910007BF3112331F16BE47CE18FE09BE00E94CB
:10192000F3FFBE01675D7F4F8FE09BE00E9468F58B
:1019300068E47CE18FE09BE00E94F3FF63E37CE1DD
:101940008CE69CE00E94F3FFBE01675D7F4F8CE652
:101950009CE00E9468F560E37CE18CE69CE00E94DC
:1019600052F5CE0189960E947BF30C94467C8091BF
:101970005606882329F06CE4CE0189960E947BF2FA
:1019800080915406882329F06DE4CE0189960E9447
:101990007BF280915506882309F4A9CF68E4CE0133
:1019A00089960E947BF2A3CF66EC76E3CE01019686
:1019B0007C010E94ADF3B7018FE09EE00E9421F20E
:1019C000082FC7010E947BF3002309F475C18091A1
:1019D000EA059091EB05019711F00C943D7D0F9471
:1019E000F10981EF9DE00E942AF011E0613071055C
:1019F0008105910509F010E060EA74E0CE018F5B8B
:101A00009F4F0E94BFF30E945A7201E021E041E023
:101A1000612F81E090E00E944BB565E070E1C70165
:101A20000E94B6F3BE016F5B7F4FCE01CB960E9442
:101A3000B6F3BE01655C7F4FCE0189960E94B6F376
:101A4000B701CE0189960E9401F36BEA74E00E940F
:101A5000EBF2BC01CE018F5B9F4F0E9464F3CE017D
:101A600089960E947BF3CE01CB960E947BF3C7013F
:101A70000E947BF321E041E0612F8FE190E00E9422
:101A80004BB565E070E1C7010E94B6F3BE016F5B24
:101A90007F4FCE01CB960E94B6F3BE01655C7F4FAF
:101AA000CE0189960E94B6F3B701CE0189960E94B5
:101AB00001F36BEA74E00E94EBF2BC01CE018F5B94
:101AC0009F4F0E9464F3CE0189960E947BF3CE0162
:101AD000CB960E947BF3C7010E947BF30E9477BAEA
:101AE00065E070E1C7010E94B6F3BE016F5B7F4FF6
:101AF000CE01CB960E94B6F3BE01655C7F4FCE014E
:101B000089960E94B6F3B701CE0189960E9401F32F
:101B10006BEA74E00E94EBF2BC01CE018F5B9F4F39
:101B20000E9464F3CE0189960E947BF3CE01CB968E
:101B30000E947BF3C7010E947BF30E9440B965E0DD
:101B400070E1C7010E94B6F3BE016F5B7F4FCE010B
:101B5000CB960E94B6F3BE01655C7F4FCE0189969D
:101B60000E94B6F3B701CE0189960E9401F3BC0131
:101B7000CE018F5B9F4F0E9464F3CE0189960E9435
:101B80007BF3CE01CB960E947BF3C7010E947BF3CF
:101B900080919B06813009F054C080919C06813071
:101BA00009F04FC080919D06813009F04AC08091B4
:101BB0009E06813009F045C062EE7CE18FE09BE03B
:101BC0000E94F3FF65E070E08FE09BE00F9450000F
:101BD00068ED7CE18FE09BE00E94F3FFBE016F5B4C
:101BE0007F4F8FE09BE00E9468F565ED7CE18FE020
:101BF0009BE00E94F3FF6FEB7CE18CE69CE00E948F
:101C0000F3FF65E070E08CE69CE00F94500065EB1C
:101C10007CE18CE69CE00E94F3FFBE016F5B7F4F8E
:101C20008CE69CE00E9468F562EB7CE18CE69CE02F
:101C30000E9452F5CE018F5B9F4F0E947BF30C9464
:101C4000467C6CE97CE18FE09BE00E94F3FF65E05D
:101C500070E08FE09BE00F94500062E97CE18FE040
:101C60009BE00E94F3FFBE016F5B7F4F8FE09BE024
:101C70000E9468F56FE87CE18FE09BE00E94F3FF33
:101C800069E77CE18CE69CE00E94F3FF65E070E090
:101C90008CE69CE00F9450006FE67CE18CE69CE0C3
:101CA0000E94F3FFBE016F5B7F4F8CE69CE00E94B9
:101CB00068F56CE67CE1BACF69EB76E3C7010E9478
:101CC000ADF3B7018FE09EE00E9421F2082FC7011B
:101CD0000E947BF3002399F08091EA059091EB0537
:101CE000019711F00C943D7D0F94F10981EF9DE077
:101CF0000E942AF0CB010F94E61E0C94467C6DEAFC
:101D000076E3C7010E94ADF3B7018FE09EE00E9429
:101D100021F2082FC7010E947BF3002309F466C05B
:101D20008091EA059091EB05029711F00C943D7DAE
:101D30000F94F10981EF9DE00E942AF0653671054C
:101D40008105910531F56BEE7DE0C7010E94B6F388
:101D500060EA74E0C7010E94ECDA8823A9F0C701A9
:101D60000E9435F08D819E81829771F4C7010E9497
:101D700091B1B70181E190E10E9464F361E170E10A
:101D800085E690E00E94ACABC7010E947BF30C9407
:101D9000467C663671058105910511F00C94467CF0
:101DA0006BEE7DE0C7010E94B6F360EA74E0C70104
:101DB0000E94ECDA8823A9F0C7010E9435F08D81DA
:101DC0009E81829771F4C7010E948AB0B7018BE0AF
:101DD00090E10E9464F36BE070E186E690E00E947F
:101DE000ACABC7010E947BF30C94467C68E976E3B8
:101DF000C7010E94ADF3B7018FE09EE00E9421F27F
:101E0000082FC7010E947BF3002309F4E3C08091EF
:101E1000EA059091EB05039711F00C943D7D0F942A
:101E2000F10981EF9DE00E942AF065367105810578
:101E3000910509F064C08BEE9DE00E942AF021E03C
:101E4000672B682B692B09F420E0209309040E947A
:101E500083D865EE7DE0CE0189960E94B6F360EAF4
:101E600074E0CE0189960E94ECDA882309F441C01F
:101E7000CE0189960E9435F08DA59EA58297C9F561
:101E8000CE0189960E9491B1BE01675D7F4F81E1CD
:101E900090E10E9464F361E170E185E690E00E94C8
:101EA000ACAB80910904882321F19AE0C92E94E01B
:101EB000D92E50E040E08A010E5F1F4F9801BE010D
:101EC000675D7F4FC7010E94D4F340E150E070E0AE
:101ED00060E089819A810F9484A6D6016D936D018B
:101EE000C7010E947BF3A8010232110521F70E946D
:101EF00083D8CE0189960E947BF30C94467C66368B
:101F000071058105910511F00C94467C8BEE9DE0E6
:101F10000E942AF021E0672B682B692B09F420E04E
:101F200020931B040E9483D865EE7DE0CE01899644
:101F30000E94B6F360EA74E0CE0189960E94ECDA62
:101F4000882309F441C0CE0189960E9435F08DA501
:101F50009EA58297C9F5CE0189960E948AB0BE01DE
:101F6000675D7F4F8BE090E10E9464F36BE070E16E
:101F700086E690E00E94ACAB80911B04882321F19F
:101F80008CE1C82E84E0D82E50E040E08A010E5F3C
:101F90001F4F9801BE01675D7F4FC7010E94D4F3B8
:101FA00040E150E070E060E089819A810F9484A65E
:101FB000F60161936F01C7010E947BF3A801023211
:101FC000110521F70E9483D8CE0189960E947BF3E8
:101FD0000C94467C6EE776E3C7010E94ADF3B7012F
:101FE0008FE09EE00E9421F2082FC7010E947BF340
:101FF000002309F482C08091EA059091EB050197D6
:1020000011F00C943D7D0F94F10981EF9DE00E9449
:102010002AF04B0168ED7DE18CE69CE00E9452F5D0
:102020006AEC7DE18CE69CE00E94F3FFC4010F9412
:1020300056009092F2058092F105C4010E9457D596
:10204000182F60EB7DE1C7010E94ADF3B70185E178
:102050009EE00E9421F2082FC7010E947BF300231B
:1020600011F40C94467C112321F165E87DE18FE0A9
:102070009BE00E94F3FFB4018FE09BE00F945000BF
:1020800062E87DE18FE09BE00E94F3FF67E57DE180
:102090008CE69CE00E94F3FFB4018CE69CE00F9478
:1020A000500064E57DE18CE69CE00E9452F50C94C2
:1020B000467C69E27DE18FE09BE00E94F3FFB40182
:1020C0008FE09BE00F94500066E27DE18FE09BE0A3
:1020D0000E94F3FF6BEF7CE18CE69CE00E94F3FF33
:1020E000B4018CE69CE00F94500068EF7CE18CE634
:1020F0009CE00E9452F50C94467C68E776E3C701A9
:102100000E94ADF3B7018FE09EE00E9421F2082FFC
:10211000C7010E947BF3002391F08091EA05909122
:10212000EB05892B11F00C943D7D0F94F1096FEFB5
:102130007DE18CE69CE00E9452F50C94467C67E6BB
:1021400076E3C7010E94ADF3B7018FE09EE00E94E5
:1021500021F2082FC7010E947BF3002309F40DC16F
:10216000E090EA05F090EB05E114F10411F00C9415
:102170003D7D0F94F10965E171E28CE69CE00E94DF
:1021800052F58091810781110CC0809177058111F2
:1021900008C065ED70E28CE69CE00E9452F50E945A
:1021A000DECA80918107882309F452C06FE970E28A
:1021B0008CE69CE00E9452F569E270E28CE69CE0BD
:1021C0000E94F3FF80918107811109C00F94B50926
:1021D000882329F080918D06811110917705812F38
:1021E00090E00F9456006BE87FE18CE69CE00E9443
:1021F000F3FF8091810790E00F94560061E77FE143
:102200008CE69CE00E94F3FF0F94B50990E00F94D8
:10221000560061E57FE18CE69CE00E94F3FF80912F
:102220008D0690E00F94560068E27FE18CE69CE01A
:102230000E94F3FF8091770590E00F94560065E0CF
:102240007FE18FE09BE00E9452F562EE7EE169C083
:102250000F94B509882309F4A9CF80918D068823AE
:1022600009F4A4CF80917705882309F49FCFEFE983
:10227000F6E010E08191882321F02FEFE21AF20AB4
:10228000182F36E0E13DF307A9F7112361F067E26B
:102290007EE18FE09BE00E94F3FF62E17EE18CE64D
:1022A0009CE00E9452F544E0E416F10414F00E9410
:1022B000DECA02EBE02E0AE5F02EF701849190E0F1
:1022C0009C012256394F6901D9012C91222341F0FA
:1022D0000F94E61E882311F40C940FA8F6011082C7
:1022E000FFEFEF1AFF0A24EEE2162AE5F20629F7BD
:1022F0001123D1F110E062E57EE18FE09BE00E94C6
:10230000F3FF6CE37EE18CE69CE00E9452F5112322
:1023100059F166E070E28FE09BE00E9452F563EEB7
:102320007FE18CE69CE00E9452F50F94CF18882341
:1023300011F40C94467C68E67EE18CE69CE00E94F9
:1023400052F507E110E161EA74E0C8010E945AF316
:102350000A5F1F4F31E103341307A9F761E080E002
:102360000F9457190C94467C60EC7FE18FE09BE062
:102370000E9452F56DE97FE1D4CF67E576E3C701AE
:102380000E94ADF3B7018FE09EE00E9421F2082F7A
:10239000C7010E947BF30023D1F18091EA0590915F
:1023A000EB05019711F00C943D7D0F94F10981EF3D
:1023B0009DE00E942AF06130710581059105A1F030
:1023C00063EB74E081EF9DE00E940CF281110CC080
:1023D00068EB74E081EF9DE00E940CF2811104C073
:1023E0000F94150A0C94467C81E08093800790E05E
:1023F00080E00E94F1FC60E081EA9FE00E94BCF86E
:1024000060E08BE89FE00E94BCF80C94467C6EE391
:1024100076E3C7010E94ADF3B7018FE09EE00E9412
:1024200021F2082FC7010E947BF30023A1F18091C4
:10243000EA059091EB05019711F00C943D7D0F9406
:10244000F10969E371E2C7010E94ADF3B70181EFC1
:102450009DE00E9421F2182FC7010E947BF31123F7
:1024600031F01092F5030E9483D80C94467C63E30C
:1024700071E2C7010E94ADF3B70181EF9DE00E94B8
:1024800021F2182FC7010E947BF3112361F381E031
:102490008093F503E8CF65E276E3C7010E94ADF3D0
:1024A000B7018FE09EE00E9421F2082FC7010E9431
:1024B0007BF3002381F18091EA059091EB05019770
:1024C00011F00C943D7D0F94F10981EF9DE00E9485
:1024D0002AF06130710581059105B1F063EB74E07C
:1024E00081EF9DE00E940CF281110EC068EB74E058
:1024F00081EF9DE00E940CF2811106C01092F6035C
:102500000E9483D80C94467C81E08093F6030E945D
:1025100083D80C94467C67E176E3C7010E94ADF353
:10252000B7018FE09EE00E9421F2082FC7010E94B0
:102530007BF3002361F18091EA059091EB0501970F
:1025400011F00C943D7D0F94F10981EF9DE00E9404
:102550002AF06130710581059105A1F063EB74E00B
:1025600081EF9DE00E940CF281110CC068EB74E0D9
:1025700081EF9DE00E940CF2811104C01092F005E1
:102580000C94467C81E08093F0050C94467C61E1DC
:1025900076E3C7010E94ADF3B7018FE09EE00E9491
:1025A00021F2082FC7010E947BF3002369F180917B
:1025B000EA059091EB05892B11F00C943D7D0F9469
:1025C000F1096FE671E28CE69CE00E9452F567E546
:1025D00071E28FE09BE00E9452F56FE371E28CE6BE
:1025E0009CE00E9452F56AEF70E080E090E00F946A
:1025F000A51088E198E00FB6F894A8958093600044
:102600000FBE90936000FFCF62E076E3C7010E94A7
:10261000ADF3B7018FE09EE00E9421F2082FC701C1
:102620000E947BF3002371F08091EA059091EB0505
:10263000892B11F00C943D7D0F94F1090E94BFC3CA
:102640000C94467C6BEF75E3C7010E94ADF3B701B4
:102650008FE09EE00E9421F2082FC7010E947BF3C9
:10266000002301F18091EA059091EB05892B11F08F
:102670000C943D7D0F94F10964EB71E28CE69CE0D3
:102680000E9452F5109263076BE971E28FE09BE0C4
:102690000E9452F562E871E28CE69CE00E9452F5DD
:1026A0000C94467C64EF75E3C7010E94ADF3B7015B
:1026B0008FE09EE00E9421F2082FC7010E947BF369
:1026C000002391F08091EA059091EB05892B11F0A0
:1026D0000C943D7D0F94F10968EC71E28CE69CE06E
:1026E0000E9452F50C94467C6BEE75E3C7010E9484
:1026F000ADF3B7018FE09EE00E9421F2082FC701E1
:102700000E947BF3002369F18091EA059091EB052B
:10271000009739F40F94F10980E00F94C8540C9499
:10272000467C019711F00C943D7D0F94F10965EE04
:1027300075E3C7010E94ADF3B70181EF9DE00E94F0
:1027400021F2182FC7010E947BF3112329F081E0A9
:102750000F94C8540C94467C80E00F94C8540C9499
:10276000467C68ED75E3C7010E94ADF3B7018FE0C9
:102770009EE00E9421F2082FC7010E947BF30023F4
:1027800009F443C08091EA059091EB05892B11F083
:102790000C943D7D0F94F1096EE672E28CE69CE0AC
:1027A0000E9452F50E940D67182F61E672E2C70180
:1027B0000E94ADF3B70185E19EE00E9421F2082F4F
:1027C000C7010E947BF3002311F40C94467C112373
:1027D00071F064E072E28FE09BE00E94F3FF65EE2F
:1027E00071E28CE69CE00E9452F50C94467C62E417
:1027F00072E28FE09BE00E94F3FF63E272E28CE6FC
:102800009CE00E9452F50C94467C6AEC75E3C7018B
:102810000E94ADF3B7018FE09EE00E9421F2082FE5
:10282000C7010E947BF3002309F443C08091EA05AD
:102830009091EB05892B11F00C943D7D0F94F109DB
:1028400066E173E28CE69CE00E9452F50E940D67FF
:10285000182F68E073E2C7010E94ADF3B70185E16C
:102860009EE00E9421F2082FC7010E947BF3002303
:1028700011F40C94467C112371F068EA72E28FE047
:102880009BE00E94F3FF68E872E28CE69CE00E9405
:1028900052F50C94467C68EE72E28FE09BE00E9459
:1028A000F3FF68EC72E28CE69CE00E9452F50C9417
:1028B000467C6DEB75E3C7010E94ADF3B7018FE075
:1028C0009EE00E9421F2082FC7010E947BF30023A3
:1028D00009F443C08091EA059091EB05892B11F032
:1028E0000C943D7D0F94F1096AEB73E28CE69CE059
:1028F0000E9452F50E940D67182F6DEA73E2C7011E
:102900000E94ADF3B70185E19EE00E9421F2082FFD
:10291000C7010E947BF3002311F40C94467C112321
:1029200071F060E573E28FE09BE00E94F3FF61E3EA
:1029300073E28CE69CE00E9452F50C94467C6EE8B3
:1029400073E28FE09BE00E94F3FF6FE673E28CE698
:102950009CE00E9452F50C94467C66EB75E3C7013F
:102960000E94ADF3B7018FE09EE00E9421F2082F94
:10297000C7010E947BF3002309F40BC18091EA0593
:102980009091EB05009709F0EAC00F94F1096CEF04
:1029900074E28CE69CE00E9452F581E00E94D5AC86
:1029A0000E94CFC661E080E50E94A7C46B017C0154
:1029B0006BEE74E28CE69CE00E94F3FF43E050E093
:1029C000C701B6010F942E030E94C1D58091470222
:1029D000882319F080E00E9467CA8091460288230C
:1029E00019F080E00E94D7C80E94266964EC74E266
:1029F0008CE69CE00E94F3FF84E40F94260A0F9477
:102A000056000E9473C9182F0E946AC9082F61EBF3
:102A100074E28CE69CE00E94F3FF60911E087091C6
:102A20001F088CE69CE00F94500069E974E28CE684
:102A30009CE00E94F3FF612F70E08CE69CE00F9415
:102A4000500061E874E28CE69CE00E94F3FF802F66
:102A500090E00F94560060E774E28CE69CE00E94E0
:102A6000F3FF0E940CAB90E00F94560064E574E213
:102A70008CE69CE00E94F3FF89E20F94260A0F94F3
:102A8000560066E474E28CE69CE00E94F3FF6091DD
:102A9000640770E08CE69CE00F9450008CE69CE0AC
:102AA0000E944EF56EE274E28CE69CE00E94F3FF19
:102AB00087E00F94260ABC018CE69CE00F9450003E
:102AC0008CE69CE00E944EF56CE174E28CE69CE0A2
:102AD0000E94F3FF80E20F94260A0F9456006BE0E9
:102AE00074E28CE69CE00E94F3FF8FE10F94260ACB
:102AF0000F9456006AEF73E28CE69CE00E94F3FFAD
:102B000085E40F94260A0F9456006AEE73E28FE074
:102B10009BE00E94F3FF22E030E0B701A6018FE0C6
:102B20009BE00E9464F567EE73E28FE09BE00E94F9
:102B3000F3FF67ED73E28CE69CE00E94F3FF22E076
:102B400030E0B701A6018CE69CE00E9464F564EDDC
:102B500073E28CE69CE00E9452F50C94467C813036
:102B6000910541F40F94F10981E090E00F943298BF
:102B70000C94467C029711F00C943D7D0F94F10962
:102B80008BEE9DE00E942AF0CB010F9432980C94BA
:102B9000467C6AEA75E3C7010E94ADF3B7018FE096
:102BA0009EE00E9421F2082FC7010E947BF30023C0
:102BB00071F08091EA059091EB05892B11F00C944E
:102BC0003D7D0F94F1090F94F1810C94467C6EE9E0
:102BD00075E3C7010E94ADF3B7018FE09EE00E944C
:102BE00021F2082FC7010E947BF3002309F456C18C
:102BF0008091EA059091EB05892B11F00C943D7DB5
:102C00000F94F10982E1E8E6F7E0DE019996019080
:102C10000D928A95E1F780917F07882309F4C7C058
:102C20000E94F6AA882309F4C0C081E080937E0741
:102C3000712C0E94266988E2D7011D928A95E9F7D6
:102C400015E0A12EB12C4E01B9E28B0E911C67014B
:102C5000870160E088E00E9474C62091570230919D
:102C600058024091590250915A02621B730B840B17
:102C7000950B0F9422AC2091530230915402409155
:102C80005502509156020F940EAEF8016193719364
:102C9000819391938F01E815F905D9F6C7010F9437
:102CA0009B09811104C0F1E0AF1AB10881F66AE016
:102CB00070E0C7010E946EC44B015C014EE050E021
:102CC000BE01635D7F4F8CE697E00F9435B2892B90
:102CD00009F075C080916707882309F470C06EE61B
:102CE00076E28CE69CE00E9452F5C7010F949B09A6
:102CF0008111AAC06EE975E28CE69CE00E94F3FFA8
:102D000022E030E0B501A4018CE69CE00E9464F56D
:102D10006DE875E28CE69CE00E94F3FFD6014D91D0
:102D20005D916D917D916D0122E030E08CE69CE03B
:102D30000E9464F569E08CE69CE00F941C00C016CC
:102D4000D10661F769E08CE69CE00F941C008CE6EC
:102D50009CE00E944EF560E775E28FE09BE00E94E8
:102D6000F3FF22E030E0B501A4018FE09BE00E9478
:102D700064F56BEB74E08FE09BE00E9466F563E521
:102D800075E28CE69CE00E94F3FF22E030E0B501A2
:102D9000A4018CE69CE00E9464F56BEB74E08CE689
:102DA0009CE00E9466F50C94467C84E63FCF0F942D
:102DB000CF0F80937E070F94C80F782E3ACF809163
:102DC000680790916907892B09F48FCF20E030E0E4
:102DD00048E452E4C501B4010F94B6AE18160CF0E5
:102DE00084CF711082CF20917E078091050490E0FE
:102DF00005962817190611F00CF077CF6DEF75E2E4
:102E00008CE69CE00E9452F581E0809367072DB725
:102E10003EB7225131090FB6F8943EBF0FBE2DBF09
:102E2000ADB7BEB7119682E1E8E6F7E001900D92EA
:102E30008A95E1F7C501B4010E94EEAB0FB6F89494
:102E4000DEBF0FBECDBF51CF66E375E28FE09BE0E2
:102E50000E94F3FF22E030E0B501A4018FE09BE087
:102E60000E9464F56BEB74E08FE09BE00E9466F5D6
:102E700069E175E28CE69CE00E94F3FF22E030E01D
:102E8000B501A4018CE69CE00E9464F56BEB74E054
:102E90008CE69CE00E9466F50C94467C66E975E33E
:102EA000C7010E94ADF3B7018FE09EE00E9421F2BE
:102EB000082FC7010E947BF3002371F08091EA057F
:102EC0009091EB05892B11F00C943D7D0F94F10945
:102ED0000E94BAB30C94467C66E875E3C7010E9471
:102EE000ADF3B7018FE09EE00E9421F2082FC701E9
:102EF0000E947BF3002391F08091EA059091EB050D
:102F0000019711F00C943D7D0F94F10981EF9DE044
:102F10000F9480680F9496840C94467C6BE675E35E
:102F2000C7010E94ADF3B7018FE09EE00E9421F23D
:102F3000082FC7010E947BF3002371F08091EA05FE
:102F40009091EB05892B11F00C943D7D0F94F109C4
:102F50000E9491FD0C94467C68E375E3C7010E94D2
:102F6000ADF3B7018FE09EE00E9421F2082FC70168
:102F70000E947BF3002361F08091EA059091EB05BC
:102F8000892B11F00C943D7D0F94F1090C94467C33
:102F90006FE175E3C7010E94ADF3B7018FE09EE0DA
:102FA0000E9421F2082FC7010E947BF3002329F120
:102FB0008091EA059091EB05892B11F00C943D7DF1
:102FC0000F94F10962EA76E28CE69CE00E9452F5E9
:102FD0001092640210926302E5E6F2E0A3ECB3E023
:102FE000119211921D9222E0E93CF207C9F70E946A
:102FF00083D80E943DE60C94467C61E075E3C701EE
:103000000E94ADF3B7018FE09EE00E9421F2082FED
:10301000C7010E947BF3002309F471C08091EA0587
:103020009091EB05039711F00C943D7D0F94F109FD
:1030300085EE9DE00E942AF077247394672B682B1D
:10304000692B09F4712C8BEE9DE00E942AF06B0134
:1030500081EF9DE00E942AF04B018B010150110984
:1030600002331105D0F569E377E28CE69CE00E941B
:10307000F3FFB8018CE69CE00F94500060E377E228
:103080008CE69CE00E94F3FFB4018CE69CE00F9478
:1030900050006AE277E28CE69CE00E94F3FF3FEE8C
:1030A000C31632E0D30624F0BEEECB2EB2E0DB2E08
:1030B000D7FE02C0D12CC12CC6010F945600F801D6
:1030C000EE0FFF1FEB59FD4FD182C082F801ED5387
:1030D000FC4F70820F94631A8ACF6DE177E28CE621
:1030E0009CE00E94F3FFB4018CE69CE00F9450003A
:1030F0006EEE76E28CE69CE00E94F3FF78CF6BEEFA
:1031000074E3C7010E94ADF3B7018FE09EE00E9417
:1031100021F2082FC7010E947BF3002309F4EEC0BF
:103120008091EA059091EB05039711F00C943D7D99
:103130000F94F10985EE9DE00F9480686B017C018E
:103140008BEE9DE00E942AF04B015C0181EF9DE037
:103150000E942AF02B013C0161E378E28CE69CE0BE
:103160000E94F3FF609157027091580280915902BA
:1031700090915A020F94A30940925702509258021C
:103180006092590270925A0262E178E28CE69CE009
:103190000E94F3FF6091570270915802809159028A
:1031A00090915A020F94A30962EF77E28CE69CE0BB
:1031B0000E94F3FF60915B0270915C0280915D025E
:1031C00090915E020F94A30980925B0290925C0240
:1031D000A0925D02B0925E0263ED77E28CE69CE025
:1031E0000E94F3FF60915B0270915C0280915D022E
:1031F00090915E020F94A30961EB77E28CE69CE06C
:103200000E94F3FF60915F02709160028091610201
:103210009091620242E050E00F942E03C0925F0250
:10322000D0926002E0926102F092620260E977E27D
:103230008CE69CE00E94F3FF60915F027091600257
:10324000809161029091620242E050E00F942E035F
:1032500065E777E28CE69CE00E94F3FF6091530201
:1032600070915402809155029091560242E050E0D4
:103270000F942E0360915B0270915C0280915D025D
:1032800090915E02009157021091580220915902CC
:1032900030915A02601B710B820B930B0F9422AC7E
:1032A0004B015C01A701960160E070E080E89FE3BC
:1032B0000F940EAE9B01AC01C501B4010F9481AC1B
:1032C0006093530270935402809355029093560278
:1032D0006BE577E28CE69CE00E94F3FF609153027D
:1032E00070915402809155029091560242E050E054
:1032F0000F942E030E9483D80C94467C63ED74E3F4
:10330000C7010E94ADF3B7018FE09EE00E9421F259
:10331000082FC7010E947BF30023B1F08091EA05DA
:103320009091EB05019711F00C943D7D0F94F109FC
:1033300081EF9DE00E942AF0609305040E9483D8EB
:103340000E943DE60C94467C6BEB74E3C7010E943F
:10335000ADF3B7018FE09EE00E9421F2082FC70174
:103360000E947BF30023B1F08091EA059091EB0578
:10337000019711F00C943D7D0F94F10981EF9DE0D0
:103380000E942AF0609306040E9483D80E943DE6C2
:103390000C94467C66EA74E3C7010E94ADF3B70162
:1033A0008FE09EE00E9421F2082FC7010E947BF36C
:1033B000002309F4F6C08091EA059091EB05892B72
:1033C00011F00C943D7D0F94F1090F94CF0F682FED
:1033D00070E090E080E00F9420AC2B013C010F9452
:1033E000C80FF82E0F94CF0F682F70E090E080E0A8
:1033F0000F9420AC4B015C010F94C80FE82E0F9482
:10340000CF0F682F70E090E080E00F9420AC2B96F7
:103410006CAF7DAF8EAF9FAF2B970F94C80FD82E98
:103420000F94CF0F682F70E090E080E00F9420ACF5
:103430002F966CAF7DAF8EAF9FAF2F970F94C80FB5
:10344000C82E0F94CF0F682F70E090E080E00F94AB
:1034500020AC63966CAF7DAF8EAF9FAF63970F9438
:10346000C80FF11096C0E11094C0D11092C0C110E5
:1034700090C081118EC0A5019401C301B2010F94C7
:10348000A2AD2B962CAD3DAD4EAD5FAD2B970F94FD
:10349000A2AD2F962CAD3DAD4EAD5FAD2F970F94E5
:1034A000A2AD63962CAD3DAD4EAD5FAD63970F946D
:1034B000A2AD20E030E040EA50E40F940EAE6B0184
:1034C0007C0167EC78E28CE69CE00E94F3FF22E04E
:1034D00030E0B301A2018CE69CE00E9464F56DEB44
:1034E00078E28CE69CE00E94F3FF22E030E0B50138
:1034F000A4018CE69CE00E9464F563EB78E28CE624
:103500009CE00E94F3FF22E030E02B964CAD5DADD5
:103510006EAD7FAD2B978CE69CE00E9464F569EA66
:1035200078E28CE69CE00E94F3FF22E030E02F96E8
:103530004CAD5DAD6EAD7FAD2F978CE69CE00E94EB
:1035400064F56FE978E28CE69CE00E94F3FF22E0EC
:1035500030E063964CAD5DAD6EAD7FAD63978CE6AC
:103560009CE00E9464F563E978E28CE69CE00E94AE
:10357000F3FF42E050E0C701B6010F942E03C701EC
:10358000B6010F9487AE609305040E9483D80C9413
:10359000467C61E578E28CE69CE00E9452F50C9452
:1035A000467C61E974E3C7010E94ADF3B7018FE087
:1035B0009EE00E9421F2082FC7010E947BF30023A6
:1035C00009F4F6C08091EA059091EB05892B11F082
:1035D0000C943D7D0F94F1090F94CF0F682F70E08C
:1035E00090E080E00F9420AC2B013C010F94C80FB9
:1035F000F82E0F94CF0F682F70E090E080E00F94CA
:1036000020AC4B015C010F94C80FE82E0F94CF0F34
:10361000682F70E090E080E00F9420AC2B966CAFA8
:103620007DAF8EAF9FAF2B970F94C80FD82E0F94FE
:10363000CF0F682F70E090E080E00F9420AC2F96C1
:103640006CAF7DAF8EAF9FAF2F970F94C80FC82E72
:103650000F94CF0F682F70E090E080E00F9420ACC3
:1036600063966CAF7DAF8EAF9FAF63970F94C80F1B
:10367000F11096C0E11094C0D11092C0C11090C05A
:1036800081118EC0A5019401C301B2010F94A2ADB6
:103690002B962CAD3DAD4EAD5FAD2B970F94A2ADEB
:1036A0002F962CAD3DAD4EAD5FAD2F970F94A2ADD3
:1036B00063962CAD3DAD4EAD5FAD63970F94A2AD5B
:1036C00020E030E040EA50E40F940EAE6B017C0144
:1036D00066E479E28CE69CE00E94F3FF22E030E0B1
:1036E000B301A2018CE69CE00E9464F56CE379E2F0
:1036F0008CE69CE00E94F3FF22E030E0B501A401DB
:103700008CE69CE00E9464F562E379E28CE69CE042
:103710000E94F3FF22E030E02B964CAD5DAD6EAD24
:103720007FAD2B978CE69CE00E9464F568E279E21D
:103730008CE69CE00E94F3FF22E030E02F964CAD37
:103740005DAD6EAD7FAD2F978CE69CE00E9464F579
:103750006EE179E28CE69CE00E94F3FF22E030E02B
:1037600063964CAD5DAD6EAD7FAD63978CE69CE02E
:103770000E9464F562E179E28CE69CE00E94F3FF2E
:1037800042E050E0C701B6010F942E03C701B60115
:103790000F9487AE609306040E9483D80C94467CF5
:1037A00060ED78E28CE69CE00E9452F50C94467C39
:1037B00063E874E3C7010E94ADF3B7018FE09EE0B8
:1037C0000E9421F2082FC7010E947BF3002371F0B1
:1037D0008091EA059091EB05892B11F00C943D7DC9
:1037E0000F94F1090E94FADA0C94467C61E774E3C5
:1037F000C7010E94ADF3B7018FE09EE00E9421F265
:10380000082FC7010E947BF30023C1F08091EA05D5
:103810009091EB05019711F00C943D7D0F94F10907
:1038200081EF9DE00E942AF0CB0121E04FEF50E0B4
:103830006CED75E00E9493C70C94467C6BE574E3D5
:10384000C7010E94ADF3B7018FE09EE00E9421F214
:10385000082FC7010E947BF30023A1F08091EA05A5
:103860009091EB05019711F00C943D7D0F94F109B7
:1038700081EF9DE00E942AF070931F0860931E085C
:103880000C94467C61E474E3C7010E94ADF3B70178
:103890008FE09EE00E9421F2082FC7010E947BF377
:1038A000002309F488C08091EA059091EB05892BEB
:1038B00011F00C943D7D0F94F109C0901E08D0903A
:1038C0001F080E944EC780911E0890911F0897FF05
:1038D00061C060E08CE00F944F0A11E0EEE7EE2E3D
:1038E000FF24FA946FEF70E083E00F94620C6CE8B1
:1038F00079E28CE69CE00E94F3FFC6010F9456002B
:1039000068E779E28CE69CE00E94F3FFC7010F9420
:1039100056000F94390D0F94541358EEC52E53E0F2
:10392000D52E6BE1A62E63E0B62E86E30F94889227
:10393000C5010197F1F780911E0890911F0811238E
:1039400089F18E159F058CF10E9457C70F94390D90
:103950000F94541360E679E28CE69CE00E94F3FF3A
:1039600080911E0890911F080F9456006AEF70E036
:1039700080E090E00F94A5106FE479E28CE69CE083
:103980000E94F3FF80911E0890911F080F9456002B
:103990000C94467C61E08CE00F944F0A72E8E72EAD
:1039A000F12CA0CFE816F9067CF641E0C41AD10844
:1039B00009F0BBCFC9CF64E274E3C7010E94ADF345
:1039C000B7018FE09EE00E9421F2182FC7010E94EC
:1039D0007BF3112371F08091EA059091EB05892B1F
:1039E00011F00C943D7D0F94F1090F949F920C946B
:1039F000467C61E174E3C7010E94ADF3B7018FE03B
:103A00009EE00E9421F2182FC7010E947BF3112330
:103A100009F478C08091EA059091EB050097C9F40C
:103A20000F94F10910921F0810921E0880911E0831
:103A300090911F0820E044E650E068E57BE1805F5C
:103A4000954B0E9493C710921F0810921E080C9469
:103A5000467C8130910539F50F94F10910921F08C9
:103A600010921E0881EF9DE00E942AF0A0911E088E
:103A7000B0911F0824E832E1629FF001639FF00DCE
:103A8000729FF00D112420E044E650E068E57BE1F0
:103A9000CF018A0F9B1F0E9493C710921F0810929C
:103AA0001E080C94467C029711F00C943D7D0F94F7
:103AB000F10910921F0810921E088BEE9DE00E94E3
:103AC0002AF06B0181EF9DE00E942AF0A0911E0870
:103AD000B0911F0824E832E1629FF001639FF00D6E
:103AE000729FF00D112420E0A60168E57BE1CF0173
:103AF0008A0F9B1F0E9493C710921F0810921E08E6
:103B00000C94467C67EF73E3C7010E94ADF3B701E5
:103B10008FE09EE00E9421F2182FC7010E947BF3E4
:103B2000112309F478C08091EA059091EB05009784
:103B3000C9F40F94F10910921F0810921E08809189
:103B40001E0890911F0820E044E650E068E57BE104
:103B500080519A440E9493C710921F0810921E0829
:103B60000C94467C8130910539F50F94F10910923F
:103B70001F0810921E0881EF9DE00E942AF0A0917C
:103B80001E08B0911F082CE73DEE629FF001639F75
:103B9000F00D729FF00D112420E044E650E068E53E
:103BA0007BE1CF018A0F9B1F0E9493C710921F08D1
:103BB00010921E080C94467C029711F00C943D7DE7
:103BC0000F94F10910921F0810921E088BEE9DE0D1
:103BD0000E942AF06B0181EF9DE00E942AF0A091E3
:103BE0001E08B0911F082CE73DEE629FF001639F15
:103BF000F00D729FF00D112420E0A60168E57BE135
:103C0000CF018A0F9B1F0E9493C710921F0810922A
:103C10001E080C94467C65EE73E3CE0101960E946B
:103C2000ADF3BE016F5F7F4F8FE09EE00E9421F2F7
:103C3000182FCE0101960E947BF31123A1F08091F1
:103C4000EA059091EB05019711F00C943D7D0F94DE
:103C5000F10981EF9DE00E942AF020E041E00E94FE
:103C60004BD00C94467C61ED73E3CE0101960E942B
:103C7000ADF3BE016F5F7F4F8FE09EE00E9421F2A7
:103C8000182FCE0101960E947BF3112309F4D8C0AE
:103C90008091EA059091EB05019711F00C943D7D20
:103CA0000F94F10981EF9DE00E942AF04B017B0106
:103CB0000F94B509882311F40C94467C40E050E041
:103CC00064E375E482E39FE00E9442F740E050E045
:103CD00064E375E482E39FE00E94BFF688E097E02A
:103CE0000F94510B80E10F94E30B0F941F0C64E6CB
:103CF00070E080E090E00F94A510B40197FE04C03E
:103D0000662777276819790988EA91E60F94E5AF65
:103D10008B01D12CC12C4701FF0CAA08BB080C1544
:103D20001D0511F40C94467C40913E0F50913F0FBD
:103D30006091400F7091410F480D591D6A1D7B1D08
:103D400082E39FE00E9437F84091420F5091430F69
:103D50006091440F7091450F80913E0F90913F0FFD
:103D6000A091400FB091410F481759076A077B0790
:103D700029F082E39FE00E94B4F7E6CF0E947CC95D
:103D80008093740580914702882331F081E00E947E
:103D900067CA2C01712C612C80914602882331F076
:103DA00081E00E94D7C82C01712C612C69E07AE275
:103DB0008CE69CE00E94F3FF40917A0750917B07CC
:103DC00060917C0770917D078CE69CE00F941E004B
:103DD00065EE79E28CE69CE00E94F3FF40913E0F95
:103DE00050913F0F6091400F7091410F8CE69CE025
:103DF0000F941E000E947CC98093740563ED79E2E4
:103E00008CE69CE00E94F3FF6091740570E08CE604
:103E10009CE00F94500068EB79E28CE69CE00E94F5
:103E2000F3FFC301B2010F94A3090E94A26C0F9487
:103E3000321881110C94467C8FEFC81AD80A6FCFC4
:103E40006CEB73E3CE0101960E94ADF3BE016F5F90
:103E50007F4F8FE09EE00E9421F2182FCE01019645
:103E60000E947BF3112399F08091EA059091EB0574
:103E7000019711F00C943D7D0F94F10981EF9DE0C5
:103E80000E942AF0CB010E94F1FC0C94467C62EA6D
:103E900073E3CE0101960E94ADF3BE016F5F7F4FC9
:103EA0008FE09EE00E9421F2182FCE0101960E9421
:103EB0007BF31123C9F08091EA059091EB05892BE2
:103EC00011F00C943D7D0F94F109809148028230ED
:103ED00048F08B3F08F08AEF8B5F90E00E94F1FC86
:103EE0000C94467C85E0F9CF68E873E3CE01019637
:103EF0000E94ADF3BE016F5F7F4F8FE09EE00E9496
:103F000021F2182FCE0101960E947BF31123A9F014
:103F10008091EA059091EB05892B11F00C943D7D81
:103F20000F94F10980914802863008F486E08550AC
:103F300090E00E94F1FC0C94467C66E773E3CE01AE
:103F400001960E94ADF3BE016F5F7F4F8FE09EE050
:103F50000E9421F2182FCE0101960E947BF31123BB
:103F6000D1F08091EA059091EB05019711F00C9446
:103F70003D7D0F94F10981EF9DE00E942AF021E040
:103F8000672B682B692B09F420E02093F8030E942B
:103F900083D80C94467C63E673E3CE0101960E94BD
:103FA000ADF3BE016F5F7F4F8FE09EE00E9421F274
:103FB000182FCE0101960E947BF31123D1F080913E
:103FC000EA059091EB05019711F00C943D7D0F945B
:103FD000F10981EF9DE00E942AF021E0672B682B18
:103FE000692B09F420E020932D040E9483D80C94BF
:103FF000467C62E573E3CE0101960E94ADF3BE01FB
:104000006F5F7F4F8FE09EE00E9421F2182FCE015C
:1040100001960E947BF3112309F440C08091EA05C8
:104020009091EB05019711F00C943D7D0F94F109EF
:1040300081EF9DE00E942AF021E0672B682B692B1D
:1040400009F420E0209307040E9483D868E373E317
:104050008FE09BE00E94F3FF6091070470E08FE027
:104060009BE00F94500065E373E38FE09BE00E94B8
:10407000F3FF6BE173E38CE69CE00E94F3FF609139
:10408000070470E08CE69CE00F94500068E173E355
:104090008CE69CE00E9452F50C94467C67E073E34A
:1040A000CE0101960E94ADF3BE016F5F7F4F8FE09E
:1040B0009EE00E9421F2182FCE0101960E947BF310
:1040C000112391F18091EA059091EB05892B11F074
:1040D0000C943D7D0F94F1096DEE72E38FE09BE04F
:1040E0000E94F3FF6091070470E08FE09BE00F9463
:1040F00050006AEE72E38FE09BE00E94F3FF60EDF8
:1041000072E38CE69CE00E94F3FF6091070470E08C
:104110008CE69CE00F9450006DEC72E38CE69CE022
:104120000E9452F50C94467C69EB72E3CE01019635
:104130000E94ADF3BE016F5F7F4F8FE09EE00E9453
:1041400021F2182FCE0101960E947BF3112301F179
:104150008091EA059091EB05892B11F00C943D7D3F
:104160000F94F10980914702882329F060E070E004
:10417000CB010E94CCC980914602882311F40C9493
:10418000467C60E070E0CB010E9418C90C94467C2C
:1041900062EA72E3CE0101960E94ADF3BE016F5F49
:1041A0007F4F8FE09EE00E9421F2182FCE010196F2
:1041B0000E947BF31123F1F08091EA059091EB05C9
:1041C000009751F40F94F1096CEB72E080E090E0FD
:1041D0000F941D630C94467C019711F00C943D7D67
:1041E0000F94F10981EF9DE00E942AF00F941D6366
:1041F0000C94467C61E972E3CE0101960E94ADF316
:10420000BE016F5F7F4F8FE09EE00E9421F2182F6A
:10421000CE0101960E947BF3112391F08091EA0573
:104220009091EB05019711F00C943D7D0F94F109ED
:1042300081EF9DE00E942AF00F947A5E0C94467CF8
:1042400062E872E3CE0101960E94ADF3BE016F5F9A
:104250007F4F8FE09EE00E9421F2182FCE01019641
:104260000E947BF3112309F44EC08091EA059091DE
:10427000EB058130910579F40F94F10981EF9DE010
:104280000E942AF001E028E938E040E050E00F9475
:10429000245A0C94467C8230910599F40F94F109CC
:1042A0008BEE9DE00E942AF06B017C0181EF9DE086
:1042B0000E942AF001E0A70196010F94245A0C9461
:1042C000467C039711F00C943D7D0F94F10985EE27
:1042D0009DE00E942AF04B015C018BEE9DE00E9464
:1042E0002AF06B017C0181EF9DE00E942AF001E041
:1042F00089288A288B2809F400E0A70196010F94E9
:10430000245A0C94467C6BE672E3CE0101960E941F
:10431000ADF3BE016F5F7F4F8FE09EE00E9421F200
:10432000182FCE0101960E947BF3112309F4B1C02E
:104330008091EA059091EB05892B11F00C943D7D5D
:104340000F94F1090E94DECA182F0F9471687C0146
:1043500081E090E00E948CD518238AE090E00E94D2
:104360008CD518230F9471686C0184E190E00E9451
:104370008CD518238EE190E00E948CD5182384E11F
:1043800090E00E948CD518238AE090E00E948CD5A2
:1043900018230F9471685C016CE47DE28CE69CE06C
:1043A0000E94F3FFC7010F94560067E27DE28CE69E
:1043B0009CE00E94F3FFC6010F94560061E07DE28D
:1043C0008CE69CE00E94F3FFC5010F9456006DEA55
:1043D0007CE28CE69CE00E94F3FFAC18BD08C501AE
:1043E0000F9456006CE77CE28CE69CE00E9452F54C
:1043F00011111AC06FE67CE28CE69CE00E9452F537
:104400006DEF7BE28CE69CE00E9452F564ED7BE26E
:104410008FE09BE00E94F3FF6BEA7BE28CE69CE07E
:104420000E9452F50C94467C91E3A90EB11CA3E6C0
:10443000AA16B104A0F46EE97BE28CE69CE00E942F
:1044400052F565E77BE28FE09BE00E94F3FF6CE4AE
:104450007BE28CE69CE00E9452F50C94467C6FE374
:104460007BE28CE69CE00E9452F56BE67AE28CE6F9
:104470009CE00E9452F562E47AE28FE09BE00E94A9
:10448000F3FF69E17AE28CE69CE00E9452F50C941D
:10449000467C6AE572E3CE0101960E94ADF3BE014F
:1044A0006F5F7F4F8FE09EE00E9421F2182FCE01B8
:1044B00001960E947BF31123D9F08091EA05909137
:1044C000EB05009741F40F94F10988E090E00F9418
:1044D0002D560C94467C019711F00C943D7D81EF94
:1044E0009DE00E942AF0CB010F942D560C94467C3F
:1044F00066E472E3CE0101960E94ADF3BE016F5FE8
:104500007F4F8FE09EE00E9421F2182FCE0101968E
:104510000E947BF3112309F466C18091EA05909112
:10452000EB05019711F00C943D7D81EF9DE00E9419
:104530002AF02B966CAF7DAF8EAF9FAF2B970E946A
:10454000DECA412C512C32014394812C912C540110
:10455000C12CD12C76012B968CAD9DADAEADBFADEF
:104560002B9784159505A605B7050CF4E2C09C01B0
:10457000AD01C301B2010F94D11566E37FE28CE671
:104580009CE00E94F3FFC301B201615071098109EF
:10459000910922E330E040E050E00F94F9AF2F960C
:1045A0006CAF7DAF8EAF9FAF2F976F5F7F4F8F4FF9
:1045B0009F4F0F94A3092D968EAD9FAD2D97019619
:1045C0000E948CD5182F81110AC09FEF891A990A71
:1045D000A90AB90AA1E0CA1AD108E108F108809134
:1045E000750590917605092E000CAA0BBB0BC80E21
:1045F000D91EEA1EFB1E6EE17FE28CE69CE00E9463
:10460000F3FF80917505909176050F94560063E154
:104610007FE28CE69CE00E94F3FF812F90E00F94F4
:10462000560065E07FE28CE69CE00E94F3FFC70144
:10463000B6010F94A30966EF7EE28CE69CE00E942F
:10464000F3FFC501B4010F94A30962EE7EE28CE68C
:104650009CE00E94F3FFC301B201625F7F4F8F4F66
:104660009F4F22E330E040E050E00F94F9AF2F96E7
:104670006CAF7DAF8EAF9FAF2F976F5F7F4F8F4F28
:104680009F4F0F94A3092D968EAD9FAD2D97019648
:104690000E948CD5182F81110AC0BFEF8B1A9B0A7C
:1046A000AB0ABB0AE1E0CE1AD108E108F10880911B
:1046B000750590917605092E000CAA0BBB0BC80E50
:1046C000D91EEA1EFB1E6AEC7EE28CE69CE00E948C
:1046D000F3FF80917505909176050F9456006FEB6E
:1046E0007EE28CE69CE00E94F3FF812F90E00F9425
:1046F000560061EB7EE28CE69CE00E94F3FFC7016E
:10470000B6010F94A30962EA7EE28CE69CE00E9467
:10471000F3FFC501B4010F94A3090E94A26C0F948A
:104720003218811106C0FFEF4F1A5F0A6F0A7F0A25
:1047300012CF68E87EE28CE69CE00E94F3FF2B96A5
:104740004CAD5DAD6EAD7FAD2B978CE69CE00F94CC
:104750001E006FE77EE28CE69CE00E9452F561E667
:104760007EE28CE69CE00E94F3FFC701B6010F9445
:10477000A30962E47EE28CE69CE00E94F3FFC5019F
:10478000B4010F94A30989288A288B28C1F4CD2865
:10479000CE28CF28A1F464E27EE28CE69CE00E9461
:1047A00052F56EEF7DE28FE09BE00E94F3FF68ED33
:1047B0007DE28CE69CE00E9452F50C94467C6AEB0C
:1047C0007DE28CE69CE00E9452F564E97DE28FE098
:1047D0009BE00E94F3FF6EE67DE28CE69CE00E9487
:1047E00052F50C94467C61E372E3CE0101960E947F
:1047F000ADF3BE016F5F7F4F8FE09EE00E9421F21C
:10480000182FCE0101960E947BF3112309F450C0AA
:104810008091EA059091EB05019711F00C943D7D94
:1048200081EF9DE00E942AF04B015C01C12CD12C4C
:104830007601C3948C149D04AE04BF0414F40C944C
:10484000467CA5019401C701B6010F94D11520E063
:104850004FEF50E06AEF70E088EE93E00E9493C75C
:1048600020E04FEF50E06AEF70E090E080E00E94BF
:1048700093C720E04FEF50E06AEF70E088E19CEFD3
:104880000E9493C720E04FEF50E06AEF70E090E0A5
:1048900080E00E9493C70E94A26C0F94321881118D
:1048A0000C94467C2FEFC21AD20AE20AF20AC2CF57
:1048B00062E272E3CE0101960E94ADF3BE016F5F2A
:1048C0007F4F8FE09EE00E9421F2182FCE010196CB
:1048D0000E947BF3112309F471C08091EA05909145
:1048E000EB05019711F00C943D7D81EF9DE00E9456
:1048F0002AF04B015C01C12CD12C7601C39422E338
:10490000422E512C612C712C8C149D04AE04BF04DA
:1049100014F40C94467CA5019401C701B6010F94D0
:10492000D11520E04FEF50E06AEF70E088EE93E0A1
:104930000E9493C720E04FEF50E06AEF70E090E0F4
:1049400080E00E9493C7C701B601615071098109D7
:104950009109A30192010F94F9AFCB0101960E9436
:104960008CD520E04FEF50E06AEF70E088E19CEFDB
:104970000E9493C720E04FEF50E06AEF70E090E0B4
:1049800080E00E9493C7C701B601625F7F4F8F4FDF
:104990009F4FA30192010F94F9AFCB0101960E94A2
:1049A0008CD50E94A26C0F94321881110C94467C15
:1049B0003FEFC31AD30AE30AF30AA6CF62E172E318
:1049C000CE0101960E94ADF3BE016F5F7F4F8FE075
:1049D0009EE00E9421F2182FCE0101960E947BF3E7
:1049E000112309F4CFC08091EA059091EB0501975E
:1049F00011F00C943D7D81EF9DE00E942AF02B0187
:104A00003C01C12CD12C7601C394812C912C5401F2
:104A10004C145D046E047F040CF48AC00E94266965
:104A200081110BC068E170E38CE69CE00E9452F5B6
:104A30004FEF841A940AA40AB40A60E971E080E096
:104A400090E00F94A510C701B6012AE030E040E0E5
:104A500050E00F94F9AF672B682B692B09F05CC00D
:104A600061E170E38CE69CE00E94F3FFB701A601D0
:104A70008CE69CE00F941E0068E070E38CE69CE0FE
:104A80000E94F3FFB301A2018CE69CE00F941E008C
:104A900069EE7FE28CE69CE00E94F3FFC301B20165
:104AA0006C197D098E099F090F9422AC9B01AC0102
:104AB0000F94A2AD20E030E040E752E40F940EAE38
:104AC00020E030E040E752E40F940EAE42E050E0C8
:104AD0000F942E036EEB7FE28CE69CE00E94F3FFC6
:104AE000B701A601481959096A097B098CE69CE0BF
:104AF0000F941E0068EA7FE28CE69CE00E94F3FFC0
:104B0000B501A4018CE69CE00F941E0061EA7FE2EF
:104B10008CE69CE00E9452F50E94A26C0F94321821
:104B2000811106C08FEFC81AD80AE80AF80A70CFB8
:104B30006CE77FE28CE69CE00E94F3FFB301A201E8
:104B4000481959096A097B098CE69CE00F941E00FC
:104B500065E77FE28CE69CE00E9452F561E57FE22A
:104B60008CE69CE00E94F3FFB501A4018CE69CE07A
:104B70000F941E006AE47FE28CE69CE00E9452F5EE
:104B80000C94467C63E072E3CE0101960E94ADF383
:104B9000BE016F5F7F4F8FE09EE00E9421F2182FD1
:104BA000CE0101960E947BF31123B1F18091EA05B9
:104BB0009091EB05892B11F00C943D7D0F94F10938
:104BC0006DE670E38CE69CE00E9452F56CE470E3C5
:104BD0008FE09BE00E94F3FF6BE270E38CE69CE0C9
:104BE0000E9452F568EE73E080E090E00F94A5100B
:104BF00061E082E40F94260C61E082E40F944F0A96
:104C000068E873E180E090E00F94A51060E082E432
:104C10000F944F0A0C94467C60EF71E3CE0101962D
:104C20000E94ADF3BE016F5F7F4F8FE09EE00E9458
:104C300021F2182FCE0101960E947BF3112311F46B
:104C40000C943D7D8091EA059091EB05892B11F044
:104C50000C943D7D0F94F10960ED70E38CE69CE0CF
:104C60000E9452F568EE73E080E090E00F94A5108A
:104C700061E083E40F94260C61E083E40F944F0A13
:104C800068E873E180E090E00F94A51060E083E4B1
:104C90000F944F0A6BEA70E38FE09BE00E94F3FFF2
:104CA00066E870E38CE69CE00E9452F50C94467C2A
:104CB00081EA9FE00E945CF98091C4059091C5054E
:104CC000019699279093C5058093C4058BE89FE0D2
:104CD0000E945CF980E00E94D5AC0F9454130091BF
:104CE000CB051091CC052091CD053091CE05601BF0
:104CF000710B820B930B683E73408105910528F47C
:104D0000012B022B032B09F0BCC10E940CAB90912C
:104D10002D04911101C0982F8091CA05882309F4B0
:104D200097C14091CB055091CC056091CD05709114
:104D3000CE05452B462B472B09F477C1911197C11E
:104D40001092CA0561E071E38CE69CE00E9452F586
:104D50006DEE70E378C16CEB71E3CE0101960E94B9
:104D6000ADF3BE016F5F7F4F87EB9FE00E9421F2A2
:104D7000182FCE0101960E947BF31111ABCF67EB88
:104D800071E3CE0101960E94ADF3BE016F5F7F4FCC
:104D900087EB9FE00E9421F2182FCE0101960E941E
:104DA0007BF3112331F040E06FEF80E00F94D810D7
:104DB00091CF6CEA71E3CE0101960E94ADF3BE0182
:104DC0006F5F7F4F87EB9FE00E9421F2182FCE018B
:104DD00001960E947BF31123C1F00F9454130091AC
:104DE000E4051091E5052091E6053091E705601B8B
:104DF000710B820B930B653F71408105910508F49F
:104E000069CF40E060E08FEFD1CF66EA71E3CE0179
:104E100001960E94ADF3BE016F5F7F4F87EB9FE06D
:104E20000E9421F2182FCE0101960E947BF31111EE
:104E3000E8CF6DE971E3CE0101960E94ADF3BE01AA
:104E40006F5F7F4F87EB9FE00E9421F2182FCE010A
:104E500001960E947BF3112309F43CCFA4CF8091EB
:104E6000D0059091D105A091D205B091D305892BA1
:104E70008A2B8B2B09F435C10F9454136093D00502
:104E80007093D1058093D2059093D30580918107CB
:104E9000882309F44CC00F9454130091DC05109141
:104EA000DD052091DE053091DF05601B710B820B63
:104EB000930B693E734081059105C8F10F9454131B
:104EC0006093DC057093DD058093DE059093DF052C
:104ED00080917705882359F10E9406C3882371F0D9
:104EE0008091F1059091F2054F9740F40E947CB0BB
:104EF00001E021E040E060E00E944BB58091770541
:104F00008823A9F00E941CC2882389F08091F105B2
:104F10009091F205009719F04F97449740F40E9442
:104F20006EB001E021E040E060E00E944BB580916E
:104F300066078823F9F00F9454130091D805109157
:104F4000D9052091DA053091DB05601B710B820BCE
:104F5000930B693873418105910560F00F945413E8
:104F60006093D8057093D9058093DA059093DB059B
:104F70000E9477BA809165078823F9F00F94541343
:104F80000091D4051091D5052091D6053091D70513
:104F9000601B710B820B930B69387341810591057E
:104FA00060F00F9454136093D4057093D5058093EB
:104FB000D6059093D7050E9440B98091660781116C
:104FC00008C08091F405882321F00E9477BA1092DE
:104FD000F40580916507811108C08091F50588234B
:104FE00021F00E9440B91092F50580918107CA5ABC
:104FF000DF4F0FB6F894DEBF0FBECDBFDF91CF916C
:105000001F910F91FF90EF90DF90CF90BF90AF90E6
:105010009F908F907F906F905F904F900895112395
:1050200011F40C9489910C947B91992309F488CE06
:1050300081E08093CA056AE271E38CE69CE00E94FD
:1050400052F565E171E38FE09BE00E9452F50FC0DD
:105050009111EECF8091CB059091CC05A091CD051B
:10506000B091CE05892B8A2B8B2B09F469CE0F9436
:1050700054136093CB057093CC058093CD0590932A
:10508000CE0580917F07811101CF0F9454130091B9
:10509000D0051091D1052091D2053091D305601B28
:1050A000710B820B930B683E73408105910528F4C8
:1050B000012B022B032B09F0E9CE0E94FFAA90914D
:1050C000CF059923C9F04091D0055091D105609149
:1050D000D2057091D305452B462B472B01F1811149
:1050E000CBCE1092CF0566E571E38CE69CE00E9482
:1050F00052F56FE371E30EC0882309F4B0CE81E06E
:105100008093CF0565E871E38CE69CE00E9452F540
:105110006DE671E38FE09BE00E9452F5ADCE8823EF
:1051200001F3EDCF8F929F92AF92BF92CF92DF9219
:10513000EF92FF920F931F93CF93DF93CDB7DEB71C
:10514000CF51D1400FB6F894DEBF0FBECDBF5C018A
:105150007B018A0160EA74E0CA010E945AF3C25ED0
:10516000DE4F19821882CE51D14024E130E0AE01E9
:10517000425E5E4FCE0101966C01BC01C5010F94E9
:10518000DB14882309F48AC0C25EDE4F488159814E
:10519000CE51D1404630510508F09AC065EF76E017
:1051A0008CE69CE00E94F3FFB701CE0193950E942C
:1051B000256ABE0173958CE69CE00E9468F5CE01DD
:1051C00093950E947BF360EA74E0CE01845F9E4F6A
:1051D0000E94BFF386015801AC18BD08C25EDE4FC5
:1051E00088819981CE51D140A816B90690F5480121
:1051F000F8018081803138F467ED74E0CE01845F7E
:105200009E4F0E948FF20F5F1F4F40E1F4016081BB
:10521000CE0193950E9483F3BE017395CE01845F06
:105220009E4F0E9499F2CE0193950E947BF3C25E3D
:10523000DE4F88819981CE51D1400197A816B906D9
:1052400050F661EB74E0CE01845F9E4F0E948FF2B6
:10525000C2CF61EE76E0CE0193950E94ADF3BE0120
:105260007395CE018A5F9E4F0E94B6F3BE01645FC4
:105270007E4FCE018A5F9E4F0E9401F30F94F10290
:10528000CE018A5F9E4F0E947BF3CE0193950E94D0
:105290007BF3CE01845F9E4F0E947BF360E0C701E9
:1052A0000E94476210E0812FC15EDE4F0FB6F89476
:1052B000DEBF0FBECDBFDF91CF911F910F91FF9049
:1052C000EF90DF90CF90BF90AF909F908F90089518
:1052D0009701B601CE01885E9E4F0E94A06D6EEDD3
:1052E00076E0CE018E5E9E4F0E94ADF3B701CE01F7
:1052F000845F9E4F0E94256A65ED76E0CE0193950E
:105300000E94ADF3BE017395CE018A5F9E4F0E944D
:10531000B6F3BE01645F7E4FCE018A5F9E4F0E944E
:1053200001F3BE016E5E7E4F0E9401F3BE01685E16
:105330007E4F0E9401F3BC018CE69CE00E9468F560
:10534000CE018A5F9E4F0E947BF3CE0193950E940F
:105350007BF3CE01845F9E4F0E947BF3CE018E5E75
:105360009E4F0E947BF362EC76E0CE0193950E9403
:10537000ADF3BE017395CE01885E9E4F0E94D8F1B9
:105380006C01CE0193950E947BF3D7FC03C0C5014D
:105390000E94666C69EB76E0CE0193950E94ADF3B6
:1053A000BE017395CE01885E9E4F0E94D8F16C01BC
:1053B000CE0193950E947BF3D7FC46C060EB76E06C
:1053C000CE0193950E94ADF3BE017395CE01885E28
:1053D0009E4F0E94D8F17C01CE0193950E947BF3F1
:1053E000A701485F5F4FBE01685E7E4FCE01939577
:1053F0000E94E0DABE017395C8010E94A0F2CE01BE
:1054000093950E947BF3C8010E9435F0B80185E0B6
:1054100090E10E9464F36DEA76E0CE0193950E94DC
:10542000ADF3BE017395C8010E94D8F1192F111F69
:105430001127111FCE0193950E947BF3CE01885E48
:105440009E4F0E947BF32FCF60E0C7010E9447620E
:10545000B80185E090E10E9464F310E0EFCF4F9235
:105460005F926F927F928F929F92AF92BF92DF92E4
:10547000EF92FF920F931F93CF93DF93EC017B0189
:1054800029013A0160EA74E0C7010E945AF302EB75
:1054900019E0209759F0CE010E94626262E370E049
:1054A00080E090E00F94A51005E518E050E040E0A2
:1054B000BE01C8010E942DFC26E1D22E209761F08A
:1054C00097E1D92EC130D10539F038E2D32EC23060
:1054D000D10511F486E2D82E60E08D2D0F944F0A8D
:1054E00061E08D2D0F94260C0F9454134B015C0139
:1054F00062E370E080E090E00F94A5100F945413E5
:10550000681979098A099B09641575058605970547
:10551000B0F56AE070E080E090E00F94A510D8014B
:10552000ED91FC910084F185E02DC8011995892B3E
:1055300029F3BB24B39460E08D2D0F94260C62E315
:1055400070E080E090E0B11004C064E670E080E0BC
:1055500090E00F94A510A701BE01C801DF91CF9183
:105560001F910F91FF90EF90DF90BF90AF909F90B1
:105570008F907F906F905F904F900C9492A8B12C79
:10558000DACF109267076FED7AE38CE69CE00E9419
:1055900052F56CEC7AE38FE09BE00C9452F5CF93DC
:1055A000DF93EC0161E47BE38FE09BE00E94F3FF7B
:1055B000BE018FE09BE00F9450006EE37BE38FE031
:1055C0009BE00E94F3FF69E27BE38CE69CE00E9493
:1055D000F3FFBE018CE69CE00F94500066E27BE393
:1055E0008CE69CE0DF91CF910C9452F58DE00F9406
:1055F000260A21E0892B09F020E0822F08952091CE
:105600007F07211107C08DE00F94260A21E0892B26
:1056100009F020E0822F08958FE20F94260A21E0FE
:10562000892B09F020E0822F08956F927F928F924C
:105630009F92AF92BF92CF92DF92EF92FF920F9321
:105640001F93CF93DF9385E6682E82E0782ED0E01B
:10565000C0E0C12CD12C760130E020E0812C912CCF
:10566000540150E040E0F301819191913F01009796
:10567000B1F0092E000CAA0BBB0B880E991EAA1EB6
:10568000BB1E2F5F3F4F8A010D531C4FF8016081F5
:10569000662329F0C80ED91EEA1EFB1E21964F5F15
:1056A0005F4F42335105F9F68092EC059092ED057B
:1056B000A092EE05B092EF0530935C0720935B0754
:1056C000C0925D07D0925E07E0925F07F09260079C
:1056D000D0936207C09361072115310581F0032E35
:1056E000000C440B550BC501B4010F94F9AF209386
:1056F000EC053093ED054093EE055093EF052097B0
:1057000081F09E01DD0F440B550BC701B6010F94CC
:10571000F9AF20935D0730935E0740935F07509386
:105720006007DF91CF911F910F91FF90EF90DF9075
:10573000CF90BF90AF909F908F907F906F90089583
:105740006DEA7EE38FE09BE00E94F3FF6AE97EE36F
:105750008CE69CE00C9452F50F931F93CF93DF934C
:105760008C01EB016FE07BE38FE09BE00E94F3FF95
:10577000B8018FE09BE00F9450006BEA74E08FE07B
:105780009BE00E9466F5BE018FE09BE00E9468F5F9
:105790006CE07BE38FE09BE00E94F3FF65EF7AE330
:1057A0008CE69CE00E94F3FFB8018CE69CE00F942D
:1057B00050006BEA74E08CE69CE00E9466F5BE0146
:1057C0008CE69CE00E9468F562EF7AE38CE69CE050
:1057D000DF91CF911F910F910C9452F5CF92DF92F0
:1057E000EF92FF920F931F93CF93DF93CDB7DEB766
:1057F0006B017C0181E08093670780918C06882390
:1058000009F4B1C00E94CFC663E87AE38FE09BE061
:105810000E94F3FF22E030E0B701A6018FE09BE099
:105820000E9464F56BEA74E08FE09BE00E9466F5ED
:1058300063E77AE38CE69CE00E94F3FF22E030E02D
:10584000B701A6018CE69CE00E9464F56BEA74E067
:105850008CE69CE00E9466F58C859D85892B09F479
:1058600097C08E010F5E1F4F6E018BE1C80ED11CD9
:10587000F801F1908F01FF2051F06F2D8FE09BE038
:105880000E9408EA6F2D8CE69CE00E9408EA0C1545
:105890001D0571F76BEA74E08FE09BE00E9466F5EE
:1058A00060914E0670914F068FE09BE00F94500080
:1058B0006BEA74E08FE09BE00E9466F56091500611
:1058C000709151068FE09BE00F9450006BEA74E0FA
:1058D0008FE09BE00E9466F560915206709153063E
:1058E0008FE09BE00F9450006AE57AE38FE09BE045
:1058F0000E94F3FF6BEA74E08CE69CE00E9466F580
:1059000060914E0670914F068CE69CE00F9450001B
:105910006BEA74E08CE69CE00E9466F560915006AC
:10592000709151068CE69CE00F9450006BEA74E095
:105930008CE69CE00E9466F56091520670915306D9
:105940008CE69CE00F94500067E57AE38CE69CE0DF
:105950000E9452F5DF91CF911F910F91FF90EF9030
:10596000DF90CF90089563E97AE38CE69CE00E9493
:1059700052F58FEF9FEF90934F0680934E069093D2
:1059800051068093500690935306809352063CCF65
:1059900068E67AE38FE09BE00E94F3FF6DE57AE32F
:1059A0008CE69CE00E94F3FF75CF3F924F925F928E
:1059B0006F927F928F929F92AF92BF92CF92DF921F
:1059C000EF92FF920F931F93CF93DF93CDB7DEB784
:1059D000C455D1090FB6F894DEBF0FBECDBF182F46
:1059E0000F945413C090FC05D090FD05E090FE0587
:1059F000F090FF056C197D098E099F09683E734080
:105A00008105910518F4112309F44FC30F94541321
:105A10006093FC057093FD058093FE059093FF0550
:105A200080917F07882309F42EC20E94F6AA811173
:105A300028C284E680937E07312C60E08AE00E94D1
:105A400074C600915702109158022091590230916A
:105A50005A02601B710B820B930B0F9422AC2091A6
:105A600053023091540240915502509156020F94C6
:105A70000EAE6B017C013110AEC188E25E0199E28D
:105A8000A90EB11CF501282F11922A95E9F78E0174
:105A90000F5F1F4FF80111928A95E9F78091670710
:105AA000811158C120917E078091050490E00596F0
:105AB0002817190611F00CF04DC120E030E048E441
:105AC00052E4C701B6010F94B6AE18160CF042C1ED
:105AD00024E640E060E080E00E949BC60F945413EF
:105AE00095E0892E912C2501F8E24F0E511C3501CD
:105AF00060E088E00E9474C62091570230915802FD
:105B00004091590250915A02621B730B840B950B02
:105B10000F9422AC209153023091540240915502CF
:105B2000509156020F940EAEF301619371938193DD
:105B300091933F01E415F505D9F6C5010F949B0932
:105B4000811104C0F1E08F1A910889F661E97EE3C2
:105B50008CE69CE00E94F3FF80917E070F946A0020
:105B60006DE77EE38CE69CE00E94F3FF22E030E0EC
:105B7000B701A6018CE69CE00E9464F56CE57EE32B
:105B80008CE69CE00E94F3FF6AE070E0C5010E9491
:105B90006EC442E050E00F942E0326E940E060E03E
:105BA00080E00E949BC60E94266928EC40E060E0ED
:105BB00080E00E949BC685E0882E912C380160E031
:105BC00088E00E9474C6209157023091580240919B
:105BD000590250915A02621B730B840B950B0F9460
:105BE00022AC2091530230915402409155025091C1
:105BF00056020F940EAEF3016193719381939193CA
:105C00003F01AE16BF06D9F6C8010F949B0981115A
:105C100004C0F1E08F1A910889F663E57EE38CE613
:105C20009CE00E94F3FF80917E070F946A006FE36F
:105C30007EE38CE69CE00E94F3FF22E030E0B701B7
:105C4000A6018CE69CE00E9464F56FE17EE38CE6A1
:105C50009CE00E94F3FF6AE070E0C8010E946EC4FD
:105C600042E050E00F942E036AE070E0C5010E940C
:105C70006EC465966CAF7DAF8EAF9FAF65976AE0DF
:105C800070E0C8010E946EC42B013C01AC019B0175
:105C900065966CAD7DAD8EAD9FAD65970F94A1AD52
:105CA0004B015C0120E030E0A9010F94B6AE18165C
:105CB0000CF0F1C020E030E040E85FE3C501B40142
:105CC0000F941BAC87FFFCC0809168079091690717
:105CD000892B29F48091F803882309F4E7C020E098
:105CE00030E048E452E4C301B2010F94B6AE181696
:105CF0000CF0DCC0A301920165966CAD7DAD8EAD5C
:105D00009FAD65970F94A2AD20E030E040E05FE3E7
:105D10000F9481AC6B017C0181E0809367078DB7A4
:105D20009EB742970FB6F8949EBF0FBE8DBFADB71A
:105D3000BEB7119682E1E8E6F7E001900D928A95F0
:105D4000E1F7C701B6010E94EEAB0FB6F894DEBFD3
:105D50000FBECDBF809167078823E9F120917E07B0
:105D60008091050490E044962817190609F054F430
:105D700020E030E048E452E4C701B6010F941BACC8
:105D800087FF29C06BE07DE38CE69CE00E94F3FF77
:105D90006091050470E06C5E7F4F8CE69CE00F9490
:105DA000500069EC7CE38CE69CE00E94F3FF80915C
:105DB0007E070F946A0065EB7CE38CE69CE00E9412
:105DC000F3FF42E050E0C701B6010F942E0310929A
:105DD00067070E94C1AA80916707882309F452C10E
:105DE00020E030E048E452E4C701B6010F941BAC58
:105DF00087FF48C16AE27CE38CE69CE00E94F3FFE7
:105E000042E050E0C701B6010F942E0310926707DD
:105E10000E94C1AA8FEF830D6DE17CE3853040F1D4
:105E2000F6E061E17CE33F1619F127E062E07CE3F4
:105E30003216F1F088E063EF7BE33816C9F09BE09F
:105E400060EE7BE33916A1F0ECE06AEC7BE33E16F2
:105E500079F0FDE065EB7BE33F1651F02EE06DE954
:105E60007BE3321629F08FE0381206C066E87BE348
:105E70008CE69CE00E9452F51092FB051092FA0508
:105E800014C181E0D7CD0F94CF0F80937E070F947C
:105E9000C80F382ED2CD20E030E040E85FEBC501DE
:105EA000B4010F94B6AE18160CF40ECF20E030E01B
:105EB000A901C501B4010F94B6AE18160CF08DC03F
:105EC00020E030E040E85FE3C501B4010F941BAC73
:105ED00087FF40CF8091680790916907892B09F06F
:105EE00039CF8091F803811135CF20E030E048E4CC
:105EF00052E4C301B2010F94B6AE18160CF02ACFCB
:105F0000A301920165966CAD7DAD8EAD9FAD659799
:105F10000F94A2AD20E030E040E05FE30F9481AC4D
:105F20006B017C018091FA059091FB05009709F0C7
:105F300060C06AEA7DE38CE69CE00E94F3FF22E009
:105F400030E0B701A6018CE69CE00E9464F56BEAA4
:105F500074E08CE69CE00E9466F56FE97DE38CE6D8
:105F60009CE00E94F3FF6BEA74E08CE69CE00E94E8
:105F700066F560914E0670914F068CE69CE00F949A
:105F800050006BEA74E08CE69CE00E9466F560913C
:105F90005006709151068CE69CE00F9450006BEA1D
:105FA00074E08CE69CE00E9466F560915206709168
:105FB00053068CE69CE00F9450006CE97DE38CE680
:105FC0009CE00E9452F58091FA059091FB050196A4
:105FD0009093FB058093FA05BDCE20E030E040E8C9
:105FE0005FEBC501B4010F94B6AE18160CF472CF76
:105FF000B1CE0A9741F762E27DE38CE69CE00E9415
:10600000F3FF22E030E0B701A6018CE69CE00E949D
:1060100064F56BEA74E08CE69CE00E9466F567E14B
:106020007DE38CE69CE00E94F3FF6BEA74E08CE673
:106030009CE00E9466F560914E0670914F068CE6DA
:106040009CE00F9450006BEA74E08CE69CE00E94A8
:1060500066F560915006709151068CE69CE00F94B5
:1060600050006BEA74E08CE69CE00E9466F560915B
:106070005206709153068CE69CE00F94500064E148
:106080007DE39DCF20E030E048E452E4C701B60153
:106090000F941BAC87FDF0CE97E0391609F4ECCED7
:1060A00080917E078D3308F0E7CECC5ADF4F0FB6D4
:1060B000F894DEBF0FBECDBFDF91CF911F910F913E
:1060C000FF90EF90DF90CF90BF90AF909F908F9018
:1060D0007F906F905F904F903F90089560917A0706
:1060E00070917B0780917C0790917D070E94E5C1AC
:1060F0000F9480AECB01089560917A0770917B0771
:1061000080917C0790917D070E94D5C20F9480AE4C
:10611000CB0108957F928F929F92AF92BF92CF92C0
:10612000DF92EF92FF920F931F93CF93DF9300D0F4
:1061300000D0CDB7DEB78C01FC01848195818297B8
:1061400041F067E77FE58CE69CE00E9452F580E035
:10615000BFC024E130E042E150E0B801CE01019639
:106160000E94D4F3CE0101960E942AF0762ECE0131
:1061700001960E947BF326E130E044E150E0B80153
:10618000CE0101960E94D4F3CE0101960E942AF01E
:10619000862ECE0101960E947BF328E130E046E195
:1061A00050E0B801CE0101960E94D4F3CE010196D1
:1061B0000E942AF0962ECE0101960E947BF32AE1DE
:1061C00030E048E150E0B801CE0101960E94D4F3DE
:1061D000CE0101960E942AF0E62ECE0101960E9481
:1061E0007BF32CE130E04AE150E0B801CE010196AA
:1061F0000E94D4F3CE0101960E942AF0F62ECE0121
:1062000001960E947BF36EE47FE58CE69CE00E94A1
:10621000F3FF8091040490E00F94560080912504D0
:10622000781210C08091260488120CC08091270437
:10623000981208C080912804E81204C080912904B3
:10624000F81659F164E07FE58CE69CE00E9452F577
:106250008CE1A82E84E0B82E50E040E06A01F2E024
:10626000CF0ED11C9601B801CE0101960E94D4F345
:1062700040E150E070E060E089819A810F9484A64B
:10628000F50161935F01CE0101960E947BF3A601A7
:106290004232510519F70E9483D88091FF0378128A
:1062A0002BC080910004881227C0809101049812AD
:1062B00023C080910204E8121FC080910304F812E9
:1062C0001BC06FEC7EE58CE69CE00E9452F581E0FD
:1062D00026960FB6F894DEBF0FBECDBFDF91CF91EB
:1062E0001F910F91FF90EF90DF90CF90BF90AF90F4
:1062F0009F908F907F90089569E17EE58CE69CE009
:106300000E9452F57092FF03809200049092010463
:10631000E0920204F0920304109204040E9483D8D5
:1063200016CF7F928F929F92AF92BF92CF92DF92C1
:10633000EF92FF920F931F93CF93DF9300D000D083
:10634000CDB7DEB78C01FC0184819581829741F045
:1063500060EF7DE58CE69CE00E9452F580E0BFC0D6
:1063600024E130E042E150E0B801CE0101960E9404
:10637000D4F3CE0101960E942AF0762ECE0101962A
:106380000E947BF326E130E044E150E0B801CE0109
:1063900001960E94D4F3CE0101960E942AF0862E27
:1063A000CE0101960E947BF328E130E046E150E007
:1063B000B801CE0101960E94D4F3CE0101960E944D
:1063C0002AF0962ECE0101960E947BF32AE130E05E
:1063D00048E150E0B801CE0101960E94D4F3CE010D
:1063E00001960E942AF0E62ECE0101960E947BF3D0
:1063F0002CE130E04AE150E0B801CE0101960E9464
:10640000D4F3CE0101960E942AF0F62ECE01019619
:106410000E947BF368EC7DE58CE69CE00E94F3FF34
:106420008091FE0390E00F9456008091130478123F
:1064300010C08091140488120CC080911504981229
:1064400008C080911604E81204C080911704F81661
:1064500059F16FE77DE58CE69CE00E9452F58AE0F9
:10646000A82E84E0B82E50E040E06A01F2E0CF0EA2
:10647000D11C9601B801CE0101960E94D4F340E1EF
:1064800050E070E060E089819A810F9484A6F50164
:1064900061935F01CE0101960E947BF3A601423217
:1064A000510519F70E9483D88091F90378122BC007
:1064B0008091FA03881227C08091FB03981223C0B1
:1064C0008091FC03E8121FC08091FD03F8121BC0ED
:1064D0006AE47DE58CE69CE00E9452F581E0269618
:1064E0000FB6F894DEBF0FBECDBFDF91CF911F91E5
:1064F0000F91FF90EF90DF90CF90BF90AF909F9063
:106500008F907F90089566E97CE58CE69CE00E9480
:1065100052F57092F9038092FA039092FB03E09295
:10652000FC03F092FD031092FE030E9483D816CF65
:106530007F928F929F92AF92BF92CF92DF92EF9213
:10654000FF920F931F93CF93DF9300D000D0CDB76E
:10655000DEB76C017B018C010150110969E67CE515
:106560000233110538F4F70184819581829741F057
:1065700060E47CE58CE69CE00E9452F580E0C3C0BC
:1065800024E130E042E150E0B701CE0101960E94E3
:10659000D4F3CE0101960E942AF0762ECE01019608
:1065A0000E947BF326E130E044E150E0B701CE01E8
:1065B00001960E94D4F3CE0101960E942AF0862E05
:1065C000CE0101960E947BF328E130E046E150E0E5
:1065D000B701CE0101960E94D4F3CE0101960E942C
:1065E0002AF0962ECE0101960E947BF32AE130E03C
:1065F00048E150E0B701CE0101960E94D4F3CE01EC
:1066000001960E942AF0A62ECE0101960E947BF3ED
:106610002CE130E04AE150E0B701CE0101960E9442
:10662000D4F3CE0101960E942AF0B62ECE01019637
:106630000E947BF362E27CE58CE69CE00E94F3FF23
:10664000B8018CE69CE00F9450006DE17CE58CE68F
:106650009CE00E94F3FFC801875B9D4F7C01FC0119
:10666000E658FE4F808190E00F94560063E07CE591
:106670008CE69CE00E94F3FFB8018CE69CE00F944E
:1066800050006EEF7BE58CE69CE00E94F3FFF60184
:10669000EE0FFF1FED59FD4F808191810F94560041
:1066A0006CED7BE58CE69CE00E94F3FF8091630239
:1066B000909164020F94560025E0209FC001219F15
:1066C000900D1124875B9D4FFC01E058FF4F208106
:1066D00072122DC031962081821229C031962081FC
:1066E000921225C031962081A21221C08C579F4F53
:1066F000FC018081B8121BC065EA7BE58CE69CE05A
:106700000E9452F581E026960FB6F894DEBF0FBEC8
:10671000CDBFDF91CF911F910F91FF90EF90DF9050
:10672000CF90BF90AF909F908F907F9008956AEF29
:106730007AE58CE69CE00E9452F525E0209FC0019E
:10674000219F900D1124875B9D4FFC01E058FF4F66
:10675000708231968082319690823196A0828C57D9
:106760009F4FFC01B082F701E658FE4F10820E9455
:1067700083D804CF1F93CF93DF9300D000D0CDB741
:10678000DEB76CED79E68CE69CE00E9452F59091C4
:10679000470280914602992321F067EB79E688232E
:1067A00031F06EE879E6811102C06DE579E68CE69C
:1067B0009CE00E9452F565E579E6CE0101960E94C3
:1067C000ADF3BE016F5F7F4F85E19EE00E9421F235
:1067D000182FCE0101960E947BF3112399F080912E
:1067E000460290914702992359F060E379E68823A5
:1067F00011F067E079E68FE09BE00E94F3FF02C0B2
:106800008111F7CF26960FB6F894DEBF0FBECDBF2D
:10681000DF91CF911F9108951F93CF93DF9300D005
:1068200000D0CDB7DEB76CEE70E48CE69CE00E9441
:1068300052F56FEB70E48CE69CE00E94F3FF87E07A
:106840000F94260A0F94560060E085E00F944F0ADB
:1068500068EE73E080E090E00F94A51063E970E4C7
:106860008CE69CE00E94F3FF87E00F94260A0F94C9
:10687000560065E870E4CE0101960E94ADF3BE01BA
:106880006F5F7F4F85E19EE00E9421F2182FCE01BD
:1068900001960E947BF3112361F065E670E48FE0BE
:1068A0009BE00E94F3FF65E470E48CE69CE00E94AC
:1068B000F3FF26960FB6F894DEBF0FBECDBFDF9173
:1068C000CF911F9108951F93CF93DF9300D000D0F5
:1068D000CDB7DEB76EE270E48CE69CE00E9452F524
:1068E00063E070E48CE69CE00E94F3FF89E20F9481
:1068F000260A0F94560060E086E00F944F0A68EE77
:1069000073E080E090E00F94A51069ED7FE38CE6E2
:106910009CE00E94F3FF89E20F94260A0F94560030
:106920006FEC7FE3CE0101960E94ADF3BE016F5F75
:106930007F4F85E19EE00E9421F2182FCE01019643
:106940000E947BF3112361F063EB7FE38FE09BE018
:106950000E94F3FF67E97FE38CE69CE00E94F3FF6F
:1069600026960FB6F894DEBF0FBECDBFDF91CF9154
:106970001F910895EF92FF920F931F93CF93DF9390
:1069800000D000D0CDB7DEB78C011092F205109286
:10699000F10568E77FE38CE69CE00E9452F56AE629
:1069A0007FE38CE69CE00E94F3FFC8010F94560041
:1069B0000115110509F04BC00E94DECAF82E0E9495
:1069C000C1D568E57FE3CE0101960E94ADF3BE011B
:1069D0006F5F7F4F85E19EE00E9421F2E82ECE019D
:1069E00001960E947BF3EE2021F1FF20A9F165E3DF
:1069F0007FE38FE09BE00E94F3FFB8018FE09BE014
:106A00000F94500062E37FE38FE09BE00E94F3FF6E
:106A10006FE07FE38CE69CE00E94F3FFB8018CE618
:106A20009CE00F9450006CE07FE38CE69CE00E94B9
:106A300052F58F2D26960FB6F894DEBF0FBECDBF50
:106A4000DF91CF911F910F91FF90EF900895C801B2
:106A50000E948CD5F82EB5CF69EE7EE38FE09BE0E7
:106A60000E94F3FFB8018FE09BE00F94500066EEA8
:106A70007EE38FE09BE00E94F3FF63EC7EE38CE615
:106A80009CE00E94F3FFB8018CE69CE00F9450005C
:106A900060EC7EE3CACFCF92DF92EF92FF920F932A
:106AA0001F93CF93DF93CDB7DEB768970FB6F894F7
:106AB000DEBF0FBECDBF8C01F62EE42ED22E69E1D3
:106AC00078E68CE69CE00E94F3FFB8018CE69CE03F
:106AD0000F94500065E078E68CE69CE00E94F3FF9E
:106AE0006091810770E08CE69CE00F94500062EFAB
:106AF00077E68CE69CE00E94F3FF8091810790E0AE
:106B00000F94560060EA74E0CE0143960E94BFF3F2
:106B1000F1104FC060EA74E0CE010D960E94BFF301
:106B2000101611060CF46AC06EEA72E6CE010796E2
:106B30000E94ADF3BE01695F7F4FCE0101960E94B6
:106B4000B6F3BE01635F7F4FCE0101960E9401F351
:106B50000F94F102CE0101960E947BF3CE010796BD
:106B60000E947BF3BE01635F7F4FCE0143960E947C
:106B7000A0F2CE010D960E947BF3E110CEC10E94DF
:106B800006C38111C4C10E941CC281119CC260EA6B
:106B900074E0CE0143960E945AF36EEB77E68CE6E2
:106BA0009CE00E94F3FFC8010F945600FF24F39469
:106BB0009BC2C8010E9457D5F82E8111ABCF69E85E
:106BC00076E68FE09BE00E94F3FFB8018FE09BE048
:106BD0000F94500066E876E68FE09BE00E94F3FF9A
:106BE00060E676E68CE69CE00E94F3FFB8018CE656
:106BF0009CE00F9450006DE576E660C20F31110500
:106C00000CF0D3C0E11022C30E9406C381110BC057
:106C10000E941CC2811127C060E076E68CE69CE0F1
:106C20000E9452F505C00E947CB00817190781F731
:106C300024EF31E040E050E0BE01635F7F4F81E030
:106C400090E00E942FAAF82E0E9406C3811111C065
:106C50000E941CC2811142C064EA75E68CE69CE089
:106C60000E9452F50BC00E946EB008171907A1F6DA
:106C7000DFCF0E947CB00817190751F7F11054CFED
:106C800069E875E68CE69CE00E9452F580918107E8
:106C900081114ACFE110B0C2DD2009F455C06091E6
:106CA0003E0F70913F0F8091400F9091410F6E5CAD
:106CB0007F4F8F4F9F4F20E040E00E944BD00E94BB
:106CC00006C3811112C00E941CC281112EC066E24F
:106CD00075E68CE69CE00E9452F50CC00E946EB0F6
:106CE0000817190709F0B8CFC9CF0E947CB0081760
:106CF000190749F724EF31E040E050E0BE01635F3F
:106D00007F4F81E090E00E942FAAF82E0E9406C3D8
:106D1000811111C00E941CC2811140C064EC74E654
:106D20008CE69CE00E9452F50BC00E946EB00817E2
:106D3000190769F6DFCF0E947CB00817190751F7D1
:106D40006EE974E6F110D5C06EEA72E6CE010796E0
:106D50000E94ADF3BE01695F7F4FCE0101960E9494
:106D6000B6F3BE01635F7F4FCE0101960E9401F32F
:106D70000F94F102CE0101960E947BF3CE0107969B
:106D80000E947BF3BE01635F7F4FCE0143960E945A
:106D9000A0F2CE010D960E947BF3F1CE0E946EB060
:106DA0000817190709F0BACFCBCF033311050CF040
:106DB000BBCEE11058C20E9406C381110BC00E94D5
:106DC0001CC2811127C061E474E68CE69CE00E943D
:106DD00052F505C00E947CB00817190781F724EF0F
:106DE00031E040E050E0BE01635F7F4F90E080E023
:106DF0000E942FAAF82E0E9406C3811111C00E9482
:106E00001CC281113FC065EE73E68CE69CE00E94D7
:106E100052F50BC00E946EB008171907A1F6DFCF1C
:106E20000E947CB00817190751F7F1107DCE6AEC6B
:106E300073E68CE69CE00E9452F5809181078111F7
:106E400073CEE110D9C160913E0F70913F0F8091D8
:106E5000400F9091410F625371098109910920E01F
:106E600040E00E944BD00E9406C3811112C00E94D4
:106E70001CC281112EC067E673E68CE69CE00E947E
:106E800052F50CC00E946EB00817190709F0BBCF6D
:106E9000CCCF0E947CB00817190749F724EF31E0E6
:106EA00040E050E0BE01635F7F4F90E080E00E94D1
:106EB0002FAAF82E0E9406C3811111C00E941CC285
:106EC00081111FC065E073E68CE69CE00E9452F5DC
:106ED0000BC00E946EB00817190769F6DFCF0E9439
:106EE0007CB00817190751F7FF2009F42DCF6FED7B
:106EF00072E68CE69CE00E94F3FFC8010F945600F6
:106F000013CE0E946EB008171907E1F6EDCF0E946C
:106F10007CB08017910709F036CE60EA74E0CE01AC
:106F200043960E94ECDA882309F4F2C06BEB77E613
:106F3000CE0101960E94ADF3BE016F5F7F4FCE017F
:106F400043960E94F3DAF12C882319F081E0FE2C9D
:106F5000F826CE0101960E947BF3FF2009F4D8C0E9
:106F6000CE0143960E9435F08F89988D829709F063
:106F7000B1C0BE016D5E7F4FC8010E9498B29801FA
:106F80002150310946E0429FC001439F900D1124DA
:106F90009C01295E3F4E6901B901CE0143960E94D2
:106FA000F3DA8823F1F162EB77E6CE0101960E94D5
:106FB000ADF3BE016F5F7F4F85E19EE00E94F3DA83
:106FC000E82ECE0101960E947BF3EE2031F0BE0147
:106FD0006D5E7F4FC8010E94ACAB68E977E68CE636
:106FE0009CE00E94F3FFBE016D5E7F4F8CE69CE04B
:106FF0000E9468F561E977E68CE69CE00E94F3FF69
:10700000B6018CE69CE00E9468F56FE877E68CE6B6
:107010009CE00E9452F5BE016D5E7F4FC6010E944A
:1070200064F362E877E6CE0101960E94ADF3BE01FB
:107030006F5F7F4F85E19EE00E9421F2E82ECE0136
:1070400001960E947BF3EE2009F4B0CD64E677E66A
:107050008FE09BE00E94F3FFBE016D5E7F4F8FE0EB
:107060009BE00E9468F562E677E68FE09BE00E9475
:10707000F3FFB8018FE09BE00F9450006FE577E6D7
:107080008FE09BE00E94F3FF61E477E68CE69CE0F2
:107090000E94F3FFBE016D5E7F4F8CE69CE00E9474
:1070A00068F56FE377E68CE69CE00E94F3FFB80199
:1070B0008CE69CE00F9450006CE377E68CE69CE055
:1070C0000E9452F511C00E946EB08017910709F01E
:1070D0005ECD23CF6FE177E68CE69CE00E94F3FF64
:1070E000CE0143960F94F102CE0143960E947BF3AA
:1070F0008F2D68960FB6F894DEBF0FBECDBFDF911F
:10710000CF911F910F91FF90EF90DF90CF90089556
:1071100069E177E6CE0101960E94ADF39801215016
:10712000310946E0429FC001439F900D11249C010C
:10713000295E3F4E7901BE016F5F7F4FC9010E94FA
:10714000F3DAD82ECE0101960E947BF3DD20E1F028
:1071500060E177E6CE0101960E94ADF3BE016F5F5C
:107160007F4F85E19EE00E94F3DAD82ECE01019692
:107170000E947BF3DD2019F0C8010E94CFAA6AE0CB
:1071800077E6C7010E9414F36DEF76E6CE01019613
:107190000E94ADF3BE016F5F7F4F85E19EE00E94CC
:1071A00021F2F82ECE0101960E947BF3FF2009F414
:1071B000FDCC69ED76E68FE09BE00E94F3FFB8011D
:1071C0008FE09BE00F94500066ED76E68FE09BE049
:1071D0000E94F3FF62EB76E68CE69CE00E94F3FFF0
:1071E000B8018CE69CE00F9450006FEA76E68CE6DE
:1071F0009CE00E9452F5DACC6EEA72E6CE01079668
:107200000E94ADF3BE01695F7F4FCE0101960E94DF
:10721000B6F3BE01635F7F4FCE0101960E9401F37A
:107220000F94F102CE0101960E947BF3CE010796E6
:107230000E947BF3BE01635F7F4FCE0143960E94A5
:10724000A0F2CE010D960E947BF367CE24EF31E0D1
:1072500040E050E0BE01635F7F4F81E090E00E941C
:107260002FAAF82E0BCD24EF31E040E050E0BE0114
:10727000635F7F4F90E080E00E942FAAF82ED5CD6B
:107280001F93CF93DF93CDB7DEB72C970FB6F8944B
:10729000DEBF0FBECDBF60EA74E0CE0107960E944C
:1072A000BFF388E00F94260A28EE33E040E050E078
:1072B000BE01695F7F4F83E090E00E942FAA882380
:1072C00009F4DAC06BEA72E6CE0101960E94ADF3D2
:1072D000BE016F5F7F4FCE0107960E94F3DA182F31
:1072E000CE0101960E947BF3112309F4C5C0CE01A3
:1072F00007960E9435F08B859C85829709F0A2C085
:10730000CE0107960E948AB06BE070E1CE0107962D
:107310000E94F3DA882309F488C062EA72E6CE019B
:1073200001960E94ADF3BE016F5F7F4F85E19EE045
:107330000E94F3DA182FCE0101960E947BF31123ED
:1073400039F0BE01695F7F4F86E690E00E94ACABEA
:1073500068E872E68CE69CE00E94F3FFBE01695F7C
:107360007F4F8CE69CE00E9468F561E872E68CE64F
:107370009CE00E94F3FF6BE070E18CE69CE00E94D1
:1073800068F56FE772E68CE69CE00E9452F5BE015C
:10739000695F7F4F8BE090E10E9464F36FE671E6D6
:1073A000CE0101960E94ADF3BE016F5F7F4F85E174
:1073B0009EE00E9421F2182FCE0101960E947BF3DD
:1073C000112321F161E571E68FE09BE00E94F3FF5C
:1073D0006BE070E18FE09BE00E9468F56AE471E683
:1073E0008FE09BE00E94F3FF6CE271E68CE69CE08C
:1073F0000E94F3FF6BE070E18CE69CE00E9468F570
:1074000065E271E68CE69CE00E9452F5CE0107969B
:107410000E947BF381E02C960FB6F894DEBF0FBE7E
:10742000CDBFDF91CF911F9108958091F5058823FD
:1074300009F4B4CFBE01695F7F4F86E690E00E94F9
:10744000ACABACCF62E672E68CE69CE00E94F3FF48
:10745000CE0107960F94F10280911B046AEF71E64A
:10746000882309F49BCF8CE69CE00E94F3FF8BE01D
:1074700090E10F94F10292CF80911B04811134C0EE
:1074800064EF71E6CE0101960E94ADF3BE016F5F1D
:107490007F4F8BE090E10E94F3DA182FCE01019626
:1074A0000E947BF3112309F479CF6BEE71E6CE01D4
:1074B00001960E94ADF3BE016F5F7F4F85E19EE0B4
:1074C0000E94F3DA182FCE0101960E947BF311235C
:1074D00021F086E690E00E94CFAA65EE71E68BE08F
:1074E00090E10E9414F35ACF6CE771E6BCCF1F9372
:1074F000CF93DF93CDB7DEB72C970FB6F894DEBFEE
:107500000FBECDBF60EA74E0CE0107960E94BFF3C4
:107510008EE10F94260A28EE33E040E050E0BE01F1
:10752000695F7F4F82E090E00E942FAA882309F4D0
:10753000DAC062E271E6CE0101960E94ADF3BE01AF
:107540006F5F7F4FCE0107960E94F3DA182FCE01AE
:1075500001960E947BF3112309F4C5C0CE01079662
:107560000E9435F08B859C85829709F0A2C0CE01E0
:1075700007960E9491B161E170E1CE0107960E94E9
:10758000F3DA882309F488C069E171E6CE01019637
:107590000E94ADF3BE016F5F7F4F85E19EE00E94C8
:1075A000F3DA182FCE0101960E947BF3112339F0F4
:1075B000BE01695F7F4F85E690E00E94ACAB6FEF44
:1075C00070E68CE69CE00E94F3FFBE01695F7F4F8E
:1075D0008CE69CE00E9468F568EF70E68CE69CE023
:1075E0000E94F3FF61E170E18CE69CE00E9468F587
:1075F00066EF70E68CE69CE00E9452F5BE01695F82
:107600007F4F81E190E10E9464F36AEE7FE5CE0155
:1076100001960E94ADF3BE016F5F7F4F85E19EE052
:107620000E9421F2182FCE0101960E947BF31123B4
:1076300021F16CEC7FE58FE09BE00E94F3FF61E1BC
:1076400070E18FE09BE00E9468F565EC7FE58FE0DC
:107650009BE00E94F3FF67EA7FE58CE69CE00E94D6
:10766000F3FF61E170E18CE69CE00E9468F560EA5E
:107670007FE58CE69CE00E9452F5CE0107960E94C1
:107680007BF381E02C960FB6F894DEBF0FBECDBF22
:10769000DF91CF911F9108958091F405882309F41B
:1076A000B4CFBE01695F7F4F85E690E00E94ACAB2E
:1076B000ACCF69ED70E68CE69CE00E94F3FFCE0152
:1076C00007960F94F1028091090463E770E688231E
:1076D00009F49BCF8CE69CE00E94F3FF81E190E1EE
:1076E0000F94F10292CF80910904811134C06DE6AC
:1076F00070E6CE0101960E94ADF3BE016F5F7F4F31
:1077000081E190E10E94F3DA182FCE0101960E94E8
:107710007BF3112309F479CF64E670E6CE0101967C
:107720000E94ADF3BE016F5F7F4F85E19EE00E9436
:10773000F3DA182FCE0101960E947BF3112321F07A
:1077400085E690E00E94CFAA6EE570E681E190E1C7
:107750000E9414F35ACF67EF7FE5BCCFCF92DF9240
:10776000EF92FF92CF93DF930F9422AC20E030E0B2
:1077700040E850E40F9481AC20E038E247E056E462
:107780000F94A1AD20E030E844E554E40F94A1AD9E
:1077900020E030E841E954E40F940EAE20E030E000
:1077A00048EF51E40F94A2AD6B017C010F940BAF35
:1077B0000F9480AEEB01CF31D10564F4649620E0E4
:1077C00030E040EA51E4C701B6010F94A2AD6B016D
:1077D0007C01F1CFC333D10564F0649720E030E041
:1077E00040EA51E4C701B6010F94A1AD6B017C01E1
:1077F000F1CFC701B601DF91CF91FF90EF90DF90FD
:10780000CF900895CF92DF92EF92FF92CF93DF93C4
:107810000F9422AC20E030E040E850E40F9481ACBB
:1078200020E038E247E056E40F94A1AD20E030E0DC
:1078300042E454E40F940EAE20E030E040E85FE311
:107840000F94A2AD6B017C010F940BAF0F9480AE2F
:10785000EB011C161D0664F06E9620E030E040EF50
:1078600051E4C701B6010F94A2AD6B017C01F1CFC9
:10787000CF31D10564F06E9720E030E040EF51E465
:10788000C701B6010F94A1AD6B017C01F1CFC70117
:10789000B601DF91CF91FF90EF90DF90CF900895E8
:1078A0008F929F92AF92BF92CF92DF92EF92FF9210
:1078B00040E45DE063E070E083E20F9477096B01E0
:1078C0007C01C114D104E104F10491F188EAC816E5
:1078D00081E6D806E104F10400F540E452E46FE0EB
:1078E00070E083E20F9477094B015C0140E452E4BD
:1078F0006FE070E083E20F947709680D791D8A1DAF
:107900009B1D6C0D7D1D8E1D9F1D23E030E040E012
:1079100050E00F9465AD69017A01C701B601FF908F
:10792000EF90DF90CF90BF90AF909F908F90089591
:1079300080EAC82E86E8D82EEE24E394F12CEDCF11
:107940008F929F92AF92BF92CF92DF92EF92FF926F
:1079500040E45DE063E070E082E20F9477096B0140
:107960007C01C114D104E104F10491F188EAC81644
:1079700081E6D806E104F10400F540E452E46FE04A
:1079800070E082E20F9477094B015C0140E452E41D
:107990006FE070E082E20F947709680D791D8A1D0F
:1079A0009B1D6C0D7D1D8E1D9F1D23E030E040E072
:1079B00050E00F9465AD69017A01C701B601FF90EF
:1079C000EF90DF90CF90BF90AF909F908F900895F1
:1079D00080EAC82E86E8D82EEE24E394F12CEDCF71
:1079E0002F923F924F925F926F927F928F929F92CF
:1079F000AF92BF92CF92DF92EF92FF920F931F93BD
:107A0000CF93DF9300D01F921F92CDB7DEB78C8348
:107A100081113AC30F94CF0F082F0F94C80FE82E8F
:107A20000F94CF0F182F0F94C80FF82E0F94CF0F6D
:107A300089830F94C80FE11021C3F1101FC3811176
:107A40001DC3602F70E090E080E00F9420AC2B010C
:107A50003C01612F70E090E080E00F9420AC4B017E
:107A60005C012981622F70E090E080E00F9420ACEF
:107A70006B017C01A5019401C301B2010F94A2AD79
:107A8000A70196010F94A2AD20E030E040E450E45D
:107A90000F940EAE6A837B838C01362E272E89834A
:107AA0001D8368E079E78CE69CE00E94F3FF22E00A
:107AB00030E0B301A2018CE69CE00E9464F56EEF19
:107AC00078E78CE69CE00E94F3FF22E030E0B5010D
:107AD000A4018CE69CE00E9464F564EF78E78CE6F4
:107AE0009CE00E94F3FF22E030E0B701A6018CE6A3
:107AF0009CE00E9464F568EE78E78CE69CE00E94CA
:107B0000F3FF42E050E0FA81EB816F2F7E2F802F50
:107B1000912F0F942E036AE878E78CE69CE00E9490
:107B2000F3FF60E080E20F944F0A60E081E20F947F
:107B30004F0A65E070E080E090E00F94A5108C8122
:107B40008111A7C20E94A0BCAB01BC0140930206F8
:107B50005093030660930406709305068CE69CE040
:107B60000F9467006FE974E08CE69CE00E9466F574
:107B700061E080E20F944F0A61E081E20F944F0AC6
:107B800065E070E080E090E00F94A5109C81911179
:107B90008DC20E94A0BCAB01BC014093060650936D
:107BA000070660930806709309068CE69CE00F9424
:107BB00067006FE974E08CE69CE00E9466F560E087
:107BC00080E20F944F0A61E081E20F944F0A65E072
:107BD00070E080E090E00F94A510EC81E11173C299
:107BE0000E94A0BCAB01BC0140930A0650930B0657
:107BF00060930C0670930D068CE69CE00F94670072
:107C00006FE974E08CE69CE00E9466F561E080E23A
:107C10000F944F0A60E081E20F944F0A65E070E034
:107C200080E090E00F94A5102C81211159C20E9490
:107C3000A0BCAB01BC0140930E0650930F066093AD
:107C40001006709311068CE69CE00F9467006FE9B4
:107C500074E08CE69CE00E9466F54090220650900D
:107C6000230660902406709025068C81882309F4F1
:107C700044C2E0902A06F0902B0600912C06109149
:107C80002D06209126063091270640912806509116
:107C9000290686E496E09F938F9384E496E09F9371
:107CA0008F9382E496E09F938F931F921F921F926F
:107CB0001F921F921F921F921F921F921F921F923C
:107CC0001F92A12CB12C6501C301B2010F9469036D
:107CD0000FB6F894DEBF0FBECDBF60914206709123
:107CE00043068CE69CE00F9450006FE974E08CE64C
:107CF0009CE00E9466F560914406709145068CE612
:107D00009CE00F9450006FE974E08CE69CE00E94C8
:107D100066F560914606709147068CE69CE00F94EC
:107D200050008FE994E00F94540366E778E78CE6FF
:107D30009CE00E94F3FF60E080E20F944F0A60E055
:107D400081E20F944F0A65E070E080E090E00F94CC
:107D5000A5109C81911116C20E9450BCAB01BC01C0
:107D60004093120650931306609314067093150601
:107D70008CE69CE00F9467006FE974E08CE69CE071
:107D80000E9466F561E080E20F944F0A61E081E2B3
:107D90000F944F0A65E070E080E090E00F94A5102A
:107DA000EC81E111FCC10E9450BCAB01BC014093CD
:107DB00016065093170660931806709319068CE602
:107DC0009CE00F9467006FE974E08CE69CE00E94F1
:107DD00066F560E080E20F944F0A61E081E20F9463
:107DE0004F0A65E070E080E090E00F94A5102C81D0
:107DF0002111E2C10E9450BCAB01BC0140931A06A4
:107E000050931B0660931C0670931D068CE69CE045
:107E10000F9467006FE974E08CE69CE00E9466F5C1
:107E200061E080E20F944F0A60E081E20F944F0A14
:107E300065E070E080E090E00F94A5108C818111E6
:107E4000C8C10E9450BCAB01BC0140931E065093B8
:107E50001F0660932006709321068CE69CE00F9429
:107E600067006FE974E08CE69CE00E9466F5409044
:107E700032065090330660903406709035069C812F
:107E8000992309F4B3C1E0903A06F0903B060091C3
:107E90003C0610913D062091360630913706409100
:107EA0003806509139068CE496E09F938F938AE4CC
:107EB00096E09F938F9388E496E09F938F931F9211
:107EC0001F921F921F921F921F921F921F921F922A
:107ED0001F921F921F92A12CB12C6501C301B20108
:107EE0000F9469030FB6F894DEBF0FBECDBF60914B
:107EF0004806709149068CE69CE00F9450006FE9AB
:107F000074E08CE69CE00E9466F560914A067091F0
:107F10004B068CE69CE00F9450006FE974E08CE611
:107F20009CE00E9466F560914C0670914D068CE6CF
:107F30009CE00F9450006FE974E08CE69CE00E9496
:107F400066F580EA94E00F94540380914206909184
:107F500043062091480630914906820F931F8F3FB8
:107F6000EFEF9E070CF487C1811522E092070CF019
:107F700085C197FD01969595879590934F068093BF
:107F80004E06809144069091450620914A06309114
:107F90004B06820F931F8F3FEFEF9E070CF471C1CA
:107FA000811522E092070CF06FC197FD019695951F
:107FB0008795909351068093500680914606909144
:107FC000470620914C0630914D06820F931F8F3F3C
:107FD000EFEF9E070CF45BC1811522E092070CF0D5
:107FE00059C197FD01969595879590935306809377
:107FF000520666E678E78CE69CE00E94F3FF60910B
:108000004E0670914F068CE69CE00F9450006FE98D
:1080100074E08CE69CE00E9466F5609150067091D9
:1080200051068CE69CE00F9450006FE974E08CE6FA
:108030009CE00E9466F560915206709153068CE6B2
:108040009CE00F9450008FE994E00F900F900F90F8
:108050000F900F90DF91CF911F910F91FF90EF90B4
:10806000DF90CF90BF90AF909F908F907F906F9058
:108070005F904F903F902F900D9454036DE978E7F7
:108080008CE69CE00E9452F5312C212C19821D8235
:1080900042CD0E94A0BCAB01BC014093220650938C
:1080A0002306609324067093250658CD0E94A0BC39
:1080B000AB01BC0140932606509327066093280627
:1080C0007093290672CD0E94A0BCAB01BC01409305
:1080D0002A0650932B0660932C0670932D068CCDA8
:1080E0000E94A0BCAB01BC0140932E0650932F060A
:1080F0006093300670933106A6CDE0900A06F090AA
:108100000B0600910C0610910D0620910606309189
:108110000706409108065091090660910206709189
:1081200003068091040690910506E6E4F6E0FF93CD
:10813000EF93E4E4F6E0FF93EF93E2E4F6E0FF93DD
:10814000EF93ED81EF93E981EF932F923F92E091CE
:108150002D06EF93E0912C06EF93E0912B06EF9321
:10816000E0912A06EF93E0912906EF93E09128062B
:10817000EF93E0912706EF93E0912606EF936301DA
:108180005201A4CD0E9450BCAB01BC014093320609
:10819000509333066093340670933506E9CD0E9400
:1081A00050BCAB01BC014093360650933706609338
:1081B00038067093390603CE0E9450BCAB01BC0157
:1081C00040933A0650933B0660933C0670933D06FD
:1081D0001DCE0E9450BCAB01BC0140933E065093A3
:1081E0003F06609340067093410637CEE0901A0632
:1081F000F0901B0600911C0610911D06209116069A
:108200003091170640911806509119066091120698
:10821000709113068091140690911506ECE4F6E037
:10822000FF93EF93EAE4F6E0FF93EF93E8E4F6E0E0
:10823000FF93EF93ED81EF93E981EF932F923F92BC
:10824000E0913D06EF93E0913C06EF93E0913B0611
:10825000EF93E0913A06EF93E0913906EF93E091C6
:108260003806EF93E0913706EF93E0913606EF93EF
:108270006301520135CE90E080E07FCE8FEF90E039
:108280007CCE90E080E095CE8FEF90E092CE90E0B3
:1082900080E0ABCE8FEF90E0A8CECF93DF9380E469
:1082A0000F94260AEC0181E40F94260AC817D90717
:1082B00061F080911E0890911F08019690931F080D
:1082C00080931E08DF91CF91089580911E089091B0
:1082D0001F080197F3CFCF93DF9380E40F94260A12
:1082E000EC0181E40F94260AC817D90761F4809144
:1082F0001E0890911F08019690931F0880931E08F6
:10830000DF91CF91089580911E0890911F080197E9
:10831000F3CFCF93DF938EE30F94260AEC018FE324
:108320000F94260AC817D907B1F080917A07909167
:108330007B07A0917C07B0917D070196A11DB11D1F
:1083400080937A0790937B07A0937C07B0937D0777
:10835000DF91CF91089580917A0790917B07A0914A
:108360007C07B0917D070197A109B109E9CFCF93AF
:10837000DF938EE30F94260AEC018FE30F94260A15
:10838000C817D907B1F480917A0790917B07A09123
:108390007C07B0917D070196A11DB11D80937A07DE
:1083A00090937B07A0937C07B0937D07DF91CF91DB
:1083B000089580917A0790917B07A0917C07B091F6
:1083C0007D070197A109B109E9CF0F9422AC20E004
:1083D00030E040E850E40F9481AC20E038E247E020
:1083E00056E40F94A1AD20E030E844E554E40F9446
:1083F000A1AD20E030E841E954E40F940EAE20E056
:1084000030E048EF51E40F94A2AD0F940BAF0F94FE
:1084100080AE6F3171051CF46C5E7F4FFACF633311
:1084200071051CF064517109FACF072E000C880BFE
:10843000990B0F9422AC0895CF92DF92EF92FF92A6
:10844000CF9360917A0770917B0780917C07909120
:108450007D070E94AEBB6B017C0160917A07709131
:108460007B0780917C0790917D070E94E5C19B016D
:10847000AC01C701B6010F94A1AD20E030E0A90125
:108480000F94B6AE18160CF06DC060917A0770911B
:108490007B0780917C0790917D070E94AEBB6B01AA
:1084A0007C0160917A0770917B0780917C079091A5
:1084B0007D070E94E5C19B01AC01C701B6010F9485
:1084C000A1AD6B017C0168E67CE78CE69CE00E9434
:1084D000F3FF60917A0770917B0780917C07909100
:1084E0007D070E94AEBBAB01BC0122E030E08CE610
:1084F0009CE00E9464F563E57CE78CE69CE00E94CA
:10850000F3FF60917A0770917B0780917C079091CF
:108510007D070E94E5C1AB01BC0122E030E08CE6A2
:108520009CE00E9464F567E47CE78CE69CE00E9496
:10853000F3FF42E050E0C701B6010F942E03C1E003
:1085400020E030E040E85EE3C701B6010F941BACC9
:1085500018160CF4C0E08C2FCF91FF90EF90DF90B5
:10856000CF90089560917A0770917B0780917C0786
:1085700090917D070E94AEBB6B017C0160917A07F0
:1085800070917B0780917C0790917D070E94E5C1E7
:108590009B01AC01C701B6010F94A1AD6B017C0139
:1085A000F7FAF094F7F8F0948ECF0F9422AC20E015
:1085B00030E040E850E40F9481AC20E038E247E03E
:1085C00056E40F94A1AD20E030E042E454E40F946F
:1085D0000EAE20E030E040E85FE30F94A2AD0F94D0
:1085E0000BAF0F9480AE161617061CF0625E7F4F1D
:1085F000FACF6F3171051CF06E517109FACF072E59
:10860000000C880B990B0F9422AC0895CF92DF9247
:10861000EF92FF92CF9360917A0770917B078091E0
:108620007C0790917D070E9402BC6B017C016091E8
:108630007A0770917B0780917C0790917D070E945B
:10864000D5C29B01AC01C701B6010F94A1AD20E0DA
:1086500030E0A9010F94B6AE18160CF06DC0609111
:108660007A0770917B0780917C0790917D070E942B
:1086700002BC6B017C0160917A0770917B0780914D
:108680007C0790917D070E94D5C29B01AC01C70178
:10869000B6010F94A1AD6B017C016BE07CE78CE629
:1086A0009CE00E94F3FF60917A0770917B078091B4
:1086B0007C0790917D070E9402BCAB01BC0122E0C7
:1086C00030E08CE69CE00E9464F566EF7BE78CE688
:1086D0009CE00E94F3FF60917A0770917B07809184
:1086E0007C0790917D070E94D5C2AB01BC0122E0BE
:1086F00030E08CE69CE00E9464F56AEE7BE78CE655
:108700009CE00E94F3FF42E050E0C701B6010F94E5
:108710002E03C1E020E030E040E85EE3C701B6018F
:108720000F941BAC18160CF4C0E08C2FCF91FF9067
:10873000EF90DF90CF90089560917A0770917B075A
:1087400080917C0790917D070E9402BC6B017C01A7
:1087500060917A0770917B0780917C0790917D07EB
:108760000E94D5C29B01AC01C701B6010F94A1AD17
:108770006B017C01F7FAF094F7F8F0948ECF0F9428
:10878000180C61E08BE10F944F0A61E08BE10F94CC
:10879000260C68EC70E080E090E00F94A51060E09B
:1087A0008BE10F944F0A60E08BE10F94260C68EE8A
:1087B00073E080E090E00F94A510E6E7FFE01482FC
:1087C00013821282118210820F94000C88E097E0CD
:1087D0000F94510B80E10F94E30B0F941F0C64EF87
:1087E00071E080E090E00D94A5102F923F924F929F
:1087F0005F926F927F928F929F92AF92BF92CF9231
:10880000DF92EF92FF920F931F93CF93DF9300D0ED
:1088100000D0CDB7DEB79E838D835B0129013A017D
:10882000FC01208031808280938029823A828B8271
:108830009C8210E000E00A151B0519F1ED81FE8114
:10884000C190D190E190F190FE83ED839101A4015C
:10885000C701B6010F941BAC87FD02C0160147018A
:1088600029813A814B815C81C701B6010F94B6AE74
:10887000181624F0C982DA82EB82FC820F5F1F4F48
:10888000DACF29813A814B815C81B101C4010F9417
:10889000A1ADF1E0F983A30192010F94B6AE1816D1
:1088A0000CF0198281E02981822726960FB6F89470
:1088B000DEBF0FBECDBFDF91CF911F910F91FF9013
:1088C000EF90DF90CF90BF90AF909F908F907F9070
:1088D0006F905F904F903F902F900895AF92BF920E
:1088E000CF92DF92EF92FF920F931F93CF93DF937C
:1088F0005B018C01D0E0C0E0C12CD12C7601CA15FF
:10890000DB0571F0F80121913191419151918F0175
:10891000C701B6010F94A2AD6B017C012196EFCF88
:10892000BE01DD0F880B990B0F9422AC9B01AC01AB
:10893000C701B6010F940EAEDF91CF911F910F9139
:10894000FF90EF90DF90CF90BF90AF9008952F925F
:108950003F924F925F926F927F928F929F92AF92CF
:10896000BF92CF92DF92EF92FF920F931F93CF931C
:10897000DF93CDB7DEB72F970FB6F894DEBF0FBEEB
:10898000CDBF8A876B872DB73EB73F872E8790E094
:108990009B838A83880F991F880F991FADB7BEB735
:1089A000A81BB90B0FB6F894BEBF0FBEADBFEDB795
:1089B000FEB73196FD87EC872DB73EB7281B390BE4
:1089C0000FB6F8943EBF0FBE2DBF8DB79EB7019670
:1089D00099878887C090830FD090840FE090850F8F
:1089E000F090860F8091870F9091880FA091890F4A
:1089F000B0918A0F8C839D83AE83BF830DB71EB762
:108A0000035011091F0194E0291A31081982A98124
:108A1000BA85AB1709F4FDC00F94EE0FF101648322
:108A20007583868397836C197D098E099F090F943E
:108A300022AC2C813D814E815F810F940EAED80116
:108A400014966D937D938D939C931797B981BB2357
:108A5000F1F0F80120813181428153816481758177
:108A6000868197810F94A1AD4B015C0120E030E03D
:108A7000A9010F94B6AE18169CF420E030E048EC43
:108A800052E4C501B4010F94B6AE18169CF0F981FA
:108A9000FF5FF9830C5F1F4F24E0220E311CB7CF1C
:108AA00020E030E048EC52ECC501B4010F941BAC5F
:108AB00087FFEDCFFB856FE47AE7F11102C067E134
:108AC0007AE78CE69CE00E94F3FFD1014D915D9125
:108AD0006D917C918CE69CE00F941E0069E08CE621
:108AE0009CE00F941C00F1014481558166817781DF
:108AF0008CE69CE00F941E0069E08CE69CE00F94ED
:108B00001C00D8014D915D916D917C9122E030E087
:108B10008CE69CE00E9464F569E08CE69CE00F9492
:108B20001C00F801448155816681778122E030E0A4
:108B30008CE69CE00E9464F50F94EE0F2B013C0143
:108B4000D1014D925D926D927C9213976C197D09C3
:108B50008E099F090F9422AC2C813D814E815F814B
:108B60000F940EAEF80160837183828393830F9418
:108B7000EE0F4B015C01D10114968D929D92AD9246
:108B8000BC9217976C197D098E099F090F9422AC2E
:108B90002C813D814E815F810F940EAEF80164837C
:108BA00075838683978368E07AE78CE69CE00E9471
:108BB000F3FFB301A2018CE69CE00F941E0069E074
:108BC0008CE69CE00F941C00B501A4018CE69CE0AF
:108BD0000F941E0069E08CE69CE00F941C00D80105
:108BE0004D915D916D917C9122E030E08CE69CE0AE
:108BF0000E9464F569E08CE69CE00F941C00F8018B
:108C0000648175818681978142E050E00F942E0344
:108C10001DCF20E030E046E952E46A817B818885FF
:108C200099850E94F5C3811139C03B853323B1F189
:108C30006CE879E78CE69CE00E94F3FFEC84FD840D
:108C400000E08981081319C0E884F98400E0B98143
:108C50000B1721F1F70141915191619171917F01C0
:108C600023E030E08CE69CE00E9464F569E08CE64D
:108C70009CE00F941C000F5FEACFD7014D915D91EE
:108C80006D917D917D018CE69CE00F941E0069E062
:108C90008CE69CE00F941C000F5FD3CF6A817B8130
:108CA000888599850E946EC42E853F850FB6F894FD
:108CB0003EBF0FBE2DBF2F960FB6F894DEBF0FBE7E
:108CC000CDBFDF91CF911F910F91FF90EF90DF907B
:108CD000CF90BF90AF909F908F907F906F905F905C
:108CE0004F903F902F900895CF92DF92EF92FF9296
:108CF000CF93DF930E94A7C4CEE7DFE029853A85B2
:108D00004B855C850F9481AC6B017C016D817E810C
:108D10008F8198850F9422AC9B01AC01C701B601ED
:108D20000F94A2AD0F9480AEDF91CF91FF90EF90A2
:108D3000DF90CF900895CF92DF92EF92FF92CF9382
:108D4000DF93C42ED12CF12CE12CF22AD62AE82A6A
:108D5000D0E0C0E08091A30F9091A40FC817D9076D
:108D600080F4A7019601BE0181EA9FE00E94F0F81D
:108D7000A7019601BE018BE89FE00E94F0F82196C2
:108D8000E9CF81EA9FE00E945CF98BE89FE0DF91E8
:108D9000CF91FF90EF90DF90CF900C945CF9809191
:108DA0008C06882351F120E040E060E080E00E94E2
:108DB0009BC667E279E78CE69CE00E9452F56AE088
:108DC00070E080E090E00F94A51081E00E94F0BC7C
:108DD0002FEF40E060E080E00E949BC661E179E710
:108DE0008CE69CE00E9452F56AE070E080E090E042
:108DF0000F94A51080E00C94F0BC63E579E78CE655
:108E00009CE00E9452F58FEF9FEF90934F06809366
:108E10004E0690935106809350069093530680938C
:108E200052060895282F2095253598F4822F880F13
:108E3000880F622F681B9FEF960F692F70E090E0FC
:108E400080E0CB0177276627322F330F230F622B69
:108E500008952A3A88F42555622F660F620F70E054
:108E600090E080E0982F872F762F6627322F330FE0
:108E7000330F231B2150EBCF2A5A822F880F880FE4
:108E8000322F381B3150622F660F620F70E090E076
:108E900080E0CB0177276627732B089570E060E0B0
:108EA00083E00F94620C60E089E00D944F0A61E06A
:108EB00089E00F944F0A6FEF70E083E00D94620C2D
:108EC0008091031081110F9460136091C10F709114
:108ED000C20F8091C30F9091C40F20E030E0A90130
:108EE0000F94B6AE18168CF460E08CE00F944F0A25
:108EF0006091C10F7091C20F8091C30F9091C40F08
:108F00000F9480AE83E00D94620C61E08CE00F94CE
:108F10004F0A6091C10F7091C20F8091C30F909161
:108F2000C40F9058EDCF4F925F926F927F928F92C5
:108F30009F92BF92CF92DF92EF92FF920F931F9377
:108F4000CF93DF936C014B01EA01B22EBC01990F64
:108F5000880B990B0F9422AC6093BD0F7093BE0FDA
:108F60008093BF0F9093C00F0F9490020F94510203
:108F7000BE010D2E000C880B990B0F9422AC2B0117
:108F80003C01662777276C1B7D0B072E000C880B96
:108F9000990B0F9422ACA30192010E9467FF6CE928
:108FA00070E78CE69CE00E94F3FF80911E08909190
:108FB0001F080F9456000E944EC760E08CE00F948B
:108FC0004F0AD0E0C0E061E070E080E090E00F94F4
:108FD000A51060911E0870911F08072E000C880BC9
:108FE000990B0F9422AC6093C50F7093C60F8093BA
:108FF000C70F9093C80F6091BD0F7091BE0F809105
:10900000BF0F9091C00F2091C50F3091C60F4091B6
:10901000C70F5091C80F8091BD0F9091BE0FA091C6
:10902000BF0FB091C00F8091C50F9091C60FA09156
:10903000C70FB091C80F6091C50F7091C60F809196
:10904000C70F9091C80F8091C50F9091C60FA09146
:10905000C70FB091C80F6091BD0F7091BE0F809186
:10906000BF0F9091C00F8091BD0F9091BE0FA09146
:10907000BF0FB091C00F1DECE12E1CECF12E0CECDB
:109080001DE320E030E048E452E460E070E080E27C
:1090900091E40F9475010E9460C721968C169D067D
:1090A00009F091CF0E9457C760E870E78CE69CE01A
:1090B0000E94F3FF80911E0890911F080F945600A4
:1090C000BB2009F464C080911E0890911F088C1980
:1090D0009D090A97BCF56DE570E78FE09BE00E9463
:1090E000F3FF60911E0870911F088FE09BE00F94C2
:1090F00050006AE570E78FE09BE00E94F3FF67E3B2
:1091000070E78CE69CE00E94F3FF60911E0870916E
:109110001F088CE69CE00F94500064E370E78CE637
:109120009CE0DF91CF911F910F91FF90EF90DF9026
:10913000CF90BF909F908F907F906F905F904F9057
:109140000C9452F561E170E78FE09BE00E94F3FF21
:1091500060911E0870911F088FE09BE00F945000F3
:109160006EE070E78FE09BE00E94F3FF6BEE7FE61E
:109170008CE69CE00E94F3FF60911E0870911F082E
:109180008CE69CE00F94500068EE7FE6C8CFDF913C
:10919000CF911F910F91FF90EF90DF90CF90BF90F4
:1091A0009F908F907F906F905F904F9008951F9346
:1091B000CF93DF93182F0F949C0AEC010196D9F4FA
:1091C0000F949C0AEC010196B1F40F949C0AEC01F7
:1091D000CF3FDC0781F4111109C066E27FE68CE61F
:1091E0009CE00E94F3FF83E00F947300CE01DF91B7
:1091F000CF911F910895111109C065E17FE68CE6BA
:109200009CE00E94F3FFCE010F9464018FEF9FE07A
:109210009C012C1B3D0BE9011111E8CF6AEF7EE6A2
:109220008CE69CE00E94F3FFCE010F946401DECF38
:10923000CF92DF92EF92FF926B017C01DC01CB01B8
:109240004E97A109B109843C9F40A105B10598F54D
:1092500069EA7FE68CE69CE00E94F3FFB701A60175
:109260008CE69CE00F941E0067EA7FE68CE69CE0AB
:109270000E9452F560E080E00F947D0A87E090E064
:109280000197F1F761E080E70F947D0A6AEF70E0E3
:1092900080E090E00F94A51064E47FE68CE69CE00B
:1092A0000E94F3FF80E00E94D7C8FF90EF90DF900C
:1092B000CF900D9464016FE67FE68CE69CE00E94FF
:1092C000F3FFB701A6018CE69CE00F941E006DE64B
:1092D0007FE6CCCF84E20F94260A21E0892B09F4A3
:1092E00020E0822F089585E20F94260A21E0892B41
:1092F00009F420E0822F089587E20F94260A21E0E6
:10930000892B09F420E0822F089580918B06882311
:1093100061F09FB7F89420918B0680910006213070
:1093200019F48DBB9FBF08958FBF08958EBD0000B7
:109330000DB407FEFDCF8EB50895CF93C82F60E022
:1093400081E30F944F0A8C2F0E9496C9C82F61E0C9
:1093500081E30F944F0A8BE490E00197F1F78C2F93
:10936000CF91089520918B06222381F03FB7F89486
:1093700020918B06213069F42DB3209300064DB364
:1093800020918A06209524232DBB3FBF8CBD9DBD17
:10939000089530930006FACFCF92DF92EF92FF92BA
:1093A0001F93CF93DF936B017C016BEB7EE68CE622
:1093B0009CE00E94F3FFB701A6018CE69CE00F94AD
:1093C0001E0062E97EE68CE69CE00E9452F582E592
:1093D00091E00E94B2C961E081E30F944F0A6DE809
:1093E0007EE68CE69CE00E9452F580E70E949DC9D3
:1093F000182F68E87EE68CE69CE00E9452F5D0E0EB
:10940000C0E0103851F02196C9398AE3D80729F015
:1094100080E00E949DC9182FF4CFCE010F94640103
:109420006AEF70E080E090E00F94A51063E87EE6BC
:109430008CE69CE00E9452F580E10E949DC9C0E04C
:10944000803119F0CF5FC53679F56EE77EE68CE6A0
:109450009CE00E9452F58C2F0F947300C43640F5A7
:1094600080E00E949DC9C82FD0E0DC2FCC27CC27FC
:10947000DF7080E00E949DC9C82BCE010F9464016B
:109480000E9485C969E17EE68CE69CE00E94F3FFBC
:10949000CE010F946401CE01DF91CF911F91FF9017
:1094A000EF90DF90CF90089580E00E949DC9C8CFD3
:1094B00064E67EE68CE69CE00E9452F562E47EE67D
:1094C0008CE69CE00E9452F5D0E0C0E0D9CFFF923C
:1094D0000F931F93CF93DF93082F82E591E00E94B3
:1094E000B2C980E10E949DC910E0803139F01F5F50
:1094F000153621F080E00E949DC9F7CF80E00E94E0
:109500009DC9C82FD0E0DC2FCC27CC27DF7080E0AE
:109510000E949DC9C82B80E10E949DC98031A9F09D
:10952000FF24F394F10E143608F443C001111CC05B
:109530006FEF7DE68CE69CE00E9452F56DED7DE6D6
:109540008CE69CE00E9452F50FC0143678F780E05C
:109550000E949DC9C82FD0E0DC2FCC27CC27DF701C
:1095600080E00E949DC9C82B0E9485C9011109C0D5
:1095700061EC7DE68CE69CE00E94F3FFCE010F9447
:1095800064018FEF9FE09C012C1B3D0BE901011151
:1095900009C060E97DE68CE69CE00E94F3FFCE0105
:1095A0000F946401CE01DF91CF911F910F91FF9035
:1095B000089580E00E949DC91F2DB0CF3F924F9229
:1095C0005F926F927F928F929F92AF92BF92CF9253
:1095D000DF92EF92FF920F931F93CF93DF93CDB75C
:1095E000DEB766970FB6F894DEBF0FBECDBF0F94FF
:1095F000B509898B81111CC082E08093920689890C
:1096000066960FB6F894DEBF0FBECDBFDF91CF9147
:109610001F910F91FF90EF90DF90CF90BF90AF9090
:109620009F908F907F906F905F904F903F900895A4
:1096300040E050E064E375E482E39FE00E9442F77B
:1096400040E050E064E375E482E39FE00E94BFF6EF
:1096500088E097E00F94510B80E10F94E30B0F9497
:109660001F0C64E670E080E090E00F94A51040913C
:109670003E0F50913F0F6091400F7091410F485A3B
:1096800051466109710982E39FE00E9437F880909A
:109690007A0790907B07A0907C07B0907D070F948D
:1096A00054136D837E838F8398876B017C01409078
:1096B0007A0750907B0760907C0770907D07198235
:1096C0001A821B821C821D861E861F86188A198696
:1096D0001A861B861C86312C4091420F5091430FF5
:1096E0006091440F7091450F80913E0F90913F0F14
:1096F000A091400FB091410F481759076A077B07A7
:1097000009F49CC40E947CC98D8B809374058823C6
:10971000D9F1311039C020913E0F30913F0F409167
:10972000400F5091410F29873A874B875C87809182
:109730007A0790917B07A0917C07B0917D078D8778
:109740009E87AF87B88B80914702882351F080E0D5
:109750000E9467CA9C0150E040E029833A834B8312
:109760005C8380914602882351F080E00E94D7C834
:109770009C0150E040E029833A834B835C8382E381
:109780009FE00E945DF83D8882E39FE00E94B4F76D
:109790000F9454132D813E814F815885621B730BAA
:1097A000840B950B693E73408105910508F412C145
:1097B00080917A0790917B07A0917C07B0917D07FB
:1097C000A5019401281B390B4A0B5B0BDA01C90177
:1097D000181619061A061B060CF0EFC080917A07BE
:1097E00090917B07A0917C07B0917D07A501940122
:1097F000281B390B4A0B5B0BDA01C901883C910528
:10980000A105B1050CF0E6C0809181076EE774E810
:10981000811102C062E274E88CE69CE00E9452F57D
:1098200082E39FE00E945DF80F94180C0F94EA0900
:109830000F941F0C0E94A0AB10E00F94180C62E66E
:109840007FE78CE69CE00E94F3FF40917A075091FD
:109850007B0760917C0770917D078CE69CE00F94FC
:109860001E006EE37FE78CE69CE00E94F3FF4091D0
:109870003E0F50913F0F6091400F7091410F8CE669
:109880009CE00F941E000E947CC9809374050E9486
:1098900073C9809383070E946AC9809382076CE230
:1098A0007FE78CE69CE00E94F3FF6091740570E016
:1098B0008CE69CE00F94500063E17FE78CE69CE02F
:1098C0000E94F3FF6091830770E08CE69CE00F94A8
:1098D00050006AEF7EE78CE69CE00E94F3FF8091E7
:1098E000820790E00F945600809147028823E9F0A8
:1098F00080E00E9467CABC0190E080E06B017C01BF
:10990000AFE0CA1AD108E108F108B2EECB16BFE009
:10991000DB06E104F10448F420917405222329F0C8
:109920002989211102C00E94CCC980914602882356
:10993000E9F080E00E94D7C8BC0190E080E06B01B4
:109940007C013FE0C31AD108E108F10842EEC416D9
:109950004FE0D406E104F10448F420917405222379
:1099600029F05989511102C00E9418C940E050E005
:1099700060E775E482E39FE00E9442F740E050E038
:1099800060E775E482E39FE00E94BFF68091740572
:10999000882309F444C3112309F441C368ED7EE729
:1099A0008CE69CE00E9452F581E0809377058093DD
:1099B000920680938F06198B22CE80917A07909120
:1099C0007B07A0917C07B0917D0788199909AA09A6
:1099D000BB0914CF0F9454136C197D098E099F098C
:1099E000693E73408105910558F180917A07909105
:1099F0007B07A0917C07B0917D07A3019201281BF2
:109A0000390B4A0B5B0BDA01C901181619061A0645
:109A10001B067CF580917A0790917B07A0917C07CB
:109A2000B0917D07A3019201281B390B4A0B5B0BF8
:109A3000DA01C901883C9105A105B1050CF4E4CE19
:109A40000F9454136C197D098E099F09693E734068
:109A50008105910508F440CE40907A0750907B072D
:109A600060907C0770907D070F9454136B017C010C
:109A700033CE80917A0790917B07A0917C07B091BB
:109A80007D0784199509A609B709D4CF64EF71E061
:109A900080E090E00F94A5100E947CC941E0482727
:109AA0004D8B80913E0F90913F0FA091400FB09150
:109AB000410F898B9A8BAB8BBC8B80907A079090EF
:109AC0007B07A0907C07B0907D0780914702C12C56
:109AD000D12C7601882331F080E00E9467CA6C01A6
:109AE000F12CE12C80914602882331F080E00E9425
:109AF000D7C86C01F12CE12CA50194018D859E85C0
:109B0000AF85B889281B390B4A0B5B0B2D833E832D
:109B10004F835887D701C60129813A814B815C81E7
:109B2000821B930BA40BB50B813030EF93073FEFF3
:109B3000A307B307A4F08C019D01105F2F4F3F4F87
:109B4000813040E19407A105B10594F440E050E173
:109B500060E070E0481B590B6A0B7B0B0EC000E005
:109B600010EF2FEF3FEF081B190B2A0B3B0BEECF2B
:109B7000AC01BD01505161097109B7FF07C0B09533
:109B8000A095909581959F4FAF4FBF4F0417150734
:109B90002607370714F4B901A8012C013D0144152B
:109BA00055056605770514F42A013B016AEE73E852
:109BB0008CE69CE00E94F3FF49855A856B857C8585
:109BC0008CE69CE00F941E0064EC73E88CE69CE04D
:109BD0000E94F3FF4D855E856F8578898CE69CE059
:109BE0000F941E0060EA73E88CE69CE00E94F3FF8D
:109BF00069817A818B819C810F94A30964E873E861
:109C00008CE69CE00E94F3FF49895A896B897C8924
:109C10008CE69CE00F941E0060E673E88CE69CE006
:109C20000E94F3FFB501A4018CE69CE00F941E0096
:109C30006EE373E88CE69CE00E94F3FFC701B60177
:109C40000F94A3096FE173E88CE69CE00E94F3FF98
:109C50006D817E818F8198850F94A30962E073E8FE
:109C60008CE69CE00E94F3FFC301B2010F94A309AC
:109C700040E050E068EC73E482E39FE00E9442F72A
:109C800040E050E060E775E482E39FE00E94BFF6A9
:109C900049855A856B857C854C5251406109710913
:109CA00082E39FE00E9437F819821A821B821C828D
:109CB000C12CD12C760100E04091420F5091430F0E
:109CC0006091440F7091450F80913E0F90913F0F2E
:109CD000A091400FB091410F481759076A077B07C1
:109CE00029F10E947CC9898B809374058823C9F06F
:109CF000C0903E0FD0903F0FE090400FF090410F8A
:109D000080917A0790917B07A0917C07B0917D07A5
:109D100089839A83AB83BC8382E39FE00E945DF8D2
:109D2000098982E39FE00E94B4F7C6CF0E947CC9F4
:109D30008E8B20913E0F30913F0F4091400F5091FC
:109D4000410F298B3A8B4B8B5C8BB701A601465494
:109D500051096109710982E39FE00E9437F8809000
:109D6000420F9090430FA090440FB090450F809108
:109D70003E0F90913F0FA091400FB091410F881678
:109D80009906AA06BB0629F082E39FE00E94B4F779
:109D9000E6CF0E947CC9182F882311F149895A897E
:109DA0006B897C8982E39FE00E9437F84091420FE3
:109DB0005091430F6091440F7091450F80913E0F79
:109DC00090913F0FA091400FB091410F4817590754
:109DD0006A077B0729F082E39FE00E94B4F7E6CF91
:109DE00063ED72E88CE69CE00E94F3FFB701A601E8
:109DF0008CE69CE00F941E006CEA72E88CE69CE016
:109E00000E94F3FF49895A896B897C898CE69CE022
:109E10000F941E006CE872E88CE69CE00E94F3FF51
:109E2000B501A4018CE69CE00F941E0064E772E883
:109E30008CE69CE00E94F3FF3E89632F70E08CE685
:109E40009CE00F94500068E572E88CE69CE00E946C
:109E5000F3FF812F90E00F9456006BE372E88CE6DD
:109E60009CE00E94F3FF832D90E00F9456006EE17A
:109E700072E88CE69CE00E94F3FF4D89842F90E00D
:109E80000F9456006BE072E88CE69CE00E94F3FFB2
:109E9000802F90E00F945600332009F48EC05D8926
:109EA000552309F47DC0002309F495C0112309F45A
:109EB0007DC081E080938E0680938F068D819E8188
:109EC000AF81B88581549109A109B1094597A105D0
:109ED000B10508F084C081E080939006809147022C
:109EE000811105C080914602882309F489C0D301FD
:109EF000C2010297A109B10989359105A105B105F2
:109F000008F07EC081E0809391066AED7FE78CE6E1
:109F10009CE00E94F3FF49855A856B857C858CE621
:109F20009CE00F941E0064EB7FE78CE69CE00E94AF
:109F3000F3FF4D855E856F8578898CE69CE00F94F4
:109F40001E0063E97FE78CE69CE00E94F3FFB70107
:109F5000A6018CE69CE00F941E0062E77FE78CE68A
:109F60009CE00E94F3FF69817A818B819C810F9430
:109F7000A30968EE73E080E090E00F94A51040E044
:109F800050E0BA0182E39FE00E9421F810927A0724
:109F900010927B0710927C0710927D07198A4DCC96
:109FA0000023C9F062EE71E8111102C067EE70E89B
:109FB0008CE69CE00E9452F510C08D89882359F0F0
:109FC000011109C0111109C064EB71E88CE69CE035
:109FD0000E9452F573CF112349F310E06FCF82E056
:109FE0008093900664E770E88CE69CE00E94F3FFA3
:109FF0006D817E818F8198850F94A30910E06ECFCB
:10A0000082E0809391066FEF7FE78CE69CE00E94F0
:10A01000F3FFC301B2010F94A30910E076CF61E210
:10A020007EE78CE69CE00E9452F51092770582E074
:10A03000809392060E94A0AB198AE1CA64EF71E096
:10A0400080E090E00F94A51049855A856B857C854A
:10A05000445D5E4F6F4F7F4F82E39FE00E9437F871
:10A060004091420F5091430F6091440F7091450F02
:10A0700080913E0F90913F0FA091400FB091410F02
:10A08000481759076A077B0709F400CD82E39FE070
:10A090000E94B4F7E5CF4F925F926F927F928F92BA
:10A0A0009F92AF92BF92CF92DF92EF92FF920F9367
:10A0B0001F93CF93DF93CDB7DEB72D970FB6F894EC
:10A0C000DEBF0FBECDBF2B013C01042F122F0F941A
:10A0D000B5098D878823A9F080918107811129C056
:10A0E00080917705811125C06FE37BE88CE69CE0C9
:10A0F0000E9452F50E94DECA81111BC00E94A0ABD3
:10A100001D868D852D960FB6F894DEBF0FBECDBF90
:10A11000DF91CF911F910F91FF90EF90DF90CF9043
:10A12000BF90AF909F908F907F906F905F904F9077
:10A13000089501110AC0C301B20129EE3AE540E0D9
:10A1400050E00F94F9AF2B013C0120913E0F30916C
:10A150003F0F4091400F5091410F2D833E834F831D
:10A16000588773016201C21AD30AE40AF50A46014C
:10A17000570139EE830E3AE5931EA11CB11CD7019D
:10A18000C601895E9A45A109B10989879A87AB877B
:10A19000BC876CE27BE88CE69CE00E94F3FFC30185
:10A1A000B2010F94A30968E17BE88CE69CE00E9471
:10A1B000F3FF6D817E818F8198850F94A30961E003
:10A1C0007BE88CE69CE00E94F3FFC701B6010F9488
:10A1D000A30966EE7AE88CE69CE00E94F3FFC501D5
:10A1E000B4010F94A3096AEC7AE88CE69CE00E9423
:10A1F000F3FF69857A858B859C850F94A309F7FE0B
:10A2000008C0F094E094D094C094C11CD11CE11C0F
:10A21000F11CB7FE08C0B094A09490948094811C67
:10A22000911CA11CB11C89859A85AB85BC85B7FFA3
:10A2300007C0B095A095909581959F4FAF4FBF4FA8
:10A240008C149D04AE04BF045CF08C159D05AE0516
:10A25000BF0594F4C814D904EA04FB040CF4D6C175
:10A2600088159905AA05BB050CF41AC499EE490E88
:10A270009AE5591E611C711C730162012D813E819A
:10A280004F815885C21AD30AE40AF50A6CEB7AE8C2
:10A290008CE69CE00E94F3FFB301A2018CE69CE0F7
:10A2A0000F941E006EE97AE88CE69CE00E94F3FFB2
:10A2B0004D815E816F8178858CE69CE00F941E0055
:10A2C00066E87AE88CE69CE00E94F3FFC701B601DD
:10A2D0000F94A30961E77AE88CE69CE00E94F3FF03
:10A2E00094E0892E912CA12CB12CC301B201A501BF
:10A2F00094010F94F9AFBA01A9018CE69CE00F9488
:10A300001E0063E57AE88CE69CE00E94F3FF409132
:10A310007A0750917B0760917C0770917D078CE6EE
:10A320009CE00F941E006BE37AE88CE69CE00E94B0
:10A33000F3FFC701B601A50194010F94F9AFCA015B
:10A34000B9010F94A3098091750590917605009746
:10A3500009F069C140E050E060E775E482E39FE006
:10A360000E9442F740E050E068E275E482E39FE03B
:10A370000E94BFF688E097E00F94510B80E10F94A4
:10A38000E30B0F941F0C111106C06AEF70E080E020
:10A3900090E00F94A5100F9454134B015C01C090F2
:10A3A0007A07D0907B07E0907C07F0907D07B3019F
:10A3B000A20182E39FE00E9437F84091420F509142
:10A3C000430F6091440F7091450F80913E0F909123
:10A3D0003F0FA091400FB091410F481759076A07EE
:10A3E0007B0709F462C082E39FE00E94B4F70F94F8
:10A3F0005413681979098A099B09653F71408105E1
:10A400009105D8F280907A0790907B07A0907C0706
:10A41000B0907D0760913E0F70913F0F8091400F8B
:10A420009091410F24E030E040E050E00F94F9AF0C
:10A43000821A930AA40AB50A80917A0790917B0741
:10A44000A0917C07B0917D07A7019601281B390BCD
:10A450004A0B5B0BDA01C901181619061A061B060E
:10A460000CF02FC180917A0790917B07A0917C0717
:10A47000B0917D07C81AD90AEA0AFB0A35E0C3166B
:10A48000D104E104F1040CF02DC163EA78E88CE614
:10A490009CE00E9452F582E39FE00E945DF80F94D9
:10A4A000180C0F94EA090F941F0C8AEF90E00F9498
:10A4B000510B111106C064EF71E080E090E00F9441
:10A4C000A51080903E0F90903F0FA090400FB0904D
:10A4D000410F75016401C418D508E608F7086FE755
:10A4E00078E88CE69CE00E94F3FF60913E0F70914B
:10A4F0003F0F8091400F9091410F0F94A3096DE59C
:10A5000078E88CE69CE00E94F3FFC701B6010F9447
:10A51000A309C0907A07D0907B07E0907C07F09069
:10A520007D07C301B20124E030E040E050E00F9429
:10A53000F9AFC21AD30AE40AF50A68E378E88CE6B0
:10A540009CE00E94F3FF60917A0770917B078091F5
:10A550007C0790917D070F94A30965E178E88CE66C
:10A560009CE00E94F3FFC701B6010F94A3098091FC
:10A570004702882309F423C1C301B2016E527A4411
:10A580008F4F9F4F29EE3AE540E050E00F94F9AF2E
:10A590000F9422AC2EE939E244E35EE30F9481ACE0
:10A5A0000F9480AE6D837E838F83988780E00E94B6
:10A5B00067CA9C0150E040E029873A874B875C8757
:10A5C000DA012D813E814F815885821B930BA40BAC
:10A5D000B50B813030EF93073FEFA307B3070CF4BF
:10A5E0009FC08C019D01105F2F4F3F4F813040E194
:10A5F0009407A105B1050CF09CC040E050E160E07B
:10A6000070E0481B590B6A0B7B0B98C088169906A3
:10A61000AA06BB060CF430CEA9EE4A1AAAE55A0ADD
:10A620006108710829CE8130910589F461E07AE8EA
:10A630008CE69CE00E9452F540E050E060E175E459
:10A6400082E39FE00E94BFF680ED97E095CE8230D6
:10A65000910559F467EC79E88CE69CE00E9452F58C
:10A6600040E050E060EF74E4EBCF8330910599F463
:10A670006DE879E88CE69CE00E9452F50E94BFC329
:10A6800040E050E060EF74E482E39FE00E94BFF698
:10A6900084E398E071CE04970CF470CE6DE479E811
:10A6A0008CE69CE00E9452F50E94BFC340E050E05F
:10A6B00060EF74E482E39FE00E94BFF688E998E0CF
:10A6C0005BCE80917A0790917B07A0917C07B09137
:10A6D0007D078C199D09AE09BF090597A105B10534
:10A6E0000CF4D3CEB7FE08C0B094A094909480949C
:10A6F000811C911CA11CB11C45E184169104A1048C
:10A70000B1040CF0C2CEC0907A07D0907B07E090E5
:10A710007C07F0907D070F9454134B015C014DCEE4
:10A7200000E010EF2FEF3FEF081B190B2A0B3B0B3C
:10A7300064CFAC01BD01505161097109B7FF07C079
:10A74000B095A095909581959F4FAF4FBF4F04173F
:10A7500015072607370714F4B901A80189839A83DE
:10A76000AB83BC83481759076A077B0724F44983E6
:10A770005A836B837C8361EF77E88CE69CE00E94D0
:10A78000F3FF69857A858B859C850F94A3096EEC10
:10A7900077E88CE69CE00E94F3FF6D817E818F81DB
:10A7A00098850F94A3096CEA77E88CE69CE00E94F8
:10A7B000F3FF69817A818B819C810F94A309809139
:10A7C0004602882309F497C0C301B2016E527A444D
:10A7D0008F4F9F4F29EE3AE540E050E00F94F9AFDC
:10A7E0000F9422AC2EE939E244E35EE30F9481AC8E
:10A7F0000F9480AE6D837E838F83988780E00E9464
:10A80000D7C89C0150E040E029873A874B875C8796
:10A81000DA012D813E814F815885821B930BA40B59
:10A82000B50B813030EF93073FEFA307B307A4F0D8
:10A830008C019D01105F2F4F3F4F813040E1940705
:10A84000A105B10594F440E050E160E070E0481BE0
:10A85000590B6A0B7B0B0EC000E010EF2FEF3FEFA0
:10A86000081B190B2A0B3B0BEECFAC01BD0150515D
:10A8700061097109B7FF07C0B095A09590958195C2
:10A880009F4FAF4FBF4F041715072607370714F424
:10A89000B901A80189839A83AB83BC834817590700
:10A8A0006A077B0724F449835A836B837C8368E8B7
:10A8B00077E88CE69CE00E94F3FF69857A858B85BA
:10A8C0009C850F94A30965E677E88CE69CE00E94DE
:10A8D000F3FF6D817E818F8198850F94A30963E4D6
:10A8E00077E88CE69CE00E94F3FF69817A818B8196
:10A8F0009C810F94A309D701C601F7FE07C08827E2
:10A900009927DC018C199D09AE09BF094597A1055E
:10A91000B1050CF047C089819A81AB81BC81B7FF3A
:10A9200007C0B095A095909581959F4FAF4FBF4FB1
:10A9300082349105A105B10544F08091470281114F
:10A9400065C080914602811161C059EE85165AE5B5
:10A950009506A104B1040CF499C0C501B40129EE17
:10A960003AE540E050E00F94F9AFAB01BC0182E35F
:10A970009FE00E9421F860917A0770917B07809197
:10A980007C0790917D072AEB36E140E050E00F9480
:10A99000F9AF60937A0770937B0780937C0790935D
:10A9A0007D07AFCB68E876E88CE69CE00E94F3FF79
:10A9B000C701B6010F94A3098091750590917605A2
:10A9C0000196909376058093750540917A07509192
:10A9D0007B0760917C0770917D0782E0440F551FD3
:10A9E000661F771F8A95D1F782E39FE00E9421F8C6
:10A9F00080917505909176050597F4F520E040E08B
:10AA0000C301B2010E944BD08D879FCF65E276E8EB
:10AA10008CE69CE00E94F3FF61E470E08CE69CE031
:10AA20000F94500065E176E88CE69CE00E94F3FF0D
:10AA300069817A818B819C810F94A30961ED75E80E
:10AA40008CE69CE00E9452F50E94DECA81110DC086
:10AA50006CE975E88CE69CE00E9452F585E090E098
:10AA60009093760580937505A7CF62E675E88CE62E
:10AA70009CE00E9452F5A0CF62ED74E88CE69CE069
:10AA80000E9452F50E94A0AB1D865FCF88E1881618
:10AA900085EA98068FEFA806B8060CF032CB5DCF9A
:10AAA000C816D906EA06FB060CF4E6CBB5CDCF9363
:10AAB000DF931092760510927505DC011197AE3187
:10AAC000B10570F428E033E00F9420B066537E4D5A
:10AAD0008F4F9F4F21E040E0DF91CF910C944BD0FE
:10AAE000DC015F97A431B10548F42CE834E00F9401
:10AAF00020B0645E7A4D8F4F9F4FECCFEC0160EB3E
:10AB00007BE88CE69CE00E94F3FFCE010F94560098
:10AB100080E0DF91CF910895CF93DF931092760577
:10AB200010927505DC011197AE31B10570F428E083
:10AB300033E00F9420B06259724D8F4F9F4F20E049
:10AB400040E0DF91CF910C944BD0DC015F97A431B2
:10AB5000B10548F42CE834E00F9420B06256704DF3
:10AB60008F4F9F4FECCFEC016FE77BE88CE69CE0CA
:10AB70000E94F3FFCE010F94560080E0DF91CF9149
:10AB800008958F929F92AF92BF92CF92DF92EF92F1
:10AB9000FF9268E07EE78CE69CE00E94F3FF409124
:10ABA0007A0750917B0760917C0770917D078CE656
:10ABB0009CE00F941E006FEE7DE78CE69CE00E9407
:10ABC000F3FF40913E0F50913F0F6091400F709105
:10ABD000410F8CE69CE00F941E0080914702882371
:10ABE00071F06EED7DE78CE69CE00E94F3FF80E063
:10ABF0000E9467CABC018CE69CE00F945E018091C4
:10AC00004602882371F06DEC7DE78CE69CE00E94A3
:10AC1000F3FF80E00E94D7C8BC018CE69CE00F9453
:10AC20005E016CEB7DE78CE69CE00E94F3FF609197
:10AC30001E0870911F088CE69CE00F9450000E9443
:10AC40007CC9809374050E9473C9809383070E9416
:10AC50006AC9809382076AEA7DE78CE69CE00E94DD
:10AC6000F3FF6091740570E08CE69CE00F94500057
:10AC700061E97DE78CE69CE00E94F3FF6091830729
:10AC800070E08CE69CE00F94500068E77DE78CE66E
:10AC90009CE00E94F3FF8091820790E00F945600A1
:10ACA00068E57DE78CE69CE00E94F3FF409170052B
:10ACB0005091710560917205709173058CE69CE06E
:10ACC0000F941E0062E37DE78CE69CE00E94F3FF98
:10ACD00040916C0550916D0560916E0570916F0506
:10ACE0008CE69CE00F941E006DE07DE78CE69CE016
:10ACF0000E94F3FF609168057091690580916A0573
:10AD000090916B050F94A30960917A0770917B076E
:10AD100080917C0790917D070F9422AC20E030E079
:10AD200040E850E40F9481AC20E038E247E056E47C
:10AD30000F94A1AD20E030E042E454E40F940EAE55
:10AD400020E030E040E85FE30F94A2AD4B015C01EE
:10AD5000C0907A07D0907B07E0907C07F0907D0749
:10AD600020E030E040E05FE3C501B4010F941BAC8C
:10AD700087FF15C020E030E040EF51E4C501B40189
:10AD80000F94A2AD4B015C01EBCF20E030E040EF2F
:10AD900051E4C501B4010F94A1AD4B015C0120E069
:10ADA00030E044EF51E4C501B4010F94B6AE18167B
:10ADB00064F3C701B6010F9422AC20E030E040E814
:10ADC00050E40F9481AC20E038E247E056E40F9461
:10ADD000A1AD20E030E844E554E40F94A1AD20E0BB
:10ADE00030E841E954E40F940EAE20E030E048EF43
:10ADF00051E40F94A2AD6B017C0120E030E044EF00
:10AE000051E4C701B6010F941BAC87FF07C020E0D7
:10AE100030E040EA51E4C701B601EBCF20E030E07A
:10AE20004AE452E4C701B6010F94B6AE18165CF4BA
:10AE300020E030E040EA51E4C701B6010F94A1AD33
:10AE40006B017C01EBCF6FEF7CE78CE69CE00E940E
:10AE5000F3FF22E030E0B501A4018CE69CE00E9403
:10AE600064F560EF7CE78CE69CE00E94F3FF42E033
:10AE700050E0C701B6010F942E03609168057091F0
:10AE8000690580916A0590916B050F9422AC20E0D2
:10AE900030E040E850E40F9481AC20E038E247E035
:10AEA00056E40F94A1AD6B017C0120E030E042E458
:10AEB00054E40F940EAE20E030E040E85FE30F94DE
:10AEC000A2AD4B015C0120E030E040E05FE30F9475
:10AED0001BAC87FF11C020E030E040EF51E4C5011A
:10AEE000B401EDCF20E030E040EF51E4C501B40102
:10AEF0000F94A1AD4B015C0120E030E044EF51E440
:10AF0000C501B4010F94B6AE181664F320E030E822
:10AF100044E554E4C701B6010F94A1AD20E030E848
:10AF200041E954E40F940EAE20E030E048EF51E4E4
:10AF30000F94A2AD6B017C0120E030E044EF51E4BE
:10AF4000C701B6010F941BAC87FF07C020E030E0BB
:10AF500040EA51E4C701B601EBCF20E030E04AE41B
:10AF600052E4C701B6010F94B6AE18165CF420E0A7
:10AF700030E040EA51E4C701B6010F94A1AD6B0186
:10AF80007C01EBCF6EED7CE78CE69CE00E94F3FF4A
:10AF900022E030E0B501A4018CE69CE00E9464F55B
:10AFA0006BEC7CE78CE69CE00E94F3FF42E050E013
:10AFB000C701B6010F942E0360916C0570916D0569
:10AFC00080916E0590916F050F9422AC20E030E0E7
:10AFD00040E850E40F9481AC20E038E247E056E4CA
:10AFE0000F94A1AD6B017C0120E030E042E454E419
:10AFF0000F940EAE20E030E040E85FE30F94A2AD86
:10B000004B015C0120E030E040E05FE30F941BACBB
:10B0100087FF11C020E030E040EF51E4C501B401EA
:10B02000EDCF20E030E040EF51E4C501B4010F94D2
:10B03000A1AD4B015C0120E030E044EF51E4C501DB
:10B04000B4010F94B6AE181664F320E030E844E57E
:10B0500054E4C701B6010F94A1AD20E030E841E906
:10B0600054E40F940EAE20E030E048EF51E40F942A
:10B07000A2AD6B017C0120E030E044EF51E4C70158
:10B08000B6010F941BAC87FF07C020E030E040EA18
:10B0900051E4C701B601EBCF20E030E04AE452E4CE
:10B0A000C701B6010F94B6AE18165CF420E030E08C
:10B0B00040EA51E4C701B6010F94A1AD6B017C01D8
:10B0C000EBCF68EB7CE78CE69CE00E94F3FF22E08C
:10B0D00030E0B501A4018CE69CE00E9464F564EACE
:10B0E0007CE78CE69CE00E94F3FF42E050E0C70161
:10B0F000B601FF90EF90DF90CF90BF90AF909F9000
:10B100008F900D942E03FF920F931F93CF93DF9395
:10B1100009E412E0D0E0C0E0F801F1908F01CE0127
:10B120000F943FADF81621F06F2DCE010F9447AD6F
:10B130002196C93EF1E0DF0779F7DF91CF911F91AA
:10B140000F91FF9008951F920F920FB60F92112446
:10B150000BB60F922F933F934F935F936F937F9311
:10B160008F939F93AF93BF93CF93EF93FF93909160
:10B170000601C09130088091530830915108292F61
:10B18000209523238923822B20916D00C927C22378
:10B19000C82390933008CC23C1F1C0FF05C0E091D3
:10B1A0003108F09132081995C1FF05C0E0913308CC
:10B1B000F09134081995C2FF05C0E0913508F0916F
:10B1C00036081995C3FF05C0E0913708F09138089B
:10B1D0001995C4FF05C0E0913908F0913A08199516
:10B1E000C5FF05C0E0913B08F0913C081995C6FFEA
:10B1F00005C0E0913D08F0913E081995C7FF05C0D4
:10B20000E0913F08F09140081995FF91EF91CF919F
:10B21000BF91AF919F918F917F916F915F914F916E
:10B220003F912F910F900BBE0F900FBE0F901F906C
:10B2300018951F920F920FB60F9211240BB60F9212
:10B240002F933F934F935F936F937F938F939F932E
:10B25000AF93BF93CF93EF93FF9390910301C0916E
:10B2600042088091540830915208292F20952323B9
:10B270008923822B20914108C927C223C823909398
:10B280004208CC2389F1C0FF05C0E0914308F0914A
:10B2900044081995C1FF05C0E0914508F0914608A2
:10B2A0001995C2FF05C0E0914708F091480819952B
:10B2B000C3FF05C0E0914908F0914A081995C4FF01
:10B2C00005C0E0914B08F0914C081995C5FF05C0E9
:10B2D000E0914D08F0914E081995C6FF05C0E09128
:10B2E0004F08F09150081995FF91EF91CF91BF91C0
:10B2F000AF919F918F917F916F915F914F913F910E
:10B300002F910F900BBE0F900FBE0F901F901895AE
:10B310001F920F920FB60F9211240BB60F922F931C
:10B320003F934F935F936F937F938F939F93AF93CD
:10B33000BF93EF93FF93E0912E08F0912F0819959A
:10B34000FF91EF91BF91AF919F918F917F916F91FD
:10B350005F914F913F912F910F900BBE0F900FBEB9
:10B360000F901F9018951F920F920FB60F921124F5
:10B370000BB60F922F933F934F935F936F937F93EF
:10B380008F939F93AF93BF93EF93FF93E0912C081C
:10B39000F0912D081995FF91EF91BF91AF919F9179
:10B3A0008F917F916F915F914F913F912F910F906E
:10B3B0000BBE0F900FBE0F901F9018951F920F920B
:10B3C0000FB60F9211240BB60F922F933F934F930A
:10B3D0005F936F937F938F939F93AF93BF93EF93FD
:10B3E000FF93E0912A08F0912B081995FF91EF91B6
:10B3F000BF91AF919F918F917F916F915F914F918D
:10B400003F912F910F900BBE0F900FBE0F901F908A
:10B4100018951F920F920FB60F9211240BB60F9230
:10B420002F933F934F935F936F937F938F939F934C
:10B43000AF93BF93EF93FF93E0912808F091290811
:10B440001995FF91EF91BF91AF919F918F917F914E
:10B450006F915F914F913F912F910F900BBE0F9085
:10B460000FBE0F901F9018951F920F920FB60F925C
:10B4700011240BB60F922F933F934F935F936F93CB
:10B480007F938F939F93AF93BF93EF93FF93E0913D
:10B490002608F09127081995FF91EF91BF91AF9180
:10B4A0009F918F917F916F915F914F913F912F91DC
:10B4B0000F900BBE0F900FBE0F901F9018951F920C
:10B4C0000F920FB60F9211240BB60F922F933F934A
:10B4D0004F935F936F937F938F939F93AF93BF939C
:10B4E000EF93FF93E0912408F09125081995FF91BF
:10B4F000EF91BF91AF919F918F917F916F915F91EC
:10B500004F913F912F910F900BBE0F900FBE0F9058
:10B510001F9018951F920F920FB60F9211240BB621
:10B520000F922F933F934F935F936F937F938F93DC
:10B530009F93AF93BF93EF93FF93E0912208F09115
:10B5400023081995FF91EF91BF91AF919F918F9132
:10B550007F916F915F914F913F912F910F900BBE13
:10B560000F900FBE0F901F9018951F920F920FB65D
:10B570000F9211240BB60F922F933F934F935F932B
:10B580006F937F938F939F93AF93BF93EF93FF93AB
:10B59000E0912008F09121081995FF91EF91BF915A
:10B5A000AF919F918F917F916F915F914F913F915B
:10B5B0002F910F900BBE0F900FBE0F901F901895FC
:10B5C000CF93DF93EC01FB01248135810E94D4F3FA
:10B5D000CE01DF91CF9108950E940CF291E081118C
:10B5E00090E0892F08950E9421F291E0811190E06E
:10B5F000892F08952F923F924F925F926F927F9280
:10B600008F929F92AF92BF92CF92DF92EF92FF9272
:10B610000F931F93CF93DF93CDB7DEB7EC970FB6A1
:10B62000F894DEBF0FBECDBFC0901E08D0901F089B
:10B63000A0901E08B0901F081092950610929606D2
:10B6400010929706109293061092940610928D060F
:10B6500061E478E78CE69CE00E94F3FF60911E08AD
:10B6600070911F088CE69CE00F9450006AE178E727
:10B670008CE69CE00E94F3FF8091D10690E00F944D
:10B6800056000F9490020F94510220E030E04AEFF0
:10B6900052E460E070E08AEF92EC0E9467FF1DECDC
:10B6A000E12E1CECF12E0CEC1DE320E030E048E430
:10B6B00052E460E070E080E291E40F9475010E9432
:10B6C0004EC76091D1068CE00F944F0A60911E081E
:10B6D00070911F08072E000C880B990B0F9422AC59
:10B6E0006093BD0F7093BE0F8093BF0F9093C00FF8
:10B6F0000E9473C9809383070E946AC9282E809391
:10B700008207809183078AAF882309F45FC56CEDB7
:10B7100077E7211002C069E977E78CE69CE00E9498
:10B7200052F560911E0870911F08072E000C880BBF
:10B73000990B0F9422AC6093BD0F7093BE0F809352
:10B74000BF0F9093C00F0E944EC76091D1068CE04E
:10B750000F944F0A29AE422C022D622C91E09CAF2F
:10B7600081E08FAB5524539411E077247394F12C2E
:10B77000E12C912C812C61E070E080E090E00F944E
:10B78000A510309001066091BD0F7091BE0F8091A1
:10B79000BF0F9091C00F20E030E040E85FE333201E
:10B7A00009F4F1C20F94A1AD6093BD0F7093BE0F69
:10B7B0008093BF0F9093C00F1BAE60911E087091D5
:10B7C0001F08072E000C880B990B0F9422AC609376
:10B7D000C50F7093C60F8093C70F9093C80F0E9438
:10B7E00060C70E9473C9809383070E946AC98093CF
:10B7F000820790918307882309F4D2C29111D0C2A5
:10B8000071104FC311114DC351104BC38FA981113A
:10B8100048C39CAD992309F444C3C0901E08D0903E
:10B820001F080E9457C76091C50F7091C60F809185
:10B83000C70F9091C80F0F9480AE8CE69CE00F94D8
:10B8400050006FE974E08CE69CE00E9466F5609120
:10B85000BD0F7091BE0F8091BF0F9091C00F0F94DC
:10B8600080AE8CE69CE00F9450006FE974E08CE6AB
:10B870009CE00E9466F54091C10F5091C20F60910B
:10B88000C30F7091C40F22E030E08CE69CE00E9470
:10B8900064F56FE974E08CE69CE00E9466F56091C7
:10B8A000830770E08CE69CE00F9450006FE974E031
:10B8B0008CE69CE00E9466F56091820770E08CE661
:10B8C0009CE00F94500068E777E78CE69CE00E94CC
:10B8D00052F581E080939506362C602E042D49ACFC
:10B8E00018AE712E512E0E9457C70E944EC760910C
:10B8F000D10681E068278CE00F944F0A20908307DF
:10B90000809182078FABF12CE12C912C812C61E08E
:10B9100070E080E090E00F94A5108BAD882309F4CF
:10B9200099C36091BD0F7091BE0F8091BF0F909130
:10B93000C00F20E030E040E85FE30F94A1AD6093DA
:10B94000BD0F7093BE0F8093BF0F9093C00F609197
:10B950001E0870911F08072E000C880B990B0F947E
:10B9600022AC6093C50F7093C60F8093C70F90935E
:10B97000C80F0E9460C70E9473C9809383070E940A
:10B980006AC98093820790918307992311F40C94DC
:10B9900098E581110C949AE59FA991110C949AE570
:10B9A00031100C949AE561100C949AE501110C94F5
:10B9B0009AE5442011F40C949AE580919606813022
:10B9C00011F40C949AE5A0901E08B0901F080E94F4
:10B9D00057C76091C50F7091C60F8091C70F9091A6
:10B9E000C80F0F9480AE8CE69CE00F9450006FE976
:10B9F00074E08CE69CE00E9466F56091BD0F70914A
:10BA0000BE0F8091BF0F9091C00F0F9480AE8CE657
:10BA10009CE00F9450006FE974E08CE69CE00E947B
:10BA200066F54091C10F5091C20F6091C30F7091A4
:10BA3000C40F22E030E08CE69CE00E9464F56FE9E0
:10BA400074E08CE69CE00E9466F56091830770E0EC
:10BA50008CE69CE00F9450006FE974E08CE69CE06B
:10BA60000E9466F58091820790E00F94560081E075
:10BA7000809396060E9457C77601EA18FB0882E079
:10BA8000E80EF11C95E0E916F104C0F460E374E7F8
:10BA90008CE69CE00E9452F580919506813009F079
:10BAA00020C780919606813009F01BC780939306CA
:10BAB00082E08093940682E08093970665E174E7C4
:10BAC0008CE69CE00E94F3FFB6018CE69CE00F94AC
:10BAD000500060E174E78CE69CE00E94F3FFB50142
:10BAE0008CE69CE00F94500067EE73E78CE69CE0D8
:10BAF0000E94F3FF86010A0D1B1D480117FF03C0BA
:10BB00008FEF881A980A95948794C4010F94560071
:10BB100069ED73E78CE69CE00E94F3FF60911E08DC
:10BB200070911F088CE69CE00F9450006FE973E75A
:10BB30008CE69CE00E94F3FFB4018CE69CE00F943D
:10BB4000500069E873E78CE69CE00E94F3FF17FF62
:10BB500002C00F5F1F4F15950795119501951109AB
:10BB600080911E0890911F08800F911F0F9456001E
:10BB700080911E0890911F08080F191F10931F082D
:10BB800000931E086DE673E78CE69CE00E94F3FFCD
:10BB900080911E0890911F080F94560060911E0816
:10BBA00070911F08CE01C1960F94020320E04FEF61
:10BBB00050E064E670E090E080E00E9493C761E4AA
:10BBC00073E78CE69CE00E94F3FF80911E08909141
:10BBD0001F080F9456000E9473C9809383070E9428
:10BBE0006AC9809382076EE173E78CE69CE00E944D
:10BBF000F3FF60911E0870911F088CE69CE00F9483
:10BC0000500067EF72E78CE69CE00E94F3FF8091A2
:10BC1000D10690E00F9456008091D1066CEA72E74D
:10BC2000811102C06CE272E78CE69CE00E9452F542
:10BC300080918307882321F020908207211055C628
:10BC400069EC71E78CE69CE00E94F3FF609183074A
:10BC500070E08CE69CE00F94500060EB71E78CE69E
:10BC60009CE00E94F3FF8091820790E00F945600C1
:10BC700082E08093970610928D066DEA71E7CE01FF
:10BC800085960E94ADF3B501CE014F960F94020345
:10BC9000B601CE0149960F9402036091820770E0CD
:10BCA000CE0143960F9402036091830770E0CE01AA
:10BCB0000D960F9402036EE871E7CE0101960E9483
:10BCC000ADF3BE016F5F7F4FCE0107960E94B6F3C2
:10BCD000BE01635F7F4FCE0107960E9401F36BEABE
:10BCE00074E00E94EBF2BE016D5E7F4F0E9401F393
:10BCF0006BEA74E00E94EBF2BE01675E7F4F0E9428
:10BD000001F36BEA74E00E94EBF2BE01615E7F4FCB
:10BD10000E9401F3BE016B5D7F4F0E9401F3BC01E5
:10BD2000CE018B960E94B6F3CE0107960E947BF35C
:10BD3000CE0101960E947BF3CE010D960E947BF30B
:10BD4000CE0143960E947BF3CE0149960E947BF37D
:10BD5000CE014F960E947BF3CE0185960E947BF325
:10BD6000BE01655D7F4F8FE09BE00E9468F5CE01CC
:10BD70008B960F94F102CE018B960E947BF3212CBF
:10BD8000CE01C19692C50F94A2AD6093BD0F709382
:10BD9000BE0F8093BF0F9093C00F9AAD9BAF0DCD98
:10BDA000992309F47EC081117CC061107AC0011111
:10BDB00078C0411076C089AD811173C0222009F48A
:10BDC00070C08091D106FF24F3948F258093D10613
:10BDD0003F2430920106A0901E08B0901F080E94D8
:10BDE00057C76091C50F7091C60F8091C70F909192
:10BDF000C80F0F9480AE8CE69CE00F9450006FE962
:10BE000074E08CE69CE00E9466F56091BD0F709135
:10BE1000BE0F8091BF0F9091C00F0F9480AE8CE643
:10BE20009CE00F9450006FE974E08CE69CE00E9467
:10BE300066F54091C10F5091C20F6091C30F709190
:10BE4000C40F22E030E08CE69CE00E9464F56FE9CC
:10BE500074E08CE69CE00E9466F56091830770E0D8
:10BE60008CE69CE00F9450006FE974E08CE69CE057
:10BE70000E9466F56091820770E08CE69CE00F946A
:10BE800050006FE377E78CE69CE00E9452F5F09259
:10BE90009606312C602E402E78AE712E152D5FA89F
:10BEA00022CD95E6E916F104ACF16091BD0F7091D9
:10BEB000BE0F8091BF0F9091C00F2091C50F3091A0
:10BEC000C60F4091C70F5091C80F0F94A1AD20E04D
:10BED00030E0A9010F94B6AE18160CF079C060914D
:10BEE000BD0F7091BE0F8091BF0F9091C00F209138
:10BEF000C50F3091C60F4091C70F5091C80F0F94D6
:10BF0000A1AD20E030E048EC52E40F94B6AE181634
:10BF10000CF478C06091C50F7091C60F8091C70F67
:10BF20009091C80F0F9480AE8CE69CE00F94500067
:10BF30006FE974E08CE69CE00E9466F56091BD0FAD
:10BF40007091BE0F8091BF0F9091C00F0F9480AE83
:10BF50008CE69CE00F9450006FE974E08CE69CE066
:10BF60000E9466F54091C10F5091C20F6091C30FBE
:10BF70007091C40F22E030E08CE69CE00E9464F5F2
:10BF80006FE974E08CE69CE00E9466F5609183079F
:10BF900070E08CE69CE00F9450006FE974E08CE652
:10BFA0009CE00E9466F58091820790E00F94560015
:10BFB0009091830798AF3090820783E388169104AD
:10BFC000A0F161ED76E78CE69CE00E9452F58BCC07
:10BFD0006091BD0F7091BE0F8091BF0F9091C00F07
:10BFE0002091C50F3091C60F4091C70F5091C80FD7
:10BFF0000F94A1AD20E030E048EC52EC0F941BAC64
:10C0000087FF88CF8091D10691E089278093D10660
:10C0100039263092010660E077E78CE69CE00E94CA
:10C0200052F58FEF881A980A75CF9FEFE91AF90A2F
:10C030008FA98CAF29AC90E6E91699E0F90609F4CE
:10C0400052CC49AE402E062D632C5FAA512E172DDF
:10C0500078AC91CB6091BD0F7091BE0F8091BF0FF6
:10C060009091C00F20E030E040E85FE30F94A2AD74
:10C0700066CC21105FC588AD81115CC571105AC5B1
:10C08000111158C5552009F455C580919506813088
:10C0900009F450C5C0901E08D0901F080E9457C7D1
:10C0A0006091C50F7091C60F8091C70F9091C80F16
:10C0B0000F9480AE8CE69CE00F9450006FE974E022
:10C0C0008CE69CE00E9466F56091BD0F7091BE0FFA
:10C0D0008091BF0F9091C00F0F9480AE8CE69CE0D2
:10C0E0000F9450006FE974E08CE69CE00E9466F5C6
:10C0F0004091C10F5091C20F6091C30F7091C40F56
:10C1000022E030E08CE69CE00E9464F56FE974E088
:10C110008CE69CE00E9466F56091830770E08CE6F7
:10C120009CE00F9450006FE974E08CE69CE00E9464
:10C1300066F56091820770E08CE69CE00F945000F9
:10C1400061E776E78CE69CE00E9452F581E08093FF
:10C15000950690CC6091BD0F7091BE0F8091BF0F7E
:10C160009091C00F2091C50F3091C60F4091C70F1D
:10C170005091C80F0F94A1AD20E030E048EC52EC94
:10C180000F941BAC87FF63C58FEF881A980A5FC5B1
:10C1900080919506813009F06DCCA0901E08B0907A
:10C1A0001F0868CC8FEFE81AF80A280190E6E91614
:10C1B00099E0F90609F45ECC062D632C3FA89AADF0
:10C1C0009FAB172D78AC28AE29ACA1CB222009F467
:10C1D000DFC26FED75E78CE69CE00E9452F560913E
:10C1E0001E0870911F08072E000C880B990B0F94E6
:10C1F00022AC6093BD0F7093BE0F8093BF0F9093DE
:10C20000C00F0E944EC76091D10681E068278CE084
:10C210000F944F0A81E089AF55245394332433940B
:10C2200044244394222423941FAA712C10E000E09C
:10C23000F12CE12C912C812C61E070E080E090E009
:10C240000F94A510609001066091BD0F7091BE0F14
:10C250008091BF0F9091C00F20E030E040E85FE395
:10C26000662009F447C10F94A2AD6093BD0F70938F
:10C27000BE0F8093BF0F9093C00F68AE60911E08F1
:10C2800070911F08072E000C880B990B0F9422AC9D
:10C290006093C50F7093C60F8093C70F9093C80F1C
:10C2A0000E9460C70E9473C9809383070E946AC975
:10C2B0008093820790918307992309F427C1811104
:10C2C00025C1211023C1411021C131101FC15110BE
:10C2D0001DC199AD992309F419C1A0901E08B09011
:10C2E0001F080E9457C76091C50F7091C60F8091BB
:10C2F000C70F9091C80F0F9480AE8CE69CE00F940E
:10C3000050006FE974E08CE69CE00E9466F5609155
:10C31000BD0F7091BE0F8091BF0F9091C00F0F9411
:10C3200080AE8CE69CE00F9450006FE974E08CE6E0
:10C330009CE00E9466F54091C10F5091C20F609140
:10C34000C30F7091C40F22E030E08CE69CE00E94A5
:10C3500064F56FE974E08CE69CE00E9466F56091FC
:10C36000830770E08CE69CE00F9450006FE974E066
:10C370008CE69CE00E9466F58091820790E00F9425
:10C38000560081E080939606602E012F172D7FA81E
:10C390000E9457C70E944EC76091D1068CE00F944F
:10C3A0004F0A9090830720E6E22E29E0F22E61E00A
:10C3B00070E080E090E00F94A51088AD882309F428
:10C3C0007BC16091BD0F7091BE0F8091BF0F9091A6
:10C3D000C00F20E030E040E85FE30F94A1AD609330
:10C3E000BD0F7093BE0F8093BF0F9093C00F6091ED
:10C3F0001E0870911F08072E000C880B990B0F94D4
:10C4000022AC6093C50F7093C60F8093C70F9093B3
:10C41000C80F0E9460C70E9473C9809383070E945F
:10C420006AC980938207882309F455C180918307E4
:10C43000811151C191104FC161104DC101114BC10A
:10C44000111149C1772009F446C1C0901E08D0904F
:10C450001F080E9457C76091C50F7091C60F809149
:10C46000C70F9091C80F0F9480AE8CE69CE00F949C
:10C4700050006FE974E08CE69CE00E9466F56091E4
:10C48000BD0F7091BE0F8091BF0F9091C00F0F94A0
:10C4900080AE8CE69CE00F9450006FE974E08CE66F
:10C4A0009CE00E9466F54091C10F5091C20F6091CF
:10C4B000C30F7091C40F22E030E08CE69CE00E9434
:10C4C00064F56FE974E08CE69CE00E9466F560918B
:10C4D000830770E08CE69CE00F9450006FE974E0F5
:10C4E0008CE69CE00E9466F58091820790E00F94B4
:10C4F00056002CCE0F94A1AD6093BD0F7093BE0F6C
:10C500008093BF0F9093C00F18AEB8CE85E6E816A3
:10C51000F104ACF16091BD0F7091BE0F8091BF0F1F
:10C520009091C00F2091C50F3091C60F4091C70F59
:10C530005091C80F0F94A1AD20E030E0A9010F94F5
:10C54000B6AE18160CF078C06091BD0F7091BE0F9A
:10C550008091BF0F9091C00F2091C50F3091C60FF1
:10C560004091C70F5091C80F0F94A1AD20E030E06B
:10C5700048EC52E40F94B6AE18160CF477C06091F4
:10C58000C50F7091C60F8091C70F9091C80F0F947F
:10C5900080AE8CE69CE00F9450006FE974E08CE66E
:10C5A0009CE00E9466F56091BD0F7091BE0F809176
:10C5B000BF0F9091C00F0F9480AE8CE69CE00F945B
:10C5C00050006FE974E08CE69CE00E9466F54091B3
:10C5D000C10F5091C20F6091C30F7091C40F22E040
:10C5E00030E08CE69CE00E9464F56FE974E08CE634
:10C5F0009CE00E9466F56091830770E08CE69CE009
:10C600000F9450006FE974E08CE69CE00E9466F5A0
:10C610008091820790E00F9456006090830780918C
:10C62000820793E389169104A0F161E775E78CE630
:10C630009CE00E9452F5ACCE6091BD0F7091BE0F90
:10C640008091BF0F9091C00F2091C50F3091C60F00
:10C650004091C70F5091C80F0F94A1AD20E030E07A
:10C6600048EC52EC0F941BAC87FF89CF8091D10628
:10C6700091E089278093D10669266092010660EADD
:10C6800075E78CE69CE00E9452F58FEF881A980AB5
:10C6900076CF9FEFE91AF90A7FAA59AE90E6E9161C
:10C6A00099E0F90609F474CE532C342C422C282E30
:10C6B000712E102F062DC0CD6091BD0F7091BE0F51
:10C6C0008091BF0F9091C00F20E030E040E85FE321
:10C6D0000F94A2AD84CE6091C50F7091C60F80916A
:10C6E000C70F9091C80F0F9480AE8CE69CE00F941A
:10C6F00050006FE974E08CE69CE00E9466F5609162
:10C70000BD0F7091BE0F8091BF0F9091C00F0F941D
:10C7100080AE8CE69CE00F9450006FE974E08CE6EC
:10C720009CE00E9466F54091C10F5091C20F60914C
:10C73000C30F7091C40F22E030E08CE69CE00E94B1
:10C7400064F56FE974E08CE69CE00E9466F5609108
:10C75000830770E08CE69CE00F9450006FE974E072
:10C760008CE69CE00E9466F58091820790E00F9431
:10C77000560091E0E91AF10880918307712EE114C7
:10C78000F10409F477C9102F062D692C982E0FCECD
:10C7900060E075E78CE69CE00E9452F582E08093B1
:10C7A000950680939606809397066DEF74E7CE0109
:10C7B0008B960E94ADF3B501CE0185960F940203CE
:10C7C000B601CE014F960F9402036091820770E08C
:10C7D000CE0149960F9402036091830770E0CE0169
:10C7E00043960F9402036EED74E7CE0107960E9404
:10C7F000ADF3BE01695F7F4FCE010D960E94B6F387
:10C80000BE016D5E7F4FCE010D960E9401F36BEA73
:10C8100074E00E94EBF2BE01675E7F4F0E9401F35D
:10C820006BEA74E00E94EBF2BE01615E7F4F0E94F2
:10C8300001F36BEA74E00E94EBF2BE016B5D7F4F87
:10C840000E9401F3BE01655D7F4F0E9401F3BC01B0
:10C85000CE0101960E94B6F3CE010D960E947BF3A5
:10C86000CE0107960E947BF3CE0143960E947BF394
:10C87000CE0149960E947BF3CE014F960E947BF336
:10C88000CE0185960E947BF3CE018B960E947BF3AE
:10C89000BE016F5F7F4F8FE09BE00E9468F5CE0185
:10C8A00001960F94F102CE0101960E947BF3822D36
:10C8B000EC960FB6F894DEBF0FBECDBFDF91CF91DF
:10C8C0001F910F91FF90EF90DF90CF90BF90AF90AE
:10C8D0009F908F907F906F905F904F903F902F90A0
:10C8E000089582E080939306E4C895E0E916F10488
:10C8F00008F08CC063E371E78CE69CE00E9452F57F
:10C9000082E08093970610928D0660E371E7CE0176
:10C910008B960E94ADF3B501CE0185960F9402036C
:10C92000B601CE014F960F9402036091820770E02A
:10C93000CE0149960F9402036091830770E0CE0107
:10C9400043960F94020363E171E7CE0107960E94BC
:10C95000ADF3BE01695F7F4FCE010D960E94B6F325
:10C96000BE016D5E7F4FCE010D960E9401F36BEA12
:10C9700074E00E94EBF2BE01675E7F4F0E9401F3FC
:10C980006BEA74E00E94EBF2BE01615E7F4F0E9491
:10C9900001F36BEA74E00E94EBF2BE016B5D7F4F26
:10C9A0000E9401F3BE01655D7F4F0E9401F3BC014F
:10C9B000CE0101960E94B6F3CE010D960E947BF344
:10C9C000CE0107960E947BF3CE0143960E947BF333
:10C9D000CE0149960E947BF3CE014F960E947BF3D5
:10C9E000CE0185960E947BF3CE018B960E947BF34D
:10C9F000BE016F5F7F4F8FE09BE00E9468F5CE0124
:10CA000001960F94F102CE010196B7C96CED70E763
:10CA10008CE69CE00E9452F569ED70E7CE018B96A2
:10CA20000E94ADF3B501CE0185960F940203B601C5
:10CA3000CE014F960F9402036091820770E0CE0101
:10CA400049960F9402036091830770E0CE014396EC
:10CA50000F9402036AEB70E7CE0107960E94ADF3D4
:10CA6000BE01695F7F4FCE010D960E94B6F3BE01F5
:10CA70006D5E7F4FCE010D960E9401F36BEA74E06C
:10CA80000E94EBF2BE01675E7F4F0E9401F36BEAEA
:10CA900074E00E94EBF2BE01615E7F4F0E9401F3E1
:10CAA0006BEA74E00E94EBF2BE016B5D7F4F0E9467
:10CAB00001F3BE01655D7F4F0E9401F3BC01CE0111
:10CAC00001960E94B6F3CE010D960E947BF3CE0133
:10CAD00007960E947BF3CE0143960E947BF3CE0122
:10CAE00049960E947BF3CE014F960E947BF3CE01C4
:10CAF00085960E947BF3CE018B960E947BF3BE014C
:10CB00006F5F7F4F8FE09BE00E9468F5CE0101963A
:10CB10000F94F10281E080939706809393068093AF
:10CB2000940680938D06CE0101960E947BF328C95E
:10CB300081119FCA6091C50F7091C60F8091C70F78
:10CB40009091C80F0F9480AE8CE69CE00F9450003B
:10CB50006FE974E08CE69CE00E9466F56091BD0F81
:10CB60007091BE0F8091BF0F9091C00F0F9480AE57
:10CB70008CE69CE00F9450006FE974E08CE69CE03A
:10CB80000E9466F54091C10F5091C20F6091C30F92
:10CB90007091C40F22E030E08CE69CE00E9464F5C6
:10CBA0006FE974E08CE69CE00E9466F56091830773
:10CBB00070E08CE69CE00F9450006FE974E08CE626
:10CBC0009CE00E9466F58091820790E00F945600E9
:10CBD0009091830799AF809182078AAF95E6E91615
:10CBE000F104ACF16091BD0F7091BE0F8091BF0F49
:10CBF0009091C00F2091C50F3091C60F4091C70F83
:10CC00005091C80F0F94A1AD20E030E0A9010F941E
:10CC1000B6AE18160CF09ECA6091BD0F7091BE0F93
:10CC20008091BF0F9091C00F2091C50F3091C60F1A
:10CC30004091C70F5091C80F0F94A1AD20E030E094
:10CC400048EC52E40F94B6AE18160CF49DCA93E368
:10CC50008916910408F4A6CA63E276E78CE69CE0A4
:10CC60000E9452F580919606813009F091CAC090D9
:10CC70001E08D0901F080C943ADDAF92BF92CF925D
:10CC8000DF92EF92FF920F931F93CF93DF9300D029
:10CC900000D0CDB7DEB76DE77DE68CE69CE00E9464
:10CCA000F3FF8091490290914A020F94640169E672
:10CCB0007DE68CE69CE00E94F3FF80914B02909110
:10CCC0004C020F94640160E57DE68CE69CE00E94D6
:10CCD000F3FF80914D0290914E020F94640167E33F
:10CCE0007DE68CE69CE00E94F3FF80914F029091DC
:10CCF00050020F9464016BE27DE68CE69CE00E949A
:10CD0000F3FF80915102909152020F94640166E109
:10CD10007DE68CE69CE00E94F3FF609153027091E7
:10CD20005402809155029091560242E050E00F94D7
:10CD30002E036CEF7CE68CE69CE00E94F3FF609192
:10CD40005702709158028091590290915A020F94A3
:10CD5000A30962EE7CE68CE69CE00E94F3FF609102
:10CD60005B0270915C0280915D0290915E020F9473
:10CD7000A30966EC7CE68CE69CE00E94F3FF6091E0
:10CD80005F0270916002809161029091620242E0C4
:10CD900050E00F942E036BEA7CE68CE69CE00E9448
:10CDA000F3FF80916302909164020F94560095E620
:10CDB000C92E92E0D92E23ECA22E23E0B22E09EC4C
:10CDC00012E0F12CE12C61E97CE68CE69CE00E940B
:10CDD000F3FFB7018CE69CE00F9450006CE87CE612
:10CDE0008CE69CE00E94F3FFF601819191916F0126
:10CDF0000F9456006EE67CE68CE69CE00E94F3FF02
:10CE0000B7018CE69CE00F94500069E67CE68CE666
:10CE10009CE00E94F3FFF50181915F0190E00F9487
:10CE200056006AE57CE68CE69CE00E94F3FFB701C1
:10CE30008CE69CE00F94500065E57CE68CE69CE077
:10CE40000E94F3FFF80180818A3028F460E38CE6C9
:10CE50009CE00F941C00F80180810F946A00F80197
:10CE600081818A3028F460E38CE69CE00F941C00FA
:10CE7000F80181810F946A00F80182818A3028F4D8
:10CE800060E38CE69CE00F941C00F80182810F9413
:10CE90006A00F80183818A3028F460E38CE69CE024
:10CEA0000F941C00F80183810F946A00F8018481BB
:10CEB0008A3028F460E38CE69CE00F941C00F801B3
:10CEC00084810F947300FFEFEF1AFF0A0B5F1F4F6F
:10CED00082E3E816F10409F076CF0E9415AB65E213
:10CEE0007CE68CE69CE00E94F3FF4091EC055091BB
:10CEF000ED056091EE057091EF058CE69CE00F94D6
:10CF00001E006AE17CE68CE69CE00E94F3FF8091C3
:10CF10005B0790915C070F94560067E07CE68CE617
:10CF20009CE00E94F3FF8091F50390E00F9456007F
:10CF300062EF7BE68CE69CE00E94F3FF8091F603B3
:10CF400090E00F9456006BED7BE68CE69CE00E942F
:10CF5000F3FF8091F7030F94730063EC7BE68CE69C
:10CF60009CE00E94F3FF809148020F9473006DE9EA
:10CF70007BE68CE69CE00E94F3FF8091F80390E052
:10CF80000F9456006EE87BE68CE69CE00E94F3FF6F
:10CF90008091070490E00F94560066E67BE68CE6ED
:10CFA0009CE00E94F3FF8091FE0390E00F945600F6
:10CFB0006CE47BE68CE69CE00E94F3FF8091F90331
:10CFC0008A3028F460E38CE69CE00F941C0080918A
:10CFD000F9030F946A008091FA038A3028F460E321
:10CFE0008CE69CE00F941C008091FA030F946A0079
:10CFF0008091FB038A3028F460E38CE69CE00F9478
:10D000001C008091FB030F946A008091FC038A301E
:10D0100028F460E38CE69CE00F941C008091FC03F4
:10D020000F946A008091FD038A3028F460E38CE657
:10D030009CE00F941C008091FD030F94730061E34A
:10D040007BE68CE69CE00E94F3FF8091090490E06F
:10D050000F94560068E17BE68CE69CE00E94F3FFAB
:10D060000AE014E0F80181918F01803128F460E337
:10D070008CE69CE00F941C0040E1F8013197608140
:10D08000CE0101960E9483F3BE016F5F7F4F8CE655
:10D090009CE00E9468F5CE0101960E947BF3F4E0CB
:10D0A0000B311F07F9F68CE69CE00E944EF56FEEFF
:10D0B0007AE68CE69CE00E94F3FF8091040490E005
:10D0C0000F94560064ED7AE68CE69CE00E94F3FF34
:10D0D0008091FF038A3028F460E38CE69CE00F9493
:10D0E0001C008091FF030F946A00809100048A3035
:10D0F00028F460E38CE69CE00F941C00809100040F
:10D100000F946A00809101048A3028F460E38CE671
:10D110009CE00F941C00809101040F946A008091A0
:10D1200002048A3028F460E38CE69CE00F941C0033
:10D13000809102040F946A00809103048A3028F4DD
:10D1400060E38CE69CE00F941C00809103040F9434
:10D15000730068EB7AE68CE69CE00E94F3FF809116
:10D160001B0490E00F9456006EE97AE68CE69CE092
:10D170000E94F3FF0CE114E08DE2E82E84E0F82E2B
:10D18000F80181918F01803128F460E38CE69CE006
:10D190000F941C0040E1F80131976081CE010196A7
:10D1A0000E9483F3BE016F5F7F4F8CE69CE00E947C
:10D1B00068F5CE0101960E947BF3E016F10601F7B7
:10D1C0008CE69CE00E944EF565E77AE68CE69CE0F2
:10D1D0000E94F3FF8091080490E00F9456006EE5E2
:10D1E0007AE68CE69CE00E94F3FF80912E049091F9
:10D1F0002F040F94560060E57AE68CE69CE00E94CE
:10D20000F3FF809130040F9473006BE37AE68CE6B1
:10D210009CE00E94F3FF809131040F94730066E25A
:10D220007AE68CE69CE00E94F3FF809105040F945F
:10D23000730061E17AE68CE69CE00E94F3FF809146
:10D2400006040F9473006AEF79E68CE69CE00E9476
:10D25000F3FF80912D0490E00F94560026960FB6B0
:10D26000F894DEBF0FBECDBFDF91CF911F910F911C
:10D27000FF90EF90DF90CF90BF90AF90089508950A
:10D2800008950895AF92BF92CF92DF92EF92FF92EE
:10D290000F931F93CF93DF936C017B018B01040FDE
:10D2A000151FEB015E01AE18BF08C017D10759F07A
:10D2B0006991D601ED91FC910190F081E02DC601BC
:10D2C0001995892B79F7C501DF91CF911F910F91A6
:10D2D000FF90EF90DF90CF90BF90AF900895FC014A
:10D2E000A089B1898C91A689B78982FD0EC09C91D5
:10D2F000818D8F5F228D821749F0A18DAE0FBF2FD8
:10D30000B11D5D969C93818F08958C910895FC01C9
:10D31000538D448D252F30E0842F90E0821B930B9A
:10D32000541710F0CF96089501970895FC01918D40
:10D33000828D981759F0A28DAE0FBF2FB11D5D964B
:10D340008C91928D9F5F928F90E008958FEF9FEF69
:10D350000895FC01918D828D981731F0828DE80F30
:10D36000F11D858D90E008958FEF9FEF0895FC01EA
:10D37000918D828D981B892F90E0089585E598E026
:10D380000E94B7E921E0892B09F420E0822F08955B
:10D3900082EB99E00E94B7E921E0892B09F420E0B3
:10D3A000822F08958FE09BE00E94B7E921E0892B4E
:10D3B00009F420E0822F08958CE69CE00E94B7E9F2
:10D3C00021E0892B09F420E0822F0895FC01A48D2F
:10D3D000A80FB92FB11DA35EBE4F2C91848D90E094
:10D3E00001968F739927848FA689B7892C93A0897A
:10D3F000B1898C91837080648C93938D848D981304
:10D4000006C00288F389E02D80818F7D8083089596
:10D41000EF92FF920F931F93CF93DF93EC0181E084
:10D42000888F9B8D8C8D98131AC0E889F98980812B
:10D4300085FF15C09FB7F894EE89FF896083E8895E
:10D44000F98980818370806480839FBF81E090E050
:10D45000DF91CF911F910F91FF90EF900895F62EDD
:10D460000B8D10E00F5F1F4F0F731127E02E8C8D77
:10D470008E110CC00FB607FCFACFE889F9898081BC
:10D4800085FFF5CFCE010E94E6E9F1CFEB8DEC0FE1
:10D49000FD2FF11DE35EFE4FF0829FB7F8940B8FD6
:10D4A000EA89FB8980818062CFCFCF93DF93EC0143
:10D4B000888D8823B9F0AA89BB89E889F9898C917C
:10D4C00085FD03C0808186FD0DC00FB607FCF7CF38
:10D4D0008C9185FFF2CF808185FFEDCFCE010E9438
:10D4E000E6E9E9CFDF91CF91089580E090E0892BC4
:10D4F00029F00E94DCE981110E94000080E090E0A8
:10D50000892B29F00E94D2E981110E94000080E05D
:10D5100090E0892B29F00E94C8E981110E94000047
:10D5200080E090E0892B29F00E94BEE981110C94E3
:10D5300000000895DC01ED91FC9111972481358163
:10D5400047705527662777274150510961097109AE
:10D55000473051056105710570F4FA018827EC54D4
:10D56000F5418F4F0D9418B0BFEAC1EAC3EAC5EA8E
:10D57000C7EAC9EACBEA61E0CD01F901199465E097
:10D58000FBCF64E0F9CF66E0F7CF62E0F5CF6AE069
:10D59000F3CF68E0F1CF69E0EFCFCF93DF93EC01F9
:10D5A000CB01BA0126E030E040E050E00F94F9AF43
:10D5B000623071058105910589F16CF46115710581
:10D5C00081059105D1F06130710581059105F9F072
:10D5D000DF91CF910895643071058105910561F166
:10D5E00024F1653071058105910591F7E881F98194
:10D5F0000480F581E02D66E006C0E881F9810480B1
:10D60000F581E02D64E0CE01DF91CF911994E8819E
:10D61000F9810480F581E02D65E0F5CFE881F9819D
:10D620000480F581E02D61E0EECFE881F98104808E
:10D63000F581E02D63E0E7CFE881F9810480F58191
:10D64000E02D62E0E0CFDC01ED91FC910480F581FA
:10D65000E02D437055276627772742305105610535
:10D66000710571F0433051056105710559F0413084
:10D6700051056105710511F065E0199466E0FDCF73
:10D680006AE0FBCF69E0F9CFCF93DF93EC01CB01E8
:10D69000BA0123E030E040E050E00F94F9AF613090
:10D6A00071058105910599F062307105810591053B
:10D6B000A9F0672B682B692BC1F4E881F9810480FC
:10D6C000F581E02D64E0CE01DF91CF911994E881DE
:10D6D000F9810480F581E02D61E0F5CFE881F981E1
:10D6E0000480F581E02D62E0EECFDF91CF910895C7
:10D6F000DC01ED91FC910480F581E02D437055270C
:10D7000066277727423051056105710571F0433076
:10D7100051056105710559F04130510561057105EB
:10D7200011F062E0199463E0FDCF61E0FBCF60E0AF
:10D73000F9CFCF93DF93EC01E881F9810480F58183
:10D74000E02D8A8160E0811162E0CE011995E881C7
:10D75000F9810480F581E02D8A8161E0811163E027
:10D76000CE0119958CA59DA58230910538F0880FC2
:10D77000991F880F991F05970197F1F7E881F981A3
:10D780000480F581E02D8A8160E0811162E0CE01A4
:10D79000DF91CF911994CF93DF93EC0120E030E03B
:10D7A000A9016C897D898E899F890F94B6AE181660
:10D7B0002CF4E8A9F9A9DF91CF911994EAA9FBA962
:10D7C000FACFDC011396EC911397E93008F042C0D0
:10D7D000F0E08827E151F4418F4F0D9418B0F8EB39
:10D7E00000EC07EC0EEC15EC2AEC1CEC2AEC23EC1C
:10D7F000ED91FC9111970084F185E02DCD011994F4
:10D80000ED91FC9111970284F385E02DF7CFED9116
:10D81000FC9111970484F585E02DF0CFED91FC91FA
:10D8200011970684F785E02DE9CFED91FC911197D2
:10D830000088F189E02DE2CFED91FC9111970288EB
:10D84000F389E02DDBCFED91FC9111970488F589E8
:10D85000E02DD4CF08954F925F926F927F928F9276
:10D860009F92AF92BF92CF92DF92EF92FF920F936F
:10D870001F93CF93DF93EC01C888D988EA88FB888F
:10D880008C859D85AE85BF85C81AD90AEA0AFB0A30
:10D890006C897D898E899F899B01AC010F9481AC35
:10D8A0004B015C016C8D7D8D8E8D9F8D9B01AC013C
:10D8B0000F94A2AD9B01AC01C501B4010F940EAE53
:10D8C0000F9480AEC114D104E104F10409F0B1C099
:10D8D00062307105810591050CF0CBC01CA21DA220
:10D8E0001EA21FA21C8A1D8A1E8A1F8A1CAA1DAA8C
:10D8F0001EAA1FAADF91CF911F910F91FF90EF9069
:10D90000DF90CF90BF90AF909F908F907F906F905F
:10D910005F904F9008951016110612061306B4F486
:10D920006C157D058E059F051CF42A812111A1C06F
:10D930009B01AC0188279927DC01821B930BA40B68
:10D94000B50B8CAB9DABAEABBFAB93C00115110556
:10D950002105310509F48DC06C157D058E059F05E7
:10D960000CF087C08A81882309F483C03095209504
:10D97000109501951F4F2F4F3F4F0CAB1DAB2EAB9A
:10D980003FAB77C0011511052105310509F471C0C0
:10D990008824992454018C189D08AE08BF08681586
:10D9A00079058A059B050CF064C08A81811161C0EC
:10D9B000DDCFCCACDDACEEACFFACA7019601C7016E
:10D9C000B6010F94A2AD2B013C01C501B4010F9427
:10D9D00022AC20E030E040E850E40F9481AC20E03D
:10D9E00030E040E85FE30F94A2AD9B01AC01C301BE
:10D9F000B2010F940EAE9B01AC01C701B6010F94AA
:10DA0000A1AD3B016C01FE01E05CFF4FE080F180C5
:10DA1000028113819701A8010F94B6AE181614F471
:10DA200073018601C701D8018CAF9DAFAEAFBFAF08
:10DA30003AC00CA91DA92EA93FA91C141D041E043F
:10DA40001F040CF468CF10161106120613060CF012
:10DA500099CF0027112798010C191D092E093F099C
:10DA600060177107820793070CF062CF2A8121119A
:10DA70005FCF8CA89DA8AEA8BFA881149104A10473
:10DA8000B10409F096CF88AD99ADAAADBBAD8CAF0E
:10DA90009DAFAEAFBFAF81E01C141D041E041F0478
:10DAA0000CF080E08A833FEF831A930AA30AB30A3B
:10DAB0008CAA9DAAAEAABFAACCACDDACEEACFFACE2
:10DAC000C701B6010F9487AE6CA37DA38EA39FA35D
:10DAD000A701960160E074E284E799E40F940EAE2A
:10DAE0006C8B7D8B8E8B9F8B2A81211103CF90585D
:10DAF0006C8B7D8B8E8B9F8BFDCE20913307260FF9
:10DB00003327331F21323105ECF42091F407FC0157
:10DB100090E080E0243069F082E00895A09133071E
:10DB20002191AC014D5E584FA40FB52FB11D2C9320
:10DB30000196861798F380913307680F6093330737
:10DB400080E0089581E008950895E091AD07809107
:10DB5000AC07E81730F4F0E0E255F84F808190E030
:10DB600008958FEF9FEF08959091AD078091AC07D6
:10DB70002FEF3FEF981748F4E92FF0E0E255F84F08
:10DB8000208130E09F5F9093AD07C9010895809197
:10DB9000AC079091AD07891B990B0895CF92DF9246
:10DBA000EF92FF920F931F93CF93DF937C01CB01F2
:10DBB0008A012091FA07222389F0EB016B01C40E40
:10DBC000D51ECC15DD0569F06991D701ED91FC9169
:10DBD0000190F081E02DC7011995F3CF642F0E94C9
:10DBE0007DEDC801DF91CF911F910F91FF90EF90D4
:10DBF000DF90CF900895CF93DF931F92CDB7DEB71C
:10DC000069832091FA072223F9F020911D08203220
:10DC100058F021E030E0FC013383228390E080E083
:10DC20000F90DF91CF9108958091FB07E82FF0E0EE
:10DC3000E450F84F998190838F5F8093FB07809326
:10DC40001D0881E090E0ECCF61E0CE0101960E94DA
:10DC50007DEDF7CF2091D70D3091D80D28173907DA
:10DC600071F49091D50D8091D60D981741F0E09107
:10DC7000D50DF0E0EE52F94F808190E008958FEFDE
:10DC80009FEF0895EF92FF920F931F93CF93DF932F
:10DC9000DC015C96ED90FC905D97E114F10479F461
:10DCA00081E090E013969C938E93129790E080E031
:10DCB000DF91CF911F910F91FF90EF9008955196B2
:10DCC000ED91FC91529750968C915097982F90958A
:10DCD0000FB75E962C915E97122F127021FD609502
:10DCE000F8942081112319F1282B2083E701219733
:10DCF000F1F728E0462F50E0308160FF1AC0382B42
:10DD00003083E7012197F1F7BA01759567952150A6
:10DD100089F7112381F08081892380830FBF5C966E
:10DD20008D919C910197F1F781E090E0C1CF29237B
:10DD3000DCCF3923E5CF9081892BEFCF2091D70D10
:10DD40003091D80D2817390771F48091D60D2091A4
:10DD5000D50D90E0805C9F4F821B910960E470E0DC
:10DD60000F94E5AF089590E080E008952091D70DDD
:10DD70003091D80D28173907B9F49091D50D8091BD
:10DD8000D60D981789F0E091D50DF0E0EE52F94FDD
:10DD900080812091D50D30E02F5F3F4F2F733327C7
:10DDA0002093D50D90E008958FEF9FEF089590E0B8
:10DDB00080E00895CF93DF93FC012381222359F162
:10DDC000EC0161E084810F94260C61E08D810F9459
:10DDD000260C8B81843011F08830B1F461E08E81A3
:10DDE0000F94260C61E08F810F94260C8FA58F3F36
:10DDF00091F061E00F94260C6EA581E068278FA555
:10DE0000DF91CF910D944F0A833011F0863071F776
:10DE100061E08E81E9CFDF91CF910895CF93DF93B9
:10DE2000FC0123812223A9F0EC010190F081E02D77
:10DE30000480F581E02D60E019958FA58F3F49F0B2
:10DE400061E00F94260C6EA58FA5DF91CF910D9404
:10DE50004F0ADF91CF910895CF92DF92EF92FF9218
:10DE60000F931F93CF93DF93DC011396CC91C430B3
:10DE700039F0C83059F1C33019F0C63049F1C2E069
:10DE80008C010C5F1F4FF12CE12CC62ED12CD1E060
:10DE9000F8016481C6010E2C02C0959587950A94FD
:10DEA000E2F780FD6D270F5F1F4F80810F944F0AAF
:10DEB000BFEFEB1AFB0AEC1658F3DF91CF911F91DD
:10DEC0000F91FF90EF90DF90CF900895C4E0D8CFEE
:10DED000C3E0D6CFCF93DF93EC018E819F8197FD76
:10DEE00007C061E00F94260C60E08E810F944F0A0A
:10DEF00081E08983DF91CF9108951092F40781E04A
:10DF00008093F3071092CE0761E084E10F944F0AEB
:10DF100061E085E10F944F0AE9EBF0E080818E7FAC
:10DF2000808380818D7F808388E48093B80085E43E
:10DF30008093BC0008950D94C3B00F931F93CF93AB
:10DF4000DF93EC0188819981009759F02A813B8108
:10DF50002617370730F081E0DF91CF911F910F91A5
:10DF600008958B016F5F7F4F0F944CB1009759F06C
:10DF7000998388831B830A832C813D81232B59F746
:10DF8000FC011082E8CF80E0E7CFEF92FF920F9381
:10DF90001F93CF93DF936115710541F480E0DF910A
:10DFA000CF911F910F91FF90EF900895411551056A
:10DFB000B1F07B01EC010C811D81040F151FB8012C
:10DFC0000E949DEF882351F3288139818C819D81A6
:10DFD000B701820F931F0F9471B21D830C8381E0F0
:10DFE000DECFCF93DF93EC018B818823A1F0888172
:10DFF00091E09093FA0780931C081092FB0710920F
:10E000001D0881E00F945E0D91E0811190E0892F51
:10E01000DF91CF9108951092AD071092AC07109246
:10E02000FB0710921D080E947DEF8FE399EE9093FD
:10E0300058078093570780E499EE90935A0780938E
:10E04000590781E08B83CE010E94F1EF982F811157
:10E05000CECFDDCFFC0180819181009711F00D942E
:10E060008BA760E070E0CB010895AF92BF92CF9292
:10E07000DF92EF92FF920F931F93CF93DF93DC0118
:10E08000CD90DC901197C114D10439F01496CD9144
:10E09000DC918C017601209761F4DF91CF911F9183
:10E0A0000F91FF90EF90DF90CF90BF90AF900895C9
:10E0B00075015701BFEFAB1ABB0AF7018081082E2B
:10E0C000000C990B0F94B2A7892B91F72197CC0DD7
:10E0D000DD1D8881082E000C990B0F94B2A7892BA7
:10E0E00029F0CE15DF0510F02197F3CFAE014F5F79
:10E0F0005F4F4E195F09D80115965C934E931497A4
:10E10000CE14DF0420F4B701C6010F9442B2D80147
:10E11000ED91FC91119714968D919C91E80FF91F48
:10E120001082BBCF2F923F924F925F926F927F925D
:10E130008F929F92AF92BF92CF92DF92EF92FF9217
:10E140000F931F93CF93DF9300D01F92CDB7DEB70D
:10E15000FC01448055804114510409F412C1FB01B3
:10E16000648075806114710409F40BC17A016B013C
:10E170009C838B83FA01A480B580A618B708FC01A4
:10E1800000811181A114B104B9F4F601608171819B
:10E19000C8010F9478B28C01009709F4F2C0F7011E
:10E1A00060817181448155810F9442B2F70184816D
:10E1B0009581080F191FE9CFB7FC10C0FB01208023
:10E1C00031804201C801B1010F9478B2009709F47F
:10E1D0004EC0860D971D8A0C9B1CF5CF3801F601A9
:10E1E00060817181C8010F9478B22C01009729F1E8
:10E1F0004C01801A910AA401B801C3010F9442B2E4
:10E20000680C791CF7016081718144815581C301DB
:10E210000F9442B2F70184809580680C791CF60156
:10E2200004811581040D151DEB81FC81848195818C
:10E230008A0D9B1D95838483D2CFB801C3010F90B3
:10E240000F900F900F90DF91CF911F910F91FF9042
:10E25000EF90DF90CF90BF90AF909F908F907F9086
:10E260006F905F904F903F902F900D9471B2481433
:10E27000590409F486C0EB81FC8182819381881561
:10E28000990578F4B4016F5F7F4FC8010F944CB1CA
:10E29000009709F476C0EB81FC819183808393829F
:10E2A0008282EB81FC81048115810150110917FDE7
:10E2B00068C03801F601248035802114310409F446
:10E2C00060C0EB81FC81848095808114910409F405
:10E2D00058C08214930408F454C00815190520F09E
:10E2E0003401F1E06F1A7108EB81FC8140805180AC
:10E2F000C2010FEF1FEF9201260D371D3A832983CC
:10E30000E981FA81E817F90788F0F60160817181E7
:10E310000F9478B2009751F09C01241935096216C8
:10E32000730608F4980101968901EACF17FD29C008
:10E33000200E311EC201820D931DA4014219530902
:10E34000BC018A0D9B1D0F944BB2EB81FC81848133
:10E3500095818A0D9B1D9583848320813181820F55
:10E36000931FFC011082EB81FC8180819181F70178
:10E370006081718144815581800F911F0F9442B259
:10E3800094CF0F900F900F900F90DF91CF911F912E
:10E390000F91FF90EF90DF90CF90BF90AF909F9044
:10E3A0008F907F906F905F904F903F902F90089547
:10E3B000CF93DF93DC0114962D913C911597232B7D
:10E3C00079F0FB01CD91DC9160817181CE010F94D8
:10E3D00078B2009729F08C1B9D0BDF91CF910895A7
:10E3E0008FEF9FEFFACFCF93DF93FC01248135812C
:10E3F000232B79F0C081D181062E000C770BCE0142
:10E400000F945DB2009729F08C1B9D0BDF91CF918B
:10E4100008958FEF9FEFFACFFC0124813581232BE4
:10E4200039F421E0FB018081882349F020E007C016
:10E43000808191810F9468B221E0892BB9F7822FF6
:10E440000895FC0124813581FB0144815581241705
:10E450003507E1F4FC0180819181FB0160817181CC
:10E460000097D1F061157105A1F4232BC1F0FC01D7
:10E47000808190E008C0232B91F0FB01808190E027
:10E4800091958195910921E0892B09F020E0822F57
:10E4900008950F9468B2F7CF6115710561F721E017
:10E4A000F6CFEF92FF920F931F93CF93DF93EC0180
:10E4B0007B01CB010F94C2A70097A9F00C811D81AD
:10E4C000080F191FB801CE010E949DEF882361F04B
:10E4D000288139818C819D81B701820F931F0F9410
:10E4E000BBA71D830C8381E0DF91CF911F910F911A
:10E4F000FF90EF900895CF93DF931F921F92CDB7B7
:10E50000DEB769831A8241E050E0BE016F5F7F4F42
:10E510000E94C5EF0F900F90DF91CF910895FB01FE
:10E5200001900020E9F73197AF01461B570B0C947F
:10E53000C5EFFB0144815581608171810C94C5EF69
:10E540000F931F93CF93DF938C01EB01FC0180812C
:10E5500091810097E1F06881798161157105A9F0D9
:10E56000428153812C813D814217530770F00F94F3
:10E5700071B28C819D81F801958384831D821C82F8
:10E58000DF91CF911F910F9108950F94C3B08881AF
:10E590009981F801918380838A819B81938382830F
:10E5A0008C819D8195838483198218821B821A82B3
:10E5B000E5CFCF93DF93EC0188819981009711F02B
:10E5C0000F94C3B0198218821D821C821B821A828A
:10E5D000DF91CF910895CF93DF93EC01FB01019080
:10E5E0000020E9F73197AF01461B570B0E94C5EF9A
:10E5F000811103C0CE010E94D9F2CE01DF91CF91EB
:10E600000895CF93DF93EC01FB0144815581608134
:10E6100071810E94C5EF811103C0CE010E94D9F221
:10E62000CE01DF91CF910895EF92FF920F931F9348
:10E63000CF93DF93EC018B01CB010F94C2A77C0138
:10E64000BC01CE010E949DEF81110BC0CE010E9442
:10E65000D9F2CE01DF91CF911F910F91FF90EF90F2
:10E660000895FD82EC82B801888199810F94BBA73F
:10E67000F0CFEF92FF920F931F93CF93DF93EC01B4
:10E680007B018A01BA010E949DEF81110BC0CE016E
:10E690000E94D9F2CE01DF91CF911F910F91FF908F
:10E6A000EF9008951D830C83B701888199810F94A1
:10E6B00071B2F0CFFB0101900020E9F73197AF0173
:10E6C000461B570B0C9439F3CF93DF93EC01FB01FE
:10E6D0008617970749F0608171816115710541F0D6
:10E6E000448155810E9439F3CE01DF91CF91089585
:10E6F0000E94D9F2F9CFFC0180819181009711F03D
:10E700000D94C3B008950F931F93CF93DF9300D060
:10E7100000D000D0CDB7DEB78C01862FF801118272
:10E720001082138212821582148250E0BE016F5F44
:10E730007F4F90E00F941CA8BE016F5F7F4FC80110
:10E740000E945AF329960FB6F894DEBF0FBECDBFD4
:10E75000DF91CF911F910F910895FC0111821082DA
:10E7600013821282158214820C9414F3FC0111821C
:10E77000108213821282158214820C9464F3FC01BD
:10E780001182108213821282158214826115710522
:10E7900051F0FB0101900020E9F73197AF01461BD2
:10E7A000570B0C9439F30895AF92BF92CF92DF923A
:10E7B000EF92FF920F931F93CF93DF936C015B0156
:10E7C0007A0189012417350720F48F2D7901042F50
:10E7D000182F60EA74E0C6010E94BFF3D5011496B9
:10E7E000CD91DC91EC16FD06E0F40C171D0708F442
:10E7F000E801D501ED91FC911197EC0FFD1F1081FF
:10E8000010826D917C916E0D7F1DC60161157105A1
:10E81000A1F00E945AF3F50180819181C80FD91FA0
:10E820001883C601DF91CF911F910F91FF90EF9058
:10E83000DF90CF90BF90AF9008950E94D9F2EBCFB8
:10E840008F929F92AF92BF92EF92FF920F931F937E
:10E85000CF93DF93CDB7DEB7A1970FB6F894DEBFA5
:10E860000FBECDBF7C01FA01CB0119A2223008F402
:10E870002AE08E010F5D1F4F822E912CB12CA12C0E
:10E88000BF01A50194010F9465ADF901CA016A3079
:10E890000CF5605DD8016E938D01232B242B252B65
:10E8A00079F790E080E0109721F0BD01C7010F9447
:10E8B0001200A1960FB6F894DEBF0FBECDBFDF9158
:10E8C000CF911F910F91FF90EF90BF90AF909F90CD
:10E8D0008F900895695CDECF2F923F924F925F92A6
:10E8E0006F927F928F929F92AF92BF92CF92DF9260
:10E8F000EF92FF921F93CF93DF93EC016A017B01AC
:10E90000722EAB019601CB01B6010F9475AF64E591
:10E9100075E0811126C046015701E894B7F82FEF42
:10E920003FEF4FE75FE7C501B4010F9475AF811169
:10E930000CC02FEF3FEF4FE75FE7C501B4010F9425
:10E940001BAC68E575E0181664F02FEF3FEF4FE75A
:10E950005FE4C701B6010F94B6AE1816B4F46CE5C7
:10E9600075E0CE01DF91CF911F91FF90EF90DF9086
:10E97000CF90BF90AF909F908F907F906F905F905F
:10E980004F903F902F900D9412002FEF3FEF4FE7E5
:10E990005FECC701B6010F941BAC87FDE0CF20E010
:10E9A00030E0A901C701B6010F941BAC312C212C1A
:10E9B00087FF09C06DE2CE010F941C001C01F7FA1D
:10E9C000F094F7F8F09410E060E070E080E09FE3EE
:10E9D000711641F020E030E040E251E40F940EAEB9
:10E9E0001F5FF6CFA70196010F94A2AD2B013C014A
:10E9F0000F9487AE4B015C012AE0BC01A401CE015B
:10EA00000E9420F47C01E20CF31C1123A1F1C5014A
:10EA1000B4010F9420AC9B01AC01C301B2010F946F
:10EA2000A1AD4B015C016EE2CE010F941C00E80E1B
:10EA3000F91E115000F120E030E040E251E4C50140
:10EA4000B4010F9481AC2B013C010F9487AE4B01B4
:10EA5000CE010F945E01E80EF91EB40190E080E053
:10EA60000F9420AC9B01AC01C301B2010F94A1AD86
:10EA70004B015C01DECFC701DF91CF911F91FF9069
:10EA8000EF90DF90CF90BF90AF909F908F907F904E
:10EA90006F905F904F903F902F90089560E675E0E3
:10EAA0000D9412000F931F93CF93DF93EC010E94FC
:10EAB000F3FF8C01CE010E944EF5800F911FDF9174
:10EAC000CF911F910F9108950C946CF40D94120046
:10EAD000FB0144815581608171810C9442E91F9250
:10EAE0000F920FB60F9211240BB60F922F933F93F4
:10EAF0004F935F936F937F938F939F93AF93BF9346
:10EB0000EF93FF9385E598E00E94E6E9FF91EF918E
:10EB1000BF91AF919F918F917F916F915F914F9135
:10EB20003F912F910F900BBE0F900FBE0F901F9033
:10EB300018951F920F920FB60F9211240BB60F92D9
:10EB40002F933F934F935F936F937F938F939F93F5
:10EB5000AF93BF93EF93FF9385E598E00E946FE931
:10EB6000FF91EF91BF91AF919F918F917F916F91A5
:10EB70005F914F913F912F910F900BBE0F900FBE61
:10EB80000F901F9018951F920F920FB60F9211249D
:10EB90000BB60F922F933F934F935F936F937F9397
:10EBA0008F939F93AF93BF93EF93FF9382EB99E083
:10EBB0000E94E6E9FF91EF91BF91AF919F918F91F4
:10EBC0007F916F915F914F913F912F910F900BBE6D
:10EBD0000F900FBE0F901F9018951F920F920FB6B7
:10EBE0000F9211240BB60F922F933F934F935F9385
:10EBF0006F937F938F939F93AF93BF93EF93FF9305
:10EC000082EB99E00E946FE9FF91EF91BF91AF9184
:10EC10009F918F917F916F915F914F913F912F9134
:10EC20000F900BBE0F900FBE0F901F9018951F9264
:10EC30000F920FB60F9211240BB60F922F933F93A2
:10EC40004F935F936F937F938F939F93AF93BF93F4
:10EC5000EF93FF938FE09BE00E94E6E9FF91EF9135
:10EC6000BF91AF919F918F917F916F915F914F91E4
:10EC70003F912F910F900BBE0F900FBE0F901F90E2
:10EC800018951F920F920FB60F9211240BB60F9288
:10EC90002F933F934F935F936F937F938F939F93A4
:10ECA000AF93BF93EF93FF938FE09BE00E946FE9D8
:10ECB000FF91EF91BF91AF919F918F917F916F9154
:10ECC0005F914F913F912F910F900BBE0F900FBE10
:10ECD0000F901F9018951F920F920FB60F9211244C
:10ECE0000BB60F922F933F934F935F936F937F9346
:10ECF0008F939F93AF93BF93EF93FF938CE69CE02A
:10ED00000E94E6E9FF91EF91BF91AF919F918F91A2
:10ED10007F916F915F914F913F912F910F900BBE1B
:10ED20000F900FBE0F901F9018951F920F920FB665
:10ED30000F9211240BB60F922F933F934F935F9333
:10ED40006F937F938F939F93AF93BF93EF93FF93B3
:10ED50008CE69CE00E946FE9FF91EF91BF91AF912B
:10ED60009F918F917F916F915F914F913F912F91E3
:10ED70000F900BBE0F900FBE0F901F9018954F92E3
:10ED80005F926F927F928F929F92AF92BF92CF923B
:10ED9000DF92EF92FF92CF93DF93EC016A017B0148
:10EDA00020E030E0A901CB01B6010F941BAC87FF36
:10EDB00004C0F7FAF094F7F8F0948C8C9D8CAE8C2C
:10EDC000BF8CA7019601C501B4010F941BAC882329
:10EDD00009F449C06CA97DA98EA99FA90F9422AC02
:10EDE0002B013C01A7019601C501B4010F940EAEA1
:10EDF0009B01AC01C301B2010F9481AC0F9480AEB2
:10EE00006CAB7DAB8EAB9FABA701960160E070E071
:10EE100080E090E40F940EAE0F9435AF26E53EE00F
:10EE20004DE25FE30F9481AC20E034E244E759E423
:10EE30000F9481AC68AF79AF8AAF9BAFCC8EDD8E7B
:10EE4000EE8EFF8ECE01DF91CF91FF90EF90DF909D
:10EE5000CF90BF90AF909F908F907F906F905F907A
:10EE60004F900C942BECDF91CF91FF90EF90DF90BF
:10EE7000CF90BF90AF909F908F907F906F905F905A
:10EE80004F900895CF92DF92EF92FF920F931F93CE
:10EE9000CF93DF93EC016A017B0120E030E0A90110
:10EEA000CB01B6010F941BAC87FF04C0F7FAF094B6
:10EEB000F7F8F094A7019601688D798D8A8D9B8D66
:10EEC0000F941BAC882309F446C0C88ED98EEA8EF5
:10EED000FB8E8E01005C1F4FA701960160E074E27B
:10EEE00084E799E40F940EAEF80160837183828306
:10EEF00093838CA99DA9AEA9BFA9181619061A0655
:10EF00001B064CF56C897D898E899F899B01AC011C
:10EF10000F9481AC6B017C016C8D7D8D8E8D9F8DEE
:10EF20009B01AC010F94A2AD9B01AC01C701B601DE
:10EF30000F940EAE0F9480AE6CAB7DAB8EAB9FABDF
:10EF4000CE01DF91CF911F910F91FF90EF90DF9055
:10EF5000CF900C942BECDF91CF911F910F91FF90EC
:10EF6000EF90DF90CF900895CF92DF92EF92FF92D3
:10EF7000CF93DF93EC018CA19DA1AEA1BFA1892B02
:10EF80008A2B8B2BB9F10F94390D6B017C0188A56D
:10EF900099A5AAA5BBA5B701A601481B590B6A0BE9
:10EFA0007B0B8CA19DA1AEA1BFA1481759076A0791
:10EFB0007B0700F18C859D85AE85BF852A81222344
:10EFC000D1F10196A11DB11D8C879D87AE87BF87AA
:10EFD0004C855D856E857F85E881F9810680F781A6
:10EFE000E02DCE011995C8A6D9A6EAA6FBA6CE01AA
:10EFF0000E942BEC20E030E0A9016C897D898E898C
:10F000009F890F941BAC81111AC081E0C888D988F0
:10F01000EA88FB884C855D856E857F85C416D5069C
:10F02000E606F70609F480E0DF91CF91FF90EF90BC
:10F03000DF90CF9008950197A109B109C5CF81E074
:10F04000F3CFFC014487558766877787408B518BC8
:10F05000628B738B14AA15AA16AA17AA14A215A25A
:10F0600016A217A2148A158A168A178A08950F9372
:10F070001F93FC0100891189228933890417150720
:10F080002607370741F0408B518B628B738B1F91A2
:10F090000F910C942BEC1F910F9108950F931F93D8
:10F0A000FC010485158526853785400F511F621F99
:10F0B000731F1F910F910C9437F88F929F92AF920C
:10F0C000BF92CF92DF92EF92FF92CF93DF93EC014A
:10F0D0008C889D88AE88BF8820E030E0A901C501FA
:10F0E000B4010F941BAC8823D9F1A5019401C5018B
:10F0F000B4010F9481AC6B017C016C8D7D8D8E8D84
:10F100009F8D9B01AC010F94A2AD9B01AC01C70187
:10F11000B6010F940EAE0F9480AE6B017C0120E01F
:10F1200030E0A901C501B4010F94B6AEB701A60144
:10F1300018168CF44F5F5F4F6F4F7F4FCE01DF91FA
:10F14000CF91FF90EF90DF90CF90BF90AF909F90C6
:10F150008F900C944EF84095509560957095EECF39
:10F16000DF91CF91FF90EF90DF90CF90BF90AF9065
:10F170009F908F90089508950F931F93CF93DF93DF
:10F18000EC0121E0260F6885621729F109851A85AF
:10F190009FEF960F70E060E059F0422F50E0542F3F
:10F1A000442741505109692F70E0CA010F94D1AF33
:10F1B000F8014C815D81CF01801B910B841795076D
:10F1C00048F43081369FC001379F900D1124908301
:10F1D0003196EFCF2887DF91CF911F910F9108953E
:10F1E0008F929F92AF92BF92CF92DF92EF92FF9257
:10F1F0001F93CF93DF93FC01828193816817790776
:10F20000A8F54A01AA24BB24C82DC32ED42EE52E6E
:10F21000FF241C2DD22F8085882361F0889E400119
:10F220001124C92D8C9D600111241D2D829FD001B8
:10F230001124DB2FA685E184F2849385A91322C0D3
:10F24000CB01880F991F680F791F6E0D7F1DA38555
:10F25000A60FB72FB11DCC93A485A60FB72FB11D54
:10F260001C938585680F711DFB01D083DF91CF91C1
:10F270001F91FF90EF90DF90CF90BF90AF909F9045
:10F280008F900895660F771F660F771F6E0D7F1D95
:10F29000252F332744275527882349F090E0829F64
:10F2A0007001839FF00C929FF00C11242F2DA60F5C
:10F2B000B72FB11D2C93CBCFCF92DF92EF92FF925D
:10F2C0000F931F93CF93DF9300D000D000D0CDB722
:10F2D000DEB78C01DC0119968D919C91892B09F484
:10F2E00073C00F94390DF801C784D088E188F28883
:10F2F0006C157D058E059F0520F46787708B818BCB
:10F30000928BF801C784D088E188F2886C197D0956
:10F310008E099F096C3271408105910510F3F894B4
:10F32000D80114968D919C9115979A83898319968B
:10F33000ED91FC917F01BFEFEB1AFB0A8081898779
:10F34000F80190810388F489E02DD80155968C91BD
:10F35000992309F448C09081982B988790818095D3
:10F3600089238F838F818C8388E08B8358856F817D
:10F3700049853B812C8189819A81D701508347FD42
:10F38000252F3A952083262F39F0441F00C0000016
:10F390006083000000C0F2CF38E04D916083000030
:10F3A000019761F7D8015496FC93EE9353974987E0
:10F3B0003B832C839A83898378940F94390DF801C9
:10F3C0006787708B818B928B29960FB6F894DEBF7E
:10F3D0000FBECDBFDF91CF911F910F91FF90EF90A6
:10F3E000DF90CF9008959081982B98879081809599
:10F3F00089238F838F818E8388E08D8358856F81E9
:10F4000049853D812E8189819A81D701508347FDAD
:10F41000252F00C000C0208300C000C000C000C075
:10F4200000C060830000262F3A9541F0441F000081
:10F4300000C000C000C000C000C0E8CF38E04D915F
:10F4400000C0608300C0019709F7D8015496FC936F
:10F45000EE93539749873D832E83ACCFCF93DF93B1
:10F4600091E0909312078823B9F0C091B800D09131
:10F47000BA008091BC008A7B8093BC0060E084E18C
:10F480000F944F0A60E085E10F944F0A0E947DEFD0
:10F49000D093BA00C093B800DF91CF91089585ED65
:10F4A0008093BC008091F6079091F707A091F80730
:10F4B000B091F9070796A11DB11D23E0B695A79558
:10F4C000979587952A95D1F72091BC0024FD03C01C
:10F4D0001092F40708954091F6075091F707609154
:10F4E000F8077091F907452B462B472B69F30097D6
:10F4F000A105B10541F02AE22A95F1F700C0019774
:10F50000A109B109E1CF8091F5070C942EFA1F9261
:10F510000F920FB60F9211240BB60F922F933F93B9
:10F520004F935F936F937F938F939F93AF93BF930B
:10F53000EF93FF938091B900887F803609F44DC026
:10F5400008F040C0883209F4A9C028F5803109F4D8
:10F550009DC0C8F4882309F4FBC0883009F496C024
:10F56000FF91EF91BF91AF919F918F917F916F919B
:10F570005F914F913F912F910F900BBE0F900FBE57
:10F580000F901F901895883109F488C0803241F798
:10F590008093F20714C0803409F49DC040F4803396
:10F5A000B9F38833E9F68093F20785ECB0C0803573
:10F5B00009F485C0883509F496C0883489F60E941C
:10F5C0004FFACECF883909F48CC038F5883729F046
:10F5D00050F4883611F0803719F683E08093F407F1
:10F5E0001092550757C0883809F47BC0803919F04C
:10F5F000803809F0B5CF80915507803208F071C08E
:10F60000E091550781E08E0F809355078091BB00F4
:10F61000F0E0EB5CF84F80833DC0803B39F0E0F4D4
:10F62000803A09F479C0883A09F09ACF84E080934F
:10F63000F4071092340710923307E0915707F091C6
:10F64000580719958091330781110FC081E080938D
:10F6500033071092130709C0803C09F4A6CF883CF9
:10F6600009F4A3CF883B09F07BCFE091340781E018
:10F670008E0F80933407F0E0ED5EF84F8081809329
:10F68000BB00909134078091330729C08091CF0748
:10F690008093BB0085EC8093BC0062CF9091F10712
:10F6A0008091F007981758F5E091F10781E08E0FEF
:10F6B0008093F107F0E0E053F84F8081E9CFE091CB
:10F6C000F10781E08E0F8093F1078091BB00F0E09D
:10F6D000E053F84F80839091F1078091F0079817DD
:10F6E000C8F285E8D8CFE091F10781E08E0F8093D2
:10F6F000F1078091BB00F0E0E053F84F80838091E8
:10F70000F30781115CCF81E08093CE0784EA809378
:10F71000BC001092F40724CF85EC8093BC001092BB
:10F72000F40780915507803230F4E0915507F0E0FE
:10F73000EB5CF84F10826091550770E0E09159073B
:10F74000F0915A0785E397E019951092550708CF75
:10F750001092F20734CF1F920F920FB60F9211241E
:10F760000BB60F922F933F934F935F936F937F93BB
:10F770008F939F93AF93BF93EF93FF93E091D70D38
:10F78000F091D80D309749F0A685B7858585968D7F
:10F7900091FF16C09C918923B1F4FF91EF91BF9125
:10F7A000AF919F918F917F916F915F914F913F9119
:10F7B0002F910F900BBE0F900FBE0F901F901895BA
:10F7C0009C91892351F7A389B4899C91858980955F
:10F7D00089238C93868997890197F1F7608D718DC4
:10F7E000A685B785558538E020E0CB010197F1F774
:10F7F000822F90E095958795282F4C91452309F00D
:10F800002068315091F7868D81FD20958091D60D2D
:10F8100090E001968F7399273091D50D381799F0A4
:10F82000A091D60DB0E0AE52B94F2C938093D60D77
:10F83000828D938D0197F1F7A389B4898C91958975
:10F84000892B8C93AACF868D8160868FF1CF8134EE
:10F8500014F08753089580530895AF92BF92CF92CA
:10F86000DF92EF92FF920F931F93CF93DF93CDB769
:10F87000DEB7C351D1400FB6F894DEBF0FBECDBF87
:10F880007C016B018A01CE5EDE4F19821882C25163
:10F89000D14022E330E0AE014E5E5E4FBE016F5FAD
:10F8A0007F4F0F94DB14882309F469C0CE5EDE4FCE
:10F8B00088819981C251D140892B09F460C065E9E2
:10F8C0007BEA8CE69CE00E94F3FFB601CE019395A3
:10F8D0000E94256ABE0173958CE69CE00E9468F543
:10F8E000CE0193950E947BF3CE5EDE4F4881598115
:10F8F000C251D1409601BE016F5F7F4FCE01845F40
:10F900009E4F0E94A06D65E87BEACE018A5F9E4F04
:10F910000E94ADF3BE016A5F7E4FCE0193950E94B7
:10F92000B6F3BE01645F7E4FCE0193950E9401F352
:10F930000F94F102CE0193950E947BF3CE018A5F72
:10F940009E4F0E947BF362E77BEACE0193950E9473
:10F95000ADF3BE017395CE01845F9E4F0E94D8F136
:10F960005C01CE0193950E947BF3B7FC03C0C701F5
:10F970000E94666CCE01845F9E4F0E947BF3CE5E38
:10F98000DE4F88819981C251D1408F3F910591F41A
:10F9900066E47BEA8CE69CE00E9452F5A8014F5F8A
:10F9A0005F4F43305105C4F06BEF7AEA8CE69CE080
:10F9B0000E94F3FFCD5EDE4F0FB6F894DEBF0FBEA0
:10F9C000CDBFDF91CF911F910F91FF90EF90DF900E
:10F9D000CF90BF90AF900895B601C7010E942DFC53
:10F9E000E9CFFF920F931F93CF93DF93CDB7DEB78D
:10F9F00062970FB6F894DEBF0FBECDBF8C018F3F6C
:10FA0000910511F008F06CC0009711F08093480246
:10FA10006BE07DE9CE010D960E94ADF3BE01635F00
:10FA20007F4F85E19EE00E9421F2FF24F394811133
:10FA30002BC061EF7CE9CE0107960E94ADF3BE01B9
:10FA4000695F7F4F85E19EE00E9421F2FF24F394DD
:10FA5000811116C067ED7CE9CE0101960E94ADF3DD
:10FA6000BE016F5F7F4F85E19EE00E9421F2FF247F
:10FA7000F394811101C0F12CCE0101960E947BF319
:10FA8000CE0107960E947BF3CE010D960E947BF378
:10FA9000FF20D1F00093480260EB7CE98FE09BE00F
:10FAA0000E94F3FF69E87CE98CE69CE00E94F3FF8A
:10FAB0000115110549F08091F7038017110621F017
:10FAC0000093F7030E9483D862960FB6F894DEBFC6
:10FAD0000FBECDBFDF91CF911F910F91FF90089581
:10FAE0006EE67DE9CE0101960E94ADF3BE016F5F27
:10FAF0007F4F85E19EE00E9421F2182FCE010196F2
:10FB00000E947BF3112301F367E47DE98FE09BE022
:10FB10000E94F3FF60E27DE98CE69CE00E94F3FF27
:10FB2000D3CFCF92DF92EF92FF921F93CF93DF93C9
:10FB300000D000D0CDB7DEB761E67CE98CE69CE072
:10FB40000E9452F5C0905702D0905802E09059029E
:10FB5000F0905A026AE47CE98CE69CE00E94F3FF94
:10FB600060915702709158028091590290915A0207
:10FB70000F94A30961E084E60E9474C66093570263
:10FB8000709358028093590290935A0264E37CE97F
:10FB90008CE69CE00E94F3FF60915702709158023E
:10FBA0008091590290915A020F94A30980915702B3
:10FBB00090915802A0915902B0915A028093830FFC
:10FBC0009093840FA093850FB093860F6BE07CE930
:10FBD0008CE69CE00E94F3FF60915B0270915C02F6
:10FBE00080915D0290915E020F94A309809157026B
:10FBF00090915802A0915902B0915A028C199D0916
:10FC0000AE09BF0940915B0250915C0260915D02B8
:10FC100070915E02840F951FA61FB71F80935B0231
:10FC200090935C02A0935D02B0935E0263EE7BE969
:10FC30008CE69CE00E94F3FF60915B0270915C0295
:10FC400080915D0290915E020F94A3096FEB7BE9B6
:10FC50008CE69CE00E94F3FF609153027091540285
:10FC6000809155029091560242E050E00F942E038D
:10FC700060915B0270915C0280915D0290915E02E6
:10FC8000C0905702D0905802E0905902F0905A026A
:10FC90006C197D098E099F090F9422AC6B017C01C0
:10FCA00020915F02309160024091610250916202A6
:10FCB00060E070E080E89FE30F940EAE9B01AC0122
:10FCC000C701B6010F9481AC609353027093540244
:10FCD000809355029093560267E87BE98CE69CE09E
:10FCE0000E94F3FF6091530270915402809155027B
:10FCF0009091560242E050E00F942E0380915302FF
:10FD000090915402A0915502B09156028093870FB2
:10FD10009093880FA093890FB0938A0F0E9483D885
:10FD20006CE67BE9CE0101960E94ADF3BE016F5FE8
:10FD30007F4F85E19EE00E9421F2182FCE010196AF
:10FD40000E947BF3112339F160E47BE98FE09BE0B3
:10FD50000E94F3FF22E030E040E050E0BA018FE083
:10FD60009BE00E9464F56EE37BE98FE09BE00E94DC
:10FD7000F3FF4091570250915802609159027091DF
:10FD80005A028FE09BE00F941E006BE37BE98FE04B
:10FD90009BE00E94F3FF6FE07BE98CE69CE00E9411
:10FDA000F3FF22E030E040E050E0BA018CE69CE056
:10FDB0000E9464F56DE07BE98CE69CE00E94F3FF15
:10FDC00040915702509158026091590270915A0225
:10FDD0008CE69CE00F941E006AE07BE98CE69CE0D8
:10FDE0000E9452F526960FB6F894DEBF0FBECDBF27
:10FDF000DF91CF911F91FF90EF90DF90CF9008950A
:10FE00008150823108F05AC0E82FF0E08827E45F83
:10FE1000F0408F4F0D9418B02CFF30FF1EFF24FFD1
:10FE200028FF5EFF33FF39FF3DFF43FF47FF4BFFD6
:10FE300051FF55FF5EFF59FF5FFF63FF8091800018
:10FE40008F77809380000895809180008F7DF9CF17
:10FE500080918000877FF5CF84B58F7784BD08952A
:10FE600084B58F7DFBCF8091B0008F778093B000F9
:10FE700008958091B0008F7DF9CF809190008F77A9
:10FE8000809390000895809190008F7DF9CF8091AC
:10FE90009000877FF5CF8091A0008F778093A0009E
:10FEA00008958091A0008F7DF9CF8091A000877F79
:10FEB000F5CF809120018F77809320010895809164
:10FEC00020018F7DF9CF80912001877FF5CF4F9260
:10FED0005F926F927F928F929F92AF92BF92CF92DA
:10FEE000DF92EF92FF92CF93DF936B017C01490188
:10FEF0005A010F94B6AE87FF67C0C092FB0FD09235
:10FF0000FC0FE092FD0FF092FE0F8092FF0F909297
:10FF10000010A0920110B09202108091031088236B
:10FF200009F452C0C091E70FD091E80F4880598082
:10FF30006A807B80A3019201C501B4010F941BACC0
:10FF400087FF25C088829982AA82BB828090EF0FAA
:10FF50009090F00FA090F10FB090F20FC090FF0FB3
:10FF6000D0900010E0900110F0900210A7019601CF
:10FF7000C501B4010F94B6AE1816B4F4C092EF0FD9
:10FF8000D092F00FE092F10FF092F20F1DC0A3019A
:10FF90009201C701B6010F94B6AE1816BCF6C8821E
:10FFA000D982EA82FB82D2CFC090FB0FD090FC0FA7
:10FFB000E090FD0FF090FE0FA7019601C501B4017E
:10FFC0000F941BAC87FDDACFDF91CF91FF90EF90BC
:10FFD000DF90CF90BF90AF909F908F907F906F9069
:10FFE0005F904F900895EF92FF920F931F93CF93DE
:10FFF000DF938C017B01D0E0C0E0F701EC0FFD1F27
:020000022000DC
:100000006491662339F0C8010E9408EA892B11F037
:100010002196F3CFCE01DF91CF911F910F91FF90E9
:10002000EF900895FB0101900020E9F73197AF01AF
:10003000461B570B0C9442E90C9408EACF92DF92CE
:10004000EF92FF920F931F93CF93DF9377FF1DC023
:100050006A017B01EC016DE20F941C008C014427C6
:100060005527BA014C195D096E097F092AE0CE01B6
:100070000E9420F4800F911FDF91CF911F910F916B
:10008000FF90EF90DF90CF9008952AE0DF91CF911D
:100090001F910F91FF90EF90DF90CF900C9420F480
:1000A000AB01770F660B770B0D941E00CF93DF9398
:1000B000BC018CE69CE00F945000EC018CE69CE0C7
:1000C0000E944EF58C0F9D1FDF91CF9108952AE07D
:1000D0000C9420F4482F50E070E060E02AE08CE6B9
:1000E0009CE00C9420F4CF93DF930F946A00EC0112
:1000F0008CE69CE00E944EF58C0F9D1FDF91CF9106
:100100000895CF93DF93EC019A01AB01E889F98957
:1001100082E08083211581EE38074105510581F188
:1001200060E079E08DE390E00F9465AD21503109F6
:10013000410951095695479537952795EC85FD85D9
:100140001082EE85FF852083188EEC89FD8986E07C
:100150008083EA89FB89808180618083EA89FB89C9
:10016000808188608083EA89FB89808180688083C0
:10017000EA89FB8980818F7D8083DF91CF9108950B
:10018000E889F989108220E1D9CF90E0FC01E3529F
:10019000FC432491FC01E956FC4334913A30B9F513
:1001A00040915408422B4093540840915208422BEE
:1001B000409352088A5E9C43FC01A4913A30A1F519
:1001C000B0E0AA0FBB1FAD5BB74F6D937C93E7E721
:1001D000F3ECA591B4918C91809342088CE690E069
:1001E00090935211809351118091680082608093A6
:1001F000680080914108822B80934108220FA091D2
:100200005111B0915211EC912E2B2C9308953B304B
:1002100089F640915308422B40935308409151086E
:10022000422B40935108C6CF3B3049F7B0E0AA0FAC
:10023000BB1FAF5CB74F6D937C93E9E7F3ECA591DF
:10024000B4918C91809330088DE690E09093521198
:100250008093511180916800846080936800CFCFB3
:100260006EE073EC882341F069E073EC813021F09B
:10027000823031F465E073EC8CE69CE00E94F3FF81
:100280008CE69CE00C944EF50F931F93CF93DF9375
:1002900009E412E0D0E0C0E0CE010F943FADF801D8
:1002A00081938F012196C93EF1E0DF07A9F789E428
:1002B00092E0DF91CF911F910F910895AB0170E013
:1002C00060E02AE00C9420F4CF93DF93BC018CE62D
:1002D0009CE00F945E01EC018CE69CE00E944EF5E0
:1002E0008C0F9D1FDF91CF9108954F925F926F9277
:1002F0007F928F929F92AF92BF92CF92DF92EF92B6
:10030000FF920F931F93CF93DF9300D01F92CDB72F
:10031000DEB74B015C0129013A016701780120E059
:1003200030E0A9010F941BAC87FDA6C020E030E0AF
:10033000A901C301B2010F941BAC87FD9DC020E051
:1003400030E0A901C801B6010F941BAC87FD94C031
:1003500081E02091E30F3091E40F2130310509F065
:1003600080E0809304108092C90F9092CA0FA092EF
:10037000CB0FB092CC0F4092CD0F5092CE0F609227
:10038000CF0F7092D00FC092D10FD092D20FE092C7
:10039000D30FF092D40F6091F70F7091F80F809106
:1003A000F90F9091FA0F0F9420AC20E030E04AE76B
:1003B00054E40F940EAE69837A838B839C8380927E
:1003C000D50F9092D60FA092D70FB092D80F9B0165
:1003D000AC01C301B2010F9481AC2B013C014092EE
:1003E000D90F5092DA0F6092DB0F7092DC0F2981E7
:1003F0003A814B815C81C701B6010F940EAE6B014F
:100400007C01C092DD0FD092DE0FE092DF0FF09200
:10041000E00F8091E10F9091E20F019769F5A5013E
:10042000940160E070E0CB010F94A1AD6093D50F13
:100430007093D60F8093D70F9093D80FA30192019A
:1004400060E070E0CB010F94A1AD6093D90F709381
:10045000DA0F8093DB0F9093DC0FA701960160E029
:1004600070E0CB010F94A1AD6093DD0F7093DE0FB0
:100470008093DF0F9093E00F0F900F900F900F90ED
:10048000DF91CF911F910F91FF90EF90DF90CF9070
:10049000BF90AF909F908F907F906F905F904F90A4
:1004A0000895CF92DF92EF92FF92CF93DF93C9EC42
:1004B000DFE06EA57FA588A999A90F9420AC9B01C8
:1004C000AC0160E070E080E89FE30F940EAE6B013A
:1004D0007C01AC019B01688979898A899B890F9489
:1004E00081AC688B798B8A8B9B8BA70196016C8979
:1004F0007D898E899F890F940EAE6C8B7D8B8E8B40
:100500009F8B81E090E0A0E0B0E08EA79FA7A8AB12
:10051000B9ABDF91CF91FF90EF90DF90CF9008952E
:100520008F929F92AF92BF92CF92DF92EF92FF9203
:1005300080910310811149C0E091E70FF091E80F1D
:10054000C080D180E280F380C092EF0FD092F00F94
:10055000E092F10FF092F20FE091E50FF091E60FCB
:1005600080819181A281B3818093F30F9093F40FE6
:10057000A093F50FB093F60F8090FF0F90900010AE
:10058000A0900110B0900210A5019401C701B6011E
:100590000F94B6AE18164CF48092EF0F9092F00FB5
:1005A000A092F10FB092F20F10C08090FB0F9090CC
:1005B000FC0FA090FD0FB090FE0FA5019401C701A4
:1005C000B6010F941BAC87FDE7CF81E08093031049
:1005D000FF90EF90DF90CF90BF90AF909F908F9063
:1005E0000895CF93DF93BC018CE69CE00E9468F5F0
:1005F000EC018CE69CE00E944EF58C0F9D1FDF9174
:10060000CF9108950F931F93CF93DF93CDB7DEB7AC
:1006100062970FB6F894DEBF0FBECDBF8C01CB0141
:10062000F8011182108213821282158214824AE02C
:10063000BE016F5F7F4F0F94CBA7BE016F5F7F4FEF
:10064000C8010E945AF362960FB6F894DEBF0FBE3F
:10065000CDBFDF91CF911F910F910895CF93DF937D
:10066000242FAB01BC018CE69CE00E946CF4EC01F1
:100670008CE69CE00E944EF58C0F9D1FDF91CF9180
:100680000895CF93DF93AB01BC012AE08CE69CE098
:100690000E9420F4EC018CE69CE00E944EF58C0F49
:1006A0009D1FDF91CF910895CF93DF93D0E0C0E0FD
:1006B000009731F0BC018CE69CE00F941200EC0135
:1006C0008CE69CE00E944EF58C0F9D1FDF91CF9130
:1006D00008952F923F924F925F926F927F928F92E6
:1006E0009F92AF92BF92CF92DF92EF92FF920F93C1
:1006F0001F93CF93DF93CDB7DEB76D970FB6F89406
:10070000DEBF0FBECDBF698B7A8B8B8B9C8B2D8B05
:100710003E8B4F8B588FE98EFA8E0B8F1C8FAD82DC
:10072000BE82CF82D8864BAC5CAC6DAC7EAC2196E1
:100730002EAC3FAC219725960EAD1FAD259780912D
:10074000F5038D8F69897A898B899C890F9420ACF8
:1007500069837A838B839C83AB28AC28AD2851F1C5
:100760009B01AC0160E070E080E89FE30F940EAE67
:100770006B017C016D817E818F8198850F9420AC07
:100780009B01AC0160E070E080E89FE30F940EAE47
:100790009B01AC01C701B6010F94A1AD9B01AC0157
:1007A00060E070E080E89FE30F940EAE69837A8387
:1007B0008B839C836D897E898F89988D0F9420AC63
:1007C0004B015C018BA99CA9ADA9BEA9892B8A2BE1
:1007D0008B2B41F1A501940160E070E080E89FE37C
:1007E0000F940EAE6B017C016BA97CA98DA99EA90B
:1007F0000F9420AC9B01AC0160E070E080E89FE3C7
:100800000F940EAE9B01AC01C701B6010F94A1ADD0
:100810009B01AC0160E070E080E89FE30F940EAEB6
:100820004B015C01698D7A8D8B8D9C8D0F9420AC72
:100830006B017C018FA998ADA9ADBAAD892B8A2B2C
:100840008B2B41F1A701960160E070E080E89FE307
:100850000F940EAE6B017C016FA978AD89AD9AAD96
:100860000F9420AC9B01AC0160E070E080E89FE356
:100870000F940EAE9B01AC01C701B6010F94A1AD60
:100880009B01AC0160E070E080E89FE30F940EAE46
:100890006B017C0180EA94E00F94540369EB72ECE5
:1008A0008CE69CE00E94F3FF69897A898B899C8998
:1008B0000F94410367EA72EC8CE69CE00E94F3FF20
:1008C0006D897E898F89988D0F94410365E972EC5B
:1008D0008CE69CE00E94F3FF698D7A8D8B8D9C8D58
:1008E0000F9441036BE772EC8CE69CE00E94F3FFEF
:1008F0006D817E818F8198850F94410361E672EC52
:100900008CE69CE00E94F3FF6BA97CA98DA99EA9AF
:100910000F94410367E472EC8CE69CE00E94F3FFC5
:100920006FA978AD89AD9AAD0F94410369E272EC7D
:100930008CE69CE00E94F3FF42E050E069817A81FE
:100940008B819C810F942E036BE072EC8CE69CE013
:100950000E94F3FF42E050E0C501B4010F942E0362
:100960006DEE71EC8CE69CE00E94F3FF42E050E0FB
:10097000C701B6010F942E0369817A818B819C8116
:100980000F94C3AE69837A838B839C83C501B401C2
:100990000F94C3AE6D837E838F839887C701B601A2
:1009A0000F94C3AE69877A878B879C879D8D20E0E3
:1009B00030E0A901911161C2C301B2010F941BACD7
:1009C00081113EC021EE3AE745EB52EC69817A8114
:1009D0008B819C810F9481AC28EB3EED48E254E47E
:1009E0000F94A2AD0F9480AED1016D937C9326E657
:1009F00036EE4BEA52EC6D817E818F8198850F94A3
:100A000081AC27ED33EF4DE254E40F94A2AD0F9487
:100A100080AE2396EEADFFAD2397718360832FE800
:100A200032EC4EEB52EC69857A858B859C850F9470
:100A300081AC2CE53FE249E354E40F94A2ADFFC141
:100A400020E030E043ED51E4C301B2010F941BAC50
:100A500018160CF443C02AE037E54BEB52EC6981E1
:100A60007A818B819C810F9481AC2AE939E74AE233
:100A700054E40F94A2AD0F9480AEF10171836083B2
:100A800020E030E844EB52EC6D817E818F819885C7
:100A90000F9481AC28E431E842E354E40F94A2AD12
:100AA0000F9480AE2396AEADBFAD23976D937C932C
:100AB00023EC35EF41EC52EC69857A858B859C857A
:100AC0000F9481AC2DEC3CEE48E354E40F94A2ADBE
:100AD0000F9480AEF80171836083B6C120E030E8E6
:100AE00042EF51E4C301B2010F941BAC18160CF491
:100AF000B6C020E030E043ED51E4C301B2010F94F1
:100B0000A1AD20E030E04CE750E40F940EAE6B0155
:100B10007C01AC019B0160E070E080E89FE30F94F2
:100B2000A1AD4B015C0121EE3AE745EB52EC698146
:100B30007A818B819C810F9481AC28EB3EED48E259
:100B400054E40F94A2ADA70196010F9481AC2B0140
:100B50003C012AE037E54BEB52EC69817A818B81CD
:100B60009C810F9481AC2AE939E74AE254E40F945E
:100B7000A2ADA50194010F9481AC9B01AC01C3010E
:100B8000B2010F94A2AD0F9480AED1016D937C930E
:100B900026E636EE4BEA52EC6D817E818F81988598
:100BA0000F9481AC27ED33EF4DE254E40F94A2ADE6
:100BB000A70196010F9481AC2B013C0120E030E8A5
:100BC00044EB52EC6D817E818F8198850F9481ACCE
:100BD00028E431E842E354E40F94A2ADA501940166
:100BE0000F9481AC9B01AC01C301B2010F94A2AD83
:100BF0000F9480AE2396EEADFFAD23977183608393
:100C00002FE832EC4EEB52EC69857A858B859C851A
:100C10000F9481AC2CE53FE249E354E40F94A2AD7C
:100C2000A70196010F9481AC6B017C0123EC35EF99
:100C300041EC52EC69857A858B859C850F9481AC5B
:100C40002DEC3CEE48E354E40F94A2ADA5019401D1
:100C50000F9481AC9B01AC01C701B601EECE23E33A
:100C600033E349EA52EC69817A818B819C810F944C
:100C700081AC29E23CE642E254E40F94A2AD4B0180
:100C80005C0126EF38EA44EA52EC6D817E818F8167
:100C900098850F9481AC2DE33AEE4AE254E40F9428
:100CA000A2AD6D877E878F87988B24EA30E742EB71
:100CB00052EC69857A858B859C850F9481AC2AE0FE
:100CC00037E642E354E40F94A2AD698B7A8B8B8BA9
:100CD0009C8B20E030E84BE052E4C301B2010F945A
:100CE0001BAC18160CF494C0A301920160E070E8EC
:100CF0008BE092E40F94A1AD20E030E042E950E4B3
:100D00000F940EAE2B013C01AC019B0160E070E042
:100D100080E89FE30F94A1AD6B017C0121EE3AE7DF
:100D200045EB52EC69817A818B819C810F9481AC77
:100D300028EB3EED48E254E40F94A2ADA3019201EA
:100D40000F9481AC69837A838B839C83A501940182
:100D5000C701B6010F9481AC9B01AC0169817A8116
:100D60008B819C810F94A2AD0F9480AEF1017183B1
:100D7000608326E636EE4BEA52EC6D817E818F81F0
:100D800098850F9481AC27ED33EF4DE254E40F9436
:100D9000A2ADA30192010F9481AC4B015C012D85A2
:100DA0003E854F855889C701B6010F9481AC9B01E0
:100DB000AC01C501B4010F94A2AD0F9480AE23968F
:100DC000AEADBFAD23976D937C932FE832EC4EEB25
:100DD00052EC69857A858B859C850F9481AC2CE5D6
:100DE0003FE249E354E40F94A2ADA30192010F94B2
:100DF00081AC4B015C0129893A894B895C89C70127
:100E0000B6010F9481AC9B01AC01C501B4015ECE6B
:100E1000C501B4010F9480AED1016D937C936D85B3
:100E20007E858F8598890F9480AE2396EEADFFADB9
:100E300023977183608369897A898B899C890F9450
:100E400080AED8016D937C936D960FB6F894DEBF9B
:100E50000FBECDBFDF91CF911F910F91FF90EF900B
:100E6000DF90CF90BF90AF909F908F907F906F90CA
:100E70005F904F903F902F900895C301B2010F945F
:100E80001BAC81113CC02AE037E541EC52EC698192
:100E90007A818B819C810F9481AC23E333EB48E40E
:100EA00054E40F94A2AD0F9480AEF101718360837E
:100EB00023E333EB46EA52EC6D817E818F81988586
:100EC0000F9481AC2CE53FE740E454E40F94A2ADCD
:100ED0000F9480AE2396AEADBFAD23976D937C93F8
:100EE0002CE53FE043EC52EC69857A858B859C8547
:100EF0000F9481AC2FE832E642E554E4E7CD20E0E0
:100F000030E044EB51E4C301B2010F941BAC18165E
:100F1000E4F12DEC3CEC4CEC52EC69817A818B8154
:100F20009C810F9481AC2FE135E24EE454E40F94A0
:100F3000A2AD0F9480AED1016D937C932BE734E189
:100F400043EB52EC6D817E818F8198850F9481AC4B
:100F50002AE939E247E454E40F94A2AD0F9480AE3D
:100F60002396EEADFFAD23977183608320E030E0E0
:100F700045ED52EC69857A858B859C850F9481AC13
:100F800020E030EA4DE554E458CD20E030E048ED73
:100F900051E4C301B2010F941BAC18160CF4B6C097
:100FA00020E030E044EB51E4C301B2010F94A1AD65
:100FB00020E030E040E950E40F940EAE6B017C017C
:100FC000AC019B0160E070E080E89FE30F94A1AD6D
:100FD0004B015C012AE037E541EC52EC69817A81F2
:100FE0008B819C810F9481AC23E333EB48E454E480
:100FF0000F94A2ADA70196010F9481AC2B013C0187
:101000002DEC3CEC4CEC52EC69817A818B819C811B
:101010000F9481AC2FE135E24EE454E40F94A2AD7D
:10102000A50194010F9481AC9B01AC01C301B201F5
:101030000F94A2AD0F9480AEF1017183608323E31E
:1010400033EB46EA52EC6D817E818F8198850F9457
:1010500081AC2CE53FE740E454E40F94A2ADA70136
:1010600096010F9481AC2B013C012BE734E143EB5B
:1010700052EC6D817E818F8198850F9481AC2AE935
:1010800039E247E454E40F94A2ADA50194010F9412
:1010900081AC9B01AC01C301B2010F94A2AD0F94CE
:1010A00080AE2396AEADBFAD23976D937C932CE5B8
:1010B0003FE043EC52EC69857A858B859C850F94E3
:1010C00081AC2FE832E642E554E40F94A2ADA701CB
:1010D00096010F9481AC6B017C0120E030E045ED7E
:1010E00052EC69857A858B859C850F9481AC20E0D4
:1010F00030EA4DE554E40F94A2ADA50194010F949C
:1011000081AC9B01AC01C701B601E0CC2EEA37E40B
:1011100049EB52EC69817A818B819C810F9481AC7F
:1011200023EC35EF45E454E40F94A2AD4B015C0190
:1011300028EB3EE141EA52EC6D817E818F819885FA
:101140000F9481AC2BE734E84FE354E40F94A2AD45
:101150006D877E878F87988B26EF38E24DEB52ECB8
:1011600069857A858B859C850F9481AC26E636E46B
:1011700042E554E40F94A2AD698B7A8B8B8B9C8BE8
:101180002DEC3CEC48EF51E4C301B2010F941BACD1
:1011900018160CF494C0A30192016DEC7CEC88EF5E
:1011A00091E40F94A1AD24E333E343E850E40F94BA
:1011B0000EAE2B013C01AC019B0160E070E080E8C9
:1011C0009FE30F94A1AD6B017C012AE037E541EC70
:1011D00052EC69817A818B819C810F9481AC23E3ED
:1011E00033EB48E454E40F94A2ADA30192010F94B1
:1011F00081AC69837A838B839C83A5019401C701A9
:10120000B6010F9481AC9B01AC0169817A818B811D
:101210009C810F94A2AD0F9480AED1016D937C930D
:1012200023E333EB46EA52EC6D817E818F81988512
:101230000F9481AC2CE53FE740E454E40F94A2AD59
:10124000A30192010F9481AC4B015C012D853E8579
:101250004F855889C701B6010F9481AC9B01AC0141
:10126000C501B4010F94A2AD0F9480AE2396EEADEC
:10127000FFAD2397718360832CE53FE043EC52EC94
:1012800069857A858B859C850F9481AC2FE832E641
:1012900042E554E40F94A2ADA30192010F9481ACF6
:1012A0004B015C0129893A894B895C89C701B601E8
:1012B0000F9481AC9B01AC01C501B401BECBC5014B
:1012C000B4010F9480AEF101718360836D857E85DA
:1012D0008F8598890F9480AE2396AEADBFAD2397CE
:1012E0006D937C9369897A898B899C89F1CB0F9363
:1012F0001F938A019B0190E0FC01E352FC4364913F
:10130000FC01E956FC43E491F0E0EE0FFF1FED59BC
:10131000FC438591949140E00F948C156115710503
:101320008105910529F06F5F7F4F8F4F9F4F9F7011
:101330001F910F91089520E030E040E85FE36AE0FC
:1013400070E00C94F5C3CF93DF93AB01BC018CE646
:101350009CE00F941E00EC018CE69CE00E944EF590
:101360008C0F9D1FDF91CF9108950E9473C98093C8
:1013700083070E946AC9809382079091830799230B
:1013800011F081111EC061E971EC8CE69CE00E94B5
:1013900052F50E94FADA0E9473C9809383070E9473
:1013A0006AC98093820790918307992311F0811174
:1013B00008C06FE471EC8CE69CE00E9452F580E07E
:1013C000089580918107882319F064E271ECF3CFCE
:1013D00081E0089582E39FE00E94B4F78111FACF83
:1013E000089560E970EC8CE69CE00E94F3FF6FE0EA
:1013F0007EE08CE69CE00E9468F56DE870EC8CE67F
:101400009CE00E9452F565E870EC8FE09BE00E9442
:10141000F3FF6FE07EE08FE09BE00E9468F562E8FA
:1014200070EC8FE09BE00C94F3FF109280078091AA
:10143000480290E00E94F1FC68EC81EA9FE00E9483
:10144000BCF868EC8BE89FE00C94BCF8CF93DF937A
:10145000282F30E0F901EC59FB448491F901E35263
:10146000FC43D491F901E956FC43C491CC23A1F08B
:1014700081110E9400FFEC2FF0E0EE0FFF1FED59ED
:10148000FC43A591B491EC91ED2381E090E009F447
:1014900080E0DF91CF91089580E090E0FACF1F9334
:1014A000CF93DF93282F30E0F901EC59FB4484916E
:1014B000F901E352FC43D491F901E956FC43C4918C
:1014C000CC23A9F0162F81110E9400FFEC2FF0E031
:1014D000EE0FFF1FE358FC43A591B4918FB7F8942A
:1014E000EC91111108C0D095DE23DC938FBFDF9102
:1014F000CF911F910895DE2BF8CF0F931F93CF93B9
:10150000DF93182F062F60E081E30F944F0AC7E0A6
:10151000D0E0CE010197F1F7812F0E9496C9182FD4
:101520002197F1F7602F81E30F944F0A812FDF910C
:10153000CF911F910F9108950F931F93CF93DF9336
:10154000CDB7DEB760970FB6F894DEBF0FBECDBF44
:1015500060E080E00F947D0A082F10E0102F002734
:1015600087E090E00197F1F761E080E00F947D0A59
:10157000082BFE01319690E080E0A801082E02C001
:10158000569547950A94E2F7417041930196803150
:10159000910599F79E858C8598278A859827888557
:1015A00098278E8198278C81982781E04A8194130F
:1015B00080E09889981323C09D858B85982789851D
:1015C00098278F8198278D8198278B81982781E094
:1015D0004981941380E09F85981311C0C8019695A6
:1015E0008795969587959F7060960FB6F894DEBFA5
:1015F0000FBECDBFDF91CF911F910F9108958FEF57
:101600009FEFF2CFFF920F931F93CF93DF93F82EAC
:10161000062FC7E0D0E010E061E0802F0F944F0A62
:101620008F2D0F94260A0C2E01C0880F0A94EAF71A
:10163000182B60E0802F0F944F0A219768F7812FB5
:10164000DF91CF911F910F91FF9008950F931F93FA
:10165000CF93DF93082F162FC6E7DFE060E08F817E
:101660000F944F0A8D819E810E94B2C9802F80689D
:101670000E9496C9812F0E9496C961E08F810F94C4
:101680004F0A0E9485C987E090E00197F1F7DF914A
:10169000CF911F910F9108956091770F81E00D9484
:1016A000260B9C0199E1283B8BE0380708F083C0AA
:1016B00098E12D318BE0380708F07DC097E12C3898
:1016C0008AE0380708F077C096E1283889E03807C3
:1016D00008F071C095E1203C88E0380708F06BC045
:1016E00094E1263188E0380708F065C093E12A3399
:1016F00087E0380708F05FC092E12F3986E03807AD
:1017000008F059C091E1203F85E0380708F053C048
:1017100090E12D3785E0380708F04DC09FE02C3E62
:1017200084E0380708F047C09EE02E3784E0380791
:1017300008F041C09DE0243284E03807E0F59CE0E9
:101740002B3B83E03807B8F59BE0263683E038076B
:1017500090F59AE02C3083E0380768F599E02B3C4F
:1017600082E0380740F598E0203882E0380718F525
:1017700097E0293482E03807F0F496E02C3182E0DB
:101780003807C8F495E0253E81E03807A0F494E0DE
:101790002D3B81E0380778F493E02B3881E038075F
:1017A00050F492E0233681E0380728F491E0253F99
:1017B000310508F490E08091770F807E982B90930C
:1017C000770F0D944C0B22E0883021F021E080311E
:1017D00009F020E08091770F8F7190E2299F9001AE
:1017E0001124822B8093770F80917A0F887F8093CA
:1017F0007A0F0F944C0B60917A0F89E00D94260BB1
:10180000CF93DF93C6E7DFE06B8183E00F94260B75
:10181000688180E00F94260B0F944C0B6A8182E064
:101820000F94260B6C8189E0DF91CF910D94260BEC
:10183000E6E7FFE083818F7783830D94000CE6E772
:10184000FFE08381806883830D94000CCF93DF9346
:1018500090E0FC01E352FC43249189569C43FC0137
:1018600084918823C9F090E0880F991FFC01E65B02
:10187000FB44A591B491FC01E358FC43C591D4917C
:1018800061110DC09FB7F8948C91209582238C93A1
:101890008881282328839FBFDF91CF9108956230EC
:1018A00051F49FB7F8943C91822F809583238C93B9
:1018B000E8812E2BEFCF8FB7F894EC912E2B2C9341
:1018C0008FBFEACF1F93CF93DF93182FEB0161E017
:1018D0000F94260C209739F460E0812FDF91CF918F
:1018E0001F910D944F0ACF3FD10511F461E0F5CF60
:1018F000E12FF0E0EC59FB44E491E150E23108F0D3
:10190000B3C0F0E08827E857F34F8E4F0D9418B01E
:101910001F0143014501D100B700050111011D015F
:10192000EF00FB00C700ED002301CD0005014101E0
:10193000FF00A10084B5806884BDC7BDDF91CF9151
:101940001F91089584B5806284BDC8BDF7CF809192
:101950008000806880938000D0938900C0938800C5
:10196000EDCF80918000806280938000D0938B00C7
:10197000C0938A00E3CF80918000886080938000CC
:10198000D0938D00C0938C00D9CF8091B000806837
:101990008093B000C093B300D1CF8091B00080623B
:1019A0008093B000C093B400C9CF8091900080684C
:1019B00080939000D0939900C0939800BFCF8091FE
:1019C0009000806280939000D0939B00C0939A0017
:1019D000B5CF80919000886080939000D0939D0057
:1019E000C0939C00ABCF8091A00080688093A00042
:1019F0008091A0008F7B8093A000D093A900C0931A
:101A0000A8009CCF8091A00080628093A000D0931A
:101A1000AB00C093AA0092CF8091A0008860809311
:101A2000A000D093AD00C093AC0088CF809120017E
:101A3000806880932001D0932901C09328017ECF34
:101A400080912001806280932001D0932B01C0936C
:101A50002A0174CF80912001886080932001D09367
:101A60002D01C0932C016ACFC038D1050CF03ECFB8
:101A700033CF3FB7F89480914D1190914E11A091C2
:101A80004F11B091501126B5A89B05C02F3F19F0FA
:101A90000196A11DB11D3FBFBA2FA92F982F8827EE
:101AA000BC01CD01620F711D811D911D42E0660FC9
:101AB000771F881F991F4A95D1F708958F929F929B
:101AC000AF92BF92CF92DF92EF92FF920F931F934C
:101AD000CF93DF93D0911D08D13208F0D7C0182FD3
:101AE000C0911C080F94390D6B017C018091F407A3
:101AF00081116BC082E08093F4071093F3078FEF9E
:101B00008093F2071092F107D093F007ACEFB7E0A3
:101B1000E0EDF7E080E0D81391C01092CF078091FC
:101B2000CF07CC0FC82BC093CF078091CE07813051
:101B300009F088C01092CE070F94390D6B017C011B
:101B40008091CF078093BB008091F6079091F707B3
:101B5000A091F807B091F907892B8A2B8B2BA1F064
:101B60000F94390D0091F6071091F7072091F807AF
:101B70003091F9076C197D098E099F09061717071F
:101B80002807390708F442C08091BC0083FDD8CFF4
:101B900085EC8093BC000F94390D6B017C01809122
:101BA000F407823009F450C08091F2078F3F09F4A6
:101BB0006FC08091F207803209F46CC08091F20707
:101BC000803309F469C084E026C08091F6079091C3
:101BD000F707A091F807B091F907892B8A2B8B2B77
:101BE00009F484CF0F94390D8090F6079090F70791
:101BF000A090F807B090F9076C197D098E099F092C
:101C000086169706A806B90608F070CF8091F507EA
:101C10000E942EFA85E01092FB0710921D08109288
:101C2000FA07DF91CF911F910F91FF90EF90DF9016
:101C3000CF90BF90AF909F908F9008959D9191937A
:101C40008F5F69CF85EEA5CF8091F6079091F7075A
:101C5000A091F807B091F907892B8A2B8B2B09F4F7
:101C60009ECF0F94390D0091F6071091F707209140
:101C7000F8073091F9076C197D098E099F0906173D
:101C800017072807390708F08ACFC0CF81E0C3CFF4
:101C900080E0C1CF82E0BFCF83E0BDCFCF93DF93A1
:101CA000EA01DC0111968D919C91DC01ED91FC9192
:101CB0000280F381E02D1995C817D90729F481E036
:101CC0000F945E0D91E0811190E0892FDF91CF910B
:101CD0000895CF93DF9300D0CDB7DEB799838A8381
:101CE0006B838091431190914411FC0124813581D3
:101CF0002330310588F0208131E03093FA072093BA
:101D00001C081092FB0710921D0843E050E0BE0132
:101D10006F5F7F4F0F944E0E0F900F900F90DF91DB
:101D2000CF9108953F924F925F926F927F928F92E0
:101D30009F92AF92BF92CF92DF92EF92FF920F935A
:101D40001F93CF93DF931F921F92CDB7DEB71982F7
:101D50008A838091431190914411DC0114962D9156
:101D60003C9115972230310588F02C9131E0309369
:101D7000FA0720931C081092FB0710921D0842E0FE
:101D800050E0BE016F5F7F4F0F944E0EE090431105
:101D9000F0904411DD24D394AA24AA9485EEC82E91
:101DA00095ECB92E01E0F70184819581892B09F426
:101DB00000E0802E912CD7013C900F94390D2B011F
:101DC0003C018091F407811164C0102FD092F40778
:101DD0000093F307A092F2071092F1078FEF800FA4
:101DE0008093F007D092CF078091CF07330C382A29
:101DF0003092CF078091CE07813009F08CC01092CD
:101E0000CE070F94390D2B013C018091CF078093B1
:101E1000BB008091F6079091F707A091F807B09169
:101E2000F907892B8A2B8B2BA1F00F94390D209168
:101E3000F6073091F7074091F8075091F9076419B8
:101E4000750986099709261737074807590708F4BF
:101E500041C08091BC0083FDD8CFB092BC000F94EC
:101E6000390D2B013C018091F407813009F456C0F3
:101E70008091F107801710F41091F107E0EDF7E081
:101E8000AEEAB7E080E0811751F191919D938F5FA9
:101E9000FACF8091F6079091F707A091F807B091DB
:101EA000F907892B8A2B8B2B09F48BCF0F94390DD3
:101EB0002091F6073091F7074091F8075091F90704
:101EC00064197509860997092617370748075907BE
:101ED00008F077CF8091F5070E942EFA10E010925B
:101EE000AD071093AC07012F10E008151905D9F5BF
:101EF00090E080E08017910798F5F7018181928149
:101F0000DC01ED91FC910284F385E02D1995898324
:101F100081E090E0EFCFC092BC00A1CF8091F607A6
:101F20009091F707A091F807B091F907892B8A2BB8
:101F30008B2B09F498CF0F94390D2091F60730912F
:101F4000F7074091F8075091F90764197509860958
:101F50009709261737074807590708F084CFBACFE3
:101F6000012B09F41FCF89810F900F90DF91CF9142
:101F70001F910F91FF90EF90DF90CF90BF90AF90A7
:101F80009F908F907F906F905F904F903F900895BB
:101F90008DE490E00F94920E82958F700895CF9308
:101FA0008DE490E00F94920E80FFFACF61E088E11B
:101FB00090E00F94690E8FE490E00F94920E82FFF0
:101FC000FACF82E690E00F94920EC82F67E085E189
:101FD00090E00F94690E8C2FCF910895CF92DF92ED
:101FE000EF92FF920F931F93CF930F94390D6B01D4
:101FF0007C018091810F0F94260A892BE9F1809151
:10200000810F0F94260A892B59F00F94390D6C1902
:102010007D098E099F0969397A438105910578F315
:10202000F8946091800F8091810F0F94020B082F1C
:102030006091800F8091810F0F94020BC82F6091E7
:10204000800F8091810F0F94020B182FF12CE12C3F
:102050008091820F8E151F0499F190F161E08091BB
:10206000800F0F944F0A60E08091800F0F944F0A09
:102070008FEFE81AF80AECCF8091810F0F94260AAF
:10208000892B59F40F94390D6C197D098E099F091C
:1020900069397A438105910578F38091810F0F9416
:1020A000260A892B09F4BCCF0F94390D6C197D09D0
:1020B0008E099F09613375478105910570F3B0CF93
:1020C00078946C2F70E090E080E0982F872F762F27
:1020D0006627802B612B000F000B10E030E020E022
:1020E000302F222711270027602B712B822B932B57
:1020F000CF911F910F91FF90EF90DF90CF900895B7
:10210000CF92DF92EF92FF92CF93DF93C82FC12C33
:10211000D12C7601D0E00F94EE0FC60ED71EE81E2C
:10212000F91EDF5FCD13F7CF2C2F30E050E040E0F9
:10213000C701B6010F94F9AFCA01B901DF91CF9180
:10214000FF90EF90DF90CF9008958F929F92AF9283
:10215000BF92CF92DF92EF92FF926B017C010F94BE
:10216000390D4B015C01C114D104E104F104B9F053
:102170000F94390D681979098A099B09683E7340E3
:102180008105910580F321E0C21AD108E108F10828
:1021900088EE880E83E0981EA11CB11CE4CFFF904E
:1021A000EF90DF90CF90BF90AF909F908F90089569
:1021B0004F925F926F927F928F929F92AF92BF9257
:1021C000CF92DF92EF92FF920F931F93CF93DF9303
:1021D000CDB7DEB72E970FB6F894DEBF0FBECDBFDA
:1021E00069874983682F70E090E080E00F9422AC0B
:1021F00020E030E04FE753E40F940EAE6D837E8312
:102200008F8398872985622F70E090E080E00F949B
:1022100022AC20E030E04FE753E40F940EAE698724
:102220007A878B879C873981632F70E090E080E00C
:102230000F9422AC20E030E04FE753E40F940EAE51
:102240004B015C0104E610E01E861D86C801012ECC
:10225000000CAA0BBB0B89839A83AB83BC83809150
:10226000A30F9091A40FAD85BE85A817B90708F0FC
:102270004DC069817A818B819C810F9422AC2B01A6
:102280003C0120E030E0A9010F9481AC0F9487AEAF
:10229000C62ED12CF12CE12CFC2CEE24DD24CC24F8
:1022A000A30192016D817E818F8198850F9481AC0D
:1022B0000F9487AEE62AA3019201C501B4010F94E1
:1022C00081AC0F9487AEC62AA301920169857A85F5
:1022D0008B859C850F9481AC0F9487AED62AA7017D
:1022E00096016D857E8581EA9FE00E94F0F8A70146
:1022F00096016D857E858BE89FE00E94F0F82D8524
:102300003E852F5F3F4F3E872D87A9CF61E070E06C
:1023100080E090E00F94A51081EA9FE00E945CF9B4
:102320008BE89FE00E945CF90F5F1F4F011531E0C1
:10233000130709F089CF0FEF10E01E861D86C80134
:10234000012E000CAA0BBB0B89839A83AB83BC8341
:102350008091A30F9091A40FAD85BE85A817B907F2
:1023600008F04DC069817A818B819C810F9422ACE9
:102370002B013C0120E030E0A9010F9481AC0F94C7
:1023800087AEC62ED12CF12CE12CFC2CEE24DD24C2
:10239000CC24A30192016D817E818F8198850F9459
:1023A00081AC0F9487AEE62AA3019201C501B40166
:1023B0000F9481AC0F9487AEC62AA3019201698560
:1023C0007A858B859C850F9481AC0F9487AED62A35
:1023D000A70196016D857E8581EA9FE00E94F0F855
:1023E000A70196016D857E858BE89FE00E94F0F83D
:1023F0002D853E852F5F3F4F3E872D87A9CF61E01A
:1024000070E080E090E00F94A51081EA9FE00E94C8
:102410005CF98BE89FE00E945CF9015011090336DA
:10242000110509F08ACF2E960FB6F894DEBF0FBEC5
:10243000CDBFDF91CF911F910F91FF90EF90DF9073
:10244000CF90BF90AF909F908F907F906F905F9054
:102450004F900895AF92BF92CF92DF92EF92FF928A
:102460001F93CF93DF931092410E1092440E8091F0
:102470002F0E9091300E892B21F01092300E109279
:102480002F0ED1E080912D0E90912E0EDC01ED915A
:10249000FC910084F185E02D1995892B09F43FC04A
:1024A00080912D0E90912E0EDC01ED91FC91048413
:1024B000F585E02D1995029791F162EF70EC8CE6AD
:1024C0009CE00E94F3FF80912D0E90912E0EDC0176
:1024D000ED91FC910284F385E02D1995C82F0F949E
:1024E0007300CF3F79F6D093440E6AEB70EC8CE624
:1024F0009CE00E9452F5C6CF68E970EC8CE69CE047
:102500000E94F3FF80912D0E90912E0EDC01ED9133
:10251000FC910284F385E02D19950F94560080916B
:102520002D0E90912E0EDC01ED91FC910084F18531
:10253000E02D199520912F0E3091300E892B21F12D
:102540002E303105CCF680912D0E90912E0EDC01AF
:10255000ED91FC910284F385E02D199520912F0EC9
:102560003091300EA9014F5F5F4F5093300E409372
:102570002F0E235D314FF90186836AE070E080E021
:1025800090E00F94A510CBCF2E30310509F086C016
:102590008091330E823009F081C08091400E8330EB
:1025A00009F07CC080913E0E0E9427FCE82E8091AD
:1025B0003F0E0E9427FCB0E1EB9E70011124E80E53
:1025C000F11C8091340E0E9427FCA82E8091350EBC
:1025D0000E9427FCB82E8091360E0E9427FCC82E40
:1025E0008091370E0E9427FCE0E1CE9E600111240D
:1025F000C80ED11C8091380E0E9427FCC82F8091F4
:10260000390E0E9427FCF0E1CF9FE0011124C80F92
:10261000D11DCC26DD2680913A0E0E9427FCC82FC2
:1026200080913B0E0E9427FC20E1C29FE001112413
:10263000C80FD11DCC25DD2530E1A39EC00111249A
:10264000DC01AB0DB11D81E090E0AE15BF0511F0CE
:1026500090E080E0C827D92780913C0E0E9427FC9B
:10266000182F80913D0E0E9427FCB0E11B9F900126
:102670001124820F932F911DC817D90779F081E09B
:102680008093410E8093320EDF91CF911F91FF9086
:10269000EF90DF90CF90BF90AF9008951092410ED1
:1026A0001092320E80E0F0CF2FB7F894609149116C
:1026B00070914A1180914B1190914C112FBF089548
:1026C0003F924F925F926F927F928F929F92AF92C2
:1026D000BF92CF92DF92EF92FF920F931F93CF930F
:1026E000DF93CDB7DEB72E970FB6F894DEBF0FBEDF
:1026F000CDBF0F9454136D837E838F839887809111
:10270000EB0F9091EC0FA091ED0FB091EE0F4D817A
:102710005E816F817885481B590B6A0B7B0B80911A
:10272000F70F9091F80FA091F90FB091FA0F481799
:1027300059076A077B0708F43CC1E091E50FF09167
:10274000E60F80819181A281B38189839A83AB83D3
:10275000BC83E091E90FF091EA0F9C01AD0160812B
:102760007181828193810F94A1AD4B015C01209115
:10277000F30F3091F40F4091F50F5091F60F6981EE
:102780007A818B819C810F94A1AD6B017C0120919A
:10279000D90F3091DA0F4091DB0F5091DC0FC5015A
:1027A000B4010F9481AC2091EF0F3091F00F409164
:1027B000F10F5091F20F0F94A2AD2B013C0140920A
:1027C000EF0F5092F00F6092F10F7092F20F309075
:1027D000041031101AC02091D50F3091D60F4091BE
:1027E000D70F5091D80FC701B6010F9481AC9B0150
:1027F000AC01C301B2010F94A1AD6093EF0F7093D0
:10280000F00F8093F10F9093F20F4090EF0F5090E4
:10281000F00F6090F10F7090F20F1091FF0F9091F8
:1028200000109E87A0910110AD8700910210212F0A
:10283000392F4A2F502FC301B2010F94B6AE18168C
:102840000CF09AC0812F9E85AD85B02F8093EF0F3D
:102850009093F00FA093F10FB093F20F332009F48F
:10286000A4C02091D50F3091D60F4091D70F509131
:10287000D80FC501B4010F9481AC4B015C012091CC
:10288000DD0F3091DE0F4091DF0F5091E00FC70157
:10289000B6010F9481AC9B01AC016091EF0F709178
:1028A000F00F8091F10F9091F20F0F94A1ADA5015F
:1028B00094010F94A2AD6B017C019B01AC01612FCF
:1028C0007E858D85902F0F941BAC87FD18C01091CD
:1028D000FB0F9091FC0F9E87A091FD0FAD8700919B
:1028E000FE0F212F392F4A2F502FB601C7010F9409
:1028F0001BAC87FD04C01C2DDE86ED860F2DE091FC
:10290000E70FF091E80F812F9E85AD85B02F808372
:102910009183A283B38389819A81AB81BC818093A7
:10292000F30F9093F40FA093F50FB093F60F8D81F2
:102930009E81AF81B8858093EB0F9093EC0FA093AD
:10294000ED0FB093EE0F81E02E960FB6F894DEBF38
:102950000FBECDBFDF91CF911F910F91FF90EF90F0
:10296000DF90CF90BF90AF909F908F907F906F90AF
:102970005F904F903F9008958091FB0F9091FC0FD6
:10298000A091FD0FB091FE0F89879A87AB87BC8716
:102990009C01AD01C301B2010F941BAC87FF5ECF58
:1029A00089859A85AB85BC8551CF812C912C5401AA
:1029B00066CF80E0C9CF6F927F928F929F92AF9245
:1029C000BF92CF92DF92EF92FF920F931F93CF931C
:1029D000DF93EC013B018A016901FA011182108247
:1029E0000F9454134B015C01F12CE12C0F94541300
:1029F000681979098A099B09F801208131816C15D0
:102A00007D058E059F0598F42F3F310580F4E88100
:102A1000F9810084F185E02DCE011995892BD1F43F
:102A200065E070E080E090E00F94A510DFCF81E0DA
:102A3000232B09F480E0DF91CF911F910F91FF903C
:102A4000EF90DF90CF90BF90AF909F908F907F904E
:102A50006F900895E881F9810284F385E02DCE011D
:102A60001995F80120813181A9014F5F5F4F518392
:102A70004083260D371DF90180830F9454134B01B9
:102A80005C01B4CF1F920F920FB60F9211242F93B7
:102A90003F938F939F93AF93BF93809149119091F0
:102AA0004A11A0914B11B0914C113091481123E083
:102AB000230F2D3758F50196A11DB11D2093481104
:102AC0008093491190934A11A0934B11B0934C11EC
:102AD00080914D1190914E11A0914F11B0915011D4
:102AE0000196A11DB11D80934D1190934E11A0939D
:102AF0004F11B0935011BF91AF919F918F913F9122
:102B00002F910F900FBE0F901F90189526E8230F5E
:102B10000296A11DB11DD2CFCF92DF92EF92FF920C
:102B20000F931F93E82FF92F05C0015011092109B8
:102B3000310961F1908196239417B9F305C00150D2
:102B400011092109310911F1908196239413F7CFCE
:102B5000C12CD12CE12CF12C0AC08FEFC81AD80A55
:102B6000E80AF80A0C151D052E053F0579F080814D
:102B70008623841791F36C2D7D2D8E2D9F2D1F9113
:102B80000F91FF90EF90DF90CF90089560E070E09C
:102B900080E090E01F910F91FF90EF90DF90CF9039
:102BA00008958F929F92AF92BF92CF92DF92EF9251
:102BB000FF924B015C0169017A0169EE79E08CE6D4
:102BC0009CE00E94F3FFB501A4018CE69CE00F9409
:102BD0001E0064EE79E08CE69CE00E94F3FFC701E2
:102BE000B6010F94A30961E675E08CE69CE0FF90C6
:102BF000EF90DF90CF90BF90AF909F908F900C940C
:102C000066F54F925F926F927F928F929F92AF92F2
:102C1000BF92CF92DF92EF92FF920F931F93CF93C9
:102C2000DF93CDB7DEB72D970FB6F894DEBF0FBE9A
:102C3000CDBF2B013C012D833E834F835887E9860E
:102C4000FA860B871C874601AD8661E08AE00E9408
:102C5000A7C469837A838B839C836DE374E08CE6DD
:102C60009CE00E94F3FF43E050E069817A818B8110
:102C70009C810F942E030F9454136B017C016BE025
:102C80008EE49EE00F94C86861E070E080E090E020
:102C90000F94A51085E49EE00F94B75785E49EE05D
:102CA0000F94E55768E077E085E49EE00F941F926B
:102CB00061E081E08816910441F163E092E08916B9
:102CC000910419F164E0A4E08A169104F1F065E042
:102CD000B8E08B169104C9F066E080E18816910493
:102CE000A1F067E090E28916910479F068E0A0E431
:102CF0008A16910451F069E0B0E88B16910429F02E
:102D0000811481E0980629F46AE085E49EE00F943E
:102D1000A05785E49EE00F94B0576AE070E080E031
:102D200090E00F94A51080E59EE00F94419240E062
:102D300050E0BA0180E59EE00E9421F8C301B20193
:102D40000F9422AC4B015C01BC01A40180E59EE024
:102D50000E9442F76D817E818F8198850F9422AC0D
:102D6000AB01BC0180E59EE00F94A46889859A853B
:102D7000AB85BC85C80ED91EEA1EFB1E40E452E49A
:102D80006FE070E077FE04C040EC5DEB60EF7FEF3A
:102D900080E59EE00E944EF89D859093B3002091BF
:102DA000640E3091650E4091660E5091670EC5011C
:102DB000B4010F94B6AE18162CF480E59EE00E9484
:102DC000B4F7EDCF8091700082608093700081E055
:102DD000809357060F9454134B015C010F945413C6
:102DE0006C157D058E059F05F0F50F945413681939
:102DF00079098A099B096B3F71058105910510F1DD
:102E00000F9454134B015C014091640E5091650E78
:102E10006091660E7091670E22E030E08CE69CE0D7
:102E20000E9464F56FE974E08CE69CE00E9466F510
:102E300060915C0E70915D0E80915E0E90915F0EC0
:102E40000F94A30961E08AE00E94A7C46093A807D9
:102E50007093A9078093AA079093AB0742E050E0D4
:102E60000F942E03BBCF63E374E08CE69CE00E94DA
:102E700052F54091640E5091650E6091660E70910E
:102E8000670E22E030E08CE69CE00E9464F56FE97A
:102E900074E08CE69CE00E9466F560915C0E709197
:102EA0005D0E80915E0E90915F0E0F94A30980914C
:102EB00070008D7F80937000109257064CE05EEF9B
:102EC0006FEF7FEF80E59EE00E944EF84091600E2C
:102ED0005091610E6091620E7091630E80915C0E54
:102EE00090915D0EA0915E0EB0915F0E481759074C
:102EF0006A077B0791F180E59EE00E94B4F70F948A
:102F00005413681979098A099B096333710581058E
:102F10009105E0F20F9454134B015C014091640E53
:102F20005091650E6091660E7091670E22E030E060
:102F30008CE69CE00E9464F56FE974E08CE69CE00E
:102F40000E9466F560915C0E70915D0E80915E0E40
:102F500090915F0E0F94A309B9CF6EE274E08CE6F6
:102F60009CE00E9452F54091640E5091650E609174
:102F7000660E7091670E22E030E08CE69CE00E94C5
:102F800064F56FE974E08CE69CE00E9466F5609160
:102F90005C0E70915D0E80915E0E90915F0E0F94AD
:102FA000A309809170008D7F809370001092570666
:102FB00080E59EE00E945DF885E49EE00F94A957AD
:102FC00061E08AE00E94A7C46B017C016FE174E0BC
:102FD0008CE69CE00E94F3FF43E050E0C701B6019D
:102FE0000F942E0368EE73E080E090E00F94A5103C
:102FF00061E08AE00E94A7C46B017C016AE074E092
:103000008CE69CE00E94F3FF43E050E0C701B6016C
:103010000F942E0367EF73E08CE69CE00E94F3FFB1
:1030200029813A814B815C81C701B6010F94A1AD22
:1030300043E050E02D960FB6F894DEBF0FBECDBF33
:10304000DF91CF911F910F91FF90EF90DF90CF9084
:10305000BF90AF909F908F907F906F905F904F90B8
:103060000D942E031F93CF93DF93CDB7DEB76297F6
:103070000FB6F894DEBF0FBECDBF80912B0E90919E
:103080002C0E10E0181619060CF07EC06DE073E1EE
:10309000CE010D960E94ADF3BE01635F7F4F87E2C4
:1030A0009EE00E94D8F111E097FF2AC065E073E12D
:1030B000CE0107960E94ADF3BE01695F7F4F87E2A4
:1030C0009EE00E94D8F111E097FF16C06DEF72E10B
:1030D000CE0101960E94ADF3BE016F5F7F4F87E284
:1030E0009EE00E94D8F19095192F111F1127111FF2
:1030F000CE0101960E947BF3CE0107960E947BF3DE
:10310000CE010D960E947BF311113EC064EF72E177
:10311000CE010D960E94ADF3BE01635F7F4F81E249
:103120009EE00E94D8F111E097FF2AC06CEE72E198
:10313000CE0107960E94ADF3BE01695F7F4F81E229
:103140009EE00E94D8F111E097FF16C064EE72E194
:10315000CE0101960E94ADF3BE016F5F7F4F81E209
:103160009EE00E94D8F19095192F111F1127111F71
:10317000CE0101960E947BF3CE0107960E947BF35D
:10318000CE010D960E947BF3812F62960FB6F894C4
:10319000DEBF0FBECDBFDF91CF911F910895AF92DB
:1031A000BF92CF92DF92EF92FF920F931F93CF9334
:1031B000DF9300D000D0CDB7DEB707E110E1F12CEE
:1031C000E12CB12C86E0A82E60EA74E0C8010E94D0
:1031D0000CF29FEFE91AF90A811150C061EA74E01C
:1031E000C8010E940CF2811149C06AE478E0CE0166
:1031F00001960E94ADF3BE016F5F7F4FC8010E9430
:1032000021F2D82ECE0101960E947BF3D11036C058
:10321000670182E3C816D1048CF5AC9CB001AD9C6B
:10322000700D1124695E7F4EC8010E9421F29FEF4C
:10323000C91AD90A882369F361E278E08CE69CE038
:103240000E94F3FFB7018CE69CE00F9450006BE105
:1032500078E08CE69CE00E94F3FFB6018CE69CE0EF
:103260000F94500068E178E08CE69CE00E94F3FF48
:10327000C8010F94F102BB24B394CBCF0A5F1F4F58
:1032800082E3E816F10409F09FCF8B2D26960FB646
:10329000F894DEBF0FBECDBFDF91CF911F910F918C
:1032A000FF90EF90DF90CF90BF90AF900895CF92B6
:1032B000DF92EF92FF920F931F93CF93DF93CDB7DF
:1032C000DEB76E970FB6F894DEBF0FBECDBF182FD6
:1032D000C62E60EA74E0CE0149960E94BFF3809149
:1032E0000704882309F4C0C06DEF78E08FE09BE00D
:1032F0000E94F3FF6FED78E08CE69CE00E94F3FF04
:1033000060EA74E0CE0149960E945AF387E1E82E04
:1033100080E1F82E10E000E0D12C60EA74E0CE01EC
:1033200043960E94BFF3DD2031F069EA74E0CE01DC
:1033300043960E945AF30F5F1F4FCC2009F4A8C098
:1033400060E778E0CE010D960E94ADF3B801CE01A2
:1033500001960F940203BE016F5F7F4FCE01079667
:103360000E94B6F3BE01635F7F4FCE0107960E94B5
:1033700001F3BC01CE0143960E9499F2CE0107965B
:103380000E947BF3CE0101960E947BF3CE010D9645
:103390000E947BF3BE016D5E7F4F8FE09BE00E9439
:1033A00068F5BE016D5E7F4F8CE69CE00E9468F57B
:1033B000CE0143960E947BF386E0E80EF11CDD24EB
:1033C000D3940233110509F0A8CF68E678E08FE0C6
:1033D0009BE00E94F3FF61E170E18FE09BE00E94BF
:1033E00068F562E678E08CE69CE00E94F3FF61E11C
:1033F00070E18CE69CE00E9468F56CE578E08FE077
:103400009BE00E94F3FF6BE070E18FE09BE00E9485
:1034100068F566E578E08CE69CE00E94F3FF6BE0DF
:1034200070E18CE69CE00E9468F563E578E08FE04F
:103430009BE00E94F3FF60E578E08CE69CE00E9450
:1034400052F5CE0149960E947BF36E960FB6F89422
:10345000DEBF0FBECDBFDF91CF911F910F91FF90C7
:10346000EF90DF90CF900895112349F065EC78E05C
:103470008FE09BE00E94F3FF6BEA78E03DCF61E9CB
:1034800078E08FE09BE00E94F3FF67E778E034CFBD
:103490006EE678E0CE010D960E94ADF3B801CE0144
:1034A00001960F940203BE016F5F7F4FCE01079616
:1034B0000E94B6F3BE01635F7F4FCE0107960E9464
:1034C00001F3B70154CFE5E6F2E088EE93E02191F5
:1034D00031911216130624F4281739070CF4C90188
:1034E00022E0E93CF20799F7883E23E0920711F4C5
:1034F00090E080E090936402809363020C9415AB9B
:10350000CF92DF92EF92FF92CF93DF936B017C011A
:10351000EA0164E77BE38FE09BE00E94F3FF21E098
:1035200030E0B701A6018FE09BE00E9464F562E7FE
:103530007BE38FE09BE00E94F3FFBE018FE09BE006
:103540000F9450006FE67BE38FE09BE00E94F3FF57
:103550006CE57BE38CE69CE00E94F3FF21E030E029
:10356000B701A6018CE69CE00E9464F56AE57BE366
:103570008CE69CE00E94F3FFBE018CE69CE00F9479
:10358000500066E57BE38CE69CE0DF91CF91FF90F5
:10359000EF90DF90CF900C94F3FF1F93CF93DF93C6
:1035A00000D000D0CDB7DEB760EE78E68CE69CE0C8
:1035B0000E94F3FF84E40F94260A0F9456006EECE9
:1035C00078E68CE69CE00E94F3FF8091810790E012
:1035D0000F94560062EB78E68CE69CE00E94F3FFC5
:1035E00089E20F94260A0F94560066EA78E6CE0127
:1035F00001960E94ADF3BE016F5F7F4F85E19EE0B3
:103600000E9421F2182FCE0101960E947BF3112314
:1036100009F44AC061E978E68FE09BE00E94F3FF7D
:103620008091810763E878E6882311F06BE878E6FB
:103630008FE09BE00E94F3FF89E20F94260A6BE57E
:1036400078E6892B11F062E678E68FE09BE00E9435
:10365000F3FF60E878E68FE09BE00E94F3FF6BE603
:1036600078E68CE69CE00E94F3FF809181076DE490
:1036700078E6882311F065E578E68CE69CE00E9408
:10368000F3FF89E20F94260A6AE378E6892B11F0AA
:1036900061E478E68CE69CE00E94F3FF6AE478E659
:1036A0008CE69CE00E9452F526960FB6F894DEBF99
:1036B0000FBECDBFDF91CF911F9108950F931F9340
:1036C000CF93DF93CDB7DEB76E970FB6F894DEBF1A
:1036D0000FBECDBF811127C080915406811104C057
:1036E000809155068823F9F06EE072E4CE010196D0
:1036F0000E94ADF3BE016F5F7F4F85E19EE00E94A7
:1037000021F2182FCE0101960E947BF3111165C0A2
:103710006E960FB6F894DEBF0FBECDBFDF91CF918E
:103720001F910F91089561EF71E48CE69CE00E9477
:1037300052F587E00F94260A8C0162EC71E48CE666
:103740009CE00E94F3FF81E090E0012B11F490E0F7
:1037500080E00F94560061E085E00F944F0A68EE18
:1037600073E080E090E00F94A51087E00F94260AA4
:103770008C0164E971E48CE69CE00E94F3FF81E037
:1037800090E0012B11F490E080E00F94560060E08F
:1037900085E00F944F0A64E871E4CE0101960E941F
:1037A000ADF3BE016F5F7F4F85E19EE00E9421F285
:1037B000182FCE0101960E947BF3112309F4A8CFA4
:1037C00062E671E48FE09BE00E94F3FF60E471E445
:1037D0008CE69CE00E94F3FF9BCF8091550667E04A
:1037E00071E4882311F061E171E4CE0107960E9433
:1037F000ADF36DE371E4CE0149960E94ADF36CE147
:1038000071E4CE010D960E94ADF3BE01635F7F4F60
:10381000CE0143960E94B6F3BE01695F7F4FCE0191
:1038200043960E9401F3BE01675E7F4F0E9401F341
:10383000BC01CE0101960E94B6F3CE0143960E94D0
:103840007BF3CE010D960E947BF3CE0149960E9438
:103850007BF3BE016F5F7F4F8FE09BE00E9468F5B6
:10386000BE016F5F7F4F8CE69CE00E9468F5CE0141
:1038700001960E947BF3CE0107960E947BF348CF0E
:103880002F923F924F925F926F927F928F929F9270
:10389000AF92BF92CF92DF92EF92FF920F931F935E
:1038A000CF93DF93CDB7DEB72C970FB6F894DEBF7A
:1038B0000FBECDBF6C012A013B016AEA79E58CE6B7
:1038C0009CE00E9452F56CE979E58CE69CE00E9450
:1038D000F3FFC6010F9456006EE879E58CE69CE094
:1038E0000E94F3FF42E050E0C301B2010F942E03A7
:1038F000C6010E94BAB464EF71E080E090E00F94DA
:10390000A51061E08AE00E9474C66093830F7093F3
:10391000840F8093850F9093860F0F9490020F94DD
:10392000510220E030E04FE753E460E070E08FE7C1
:1039300093EC0E9467FF1DECE12E1CECF12E0CECC9
:103940001DE320E030E048E452E460E070E080E213
:1039500091E40F9475010E944EC721E0C21AD1086C
:1039600020916302309164028091D1064EE1C41629
:10397000D10408F0D3C181110CC06AED7DEF2E3562
:1039800051E035070CF4E1C160E070E081E694ECB1
:103990000BC0B9016A5D7D4F2E3531400CF4C7C1B3
:1039A00060E070E081E694E46093BD0F7093BE0F19
:1039B0008093BF0F9093C00F61E080E50E94A7C481
:1039C0005B016C0163E879E58CE69CE00E94F3FF03
:1039D00022E030E0A501B6018CE69CE00E9464F58F
:1039E00062E779E58CE69CE00E94F3FF90E080E0DE
:1039F0000F94560081E08093F30569E479E58CE645
:103A00009CE00E94F3FF6091C50F7091C60F8091FA
:103A1000C70F9091C80F0F9480AE8CE69CE00F9476
:103A200050006FE974E08CE69CE00E9466F56091BE
:103A3000BD0F7091BE0F8091BF0F9091C00F0F947A
:103A400080AE8CE69CE00F9450006FE974E08CE649
:103A50009CE00E9466F56091C10F7091C20F809149
:103A6000C30F9091C40F42E050E00F942E030F94C7
:103A700054136F83788789879A87AB86BC86160133
:103A800088248394912CB401092C000C880B990B89
:103A90000F9422ACA30192010F941BAC18160CF4E6
:103AA0004EC060E080E50E94A7C47B018C0160E409
:103AB00079E58CE69CE00E94F3FFB4018CE69CE083
:103AC0000F94500066E379E58CE69CE00E94F3FFDA
:103AD0000F945413AB01BC018CE69CE00F9467007B
:103AE0006AE279E58CE69CE00E94F3FF22E030E098
:103AF000A701B8018CE69CE00E9464F569E179E5D4
:103B00008CE69CE00E94F3FF9501A601B701C80175
:103B10000F94A1AD42E050E00F942E0320E030E07E
:103B20004FEA53E4B701C8010F94B6AE18160CF073
:103B30000FC160EF78E58CE69CE00E9452F568E7E3
:103B400078E58CE69CE00E94F3FF6091C50F7091D0
:103B5000C60F8091C70F9091C80F0F9480AE8CE66E
:103B60009CE00F9450006FE974E08CE69CE00E94AA
:103B700066F56091BD0F7091BE0F8091BF0F90915F
:103B8000C00F0F9480AE8CE69CE00F9450006FE95C
:103B900074E08CE69CE00E9466F56091C10F709124
:103BA000C20F8091C30F9091C40F42E050E00F9478
:103BB0002E031092F3050F949F926CED75E080E058
:103BC00090E00F94A51066E578E58CE69CE00E94F5
:103BD000F3FF6091C50F7091C60F8091C70F909150
:103BE000C80F0F9480AE8CE69CE00F9450006FE9F4
:103BF00074E08CE69CE00E9466F56091BD0F7091C8
:103C0000BE0F8091BF0F9091C00F0F9480AE8CE6D5
:103C10009CE00F9450006FE974E08CE69CE00E94F9
:103C200066F56091C10F7091C20F8091C30F9091A2
:103C3000C40F42E050E00F942E0361E084E60E943E
:103C4000A7C46B017C0165E478E58CE69CE00E94EA
:103C5000F3FF42E050E0C701B6010F942E036FE17D
:103C600078E58CE69CE00E94F3FFC40105970F9471
:103C700056006DE078E5CE0101960E94ADF3BE01DD
:103C80006F5F7F4F85E19EE00E9421F2182FCE01E9
:103C900001960E947BF3112341F16AEE77E58FE0F4
:103CA0009BE00E94F3FF22E030E0B701A6018FE025
:103CB0009BE00E9464F567EE77E58FE09BE00E9451
:103CC000F3FF64EC77E58CE69CE00E94F3FF22E0D2
:103CD00030E0B701A6018CE69CE00E9464F561EC3F
:103CE00077E58CE69CE00E9452F52C960FB6F8948E
:103CF000DEBF0FBECDBFDF91CF911F910F91FF901F
:103D0000EF90DF90CF90BF90AF909F908F907F907B
:103D10006F905F904F903F902F90089581110EC04B
:103D2000B90160577E4F243F31400CF039CE072E49
:103D3000000C880B990B0F9422AC36CE243F41E047
:103D400034070CF021CE60E77EEF621B730BEFCFE0
:103D5000C40165E070E00F94E5AF892BA9F42B85D1
:103D60003C85A101B701C8010F94A1AD2DEC3CEC3D
:103D70004CEC5DE30F941BAC87FF03C06FE978E563
:103D8000DACEEB86FC8618010F9454132F81388508
:103D900049855A85621B730B840B950B683E7340F3
:103DA0008105910538F461E070E080E090E00F94C7
:103DB000A510EACF0F9454136F83788789879A8769
:103DC0004FEF841A940A570168015DCE0F93853630
:103DD000910519F40F910C9477BA8636910519F470
:103DE0000F910C9440B901E021E040E061E00E94B5
:103DF0004BB50F910895BF92CF92DF92EF92FF9251
:103E00000F931F93CF93DF9300D000D0CDB7DEB7D1
:103E10006C017C0121E0E21AF10886E08E9D8001B0
:103E20008F9D100D1124095E1F4E60EA74E0C801D9
:103E30000E940CF281111AC061EA74E0C8010E946C
:103E40000CF2811113C06EE172E4CE0101960E9462
:103E5000ADF3BE016F5F7F4FC8010E9421F2B82E03
:103E6000CE0101960E947BF3BB2019F0C6010F948E
:103E7000E61EB801C6010E9498B2882309F44AC020
:103E8000F701EE0FFF1FEB59FD4F80819181F70184
:103E9000ED53FC4F2081222309F183971816190650
:103EA0003CF0809163029091640218161906BCF5EB
:103EB0008D3B22E0920714F08CEB92E026960FB631
:103EC000F894DEBF0FBECDBFDF91CF911F910F9150
:103ED000FF90EF90DF90CF90BF90089520915B0707
:103EE00030915C072431310594F0AC01990F660BD9
:103EF000770B8091EC059091ED05A091EE05B091C6
:103F0000EF05481759076A077B070CF4CA01895661
:103F10009109C4CF8091630290916402BFCF8CE27B
:103F200091E0CCCF2F923F924F925F926F927F920F
:103F30008F929F92AF92BF92CF92DF92EF92FF92B9
:103F40000F931F93CF93DF93CDB7DEB7C35CD10937
:103F50000FB6F894DEBF0FBECDBF1C01AD964FAFBC
:103F6000AD97AE965FAFAE97AF966FAFAF97E09657
:103F70007FAFE09764EA77E58CE69CE00E9452F51B
:103F800066E977E58CE69CE00E94F3FFC1010F949F
:103F9000560068E877E58CE69CE00E94F3FF42E07B
:103FA00050E0AD966FADAD97AE967FADAE97AF9644
:103FB0008FADAF97E0969FADE0970F942E031092D0
:103FC000F2051092F105810101501109F101EE0F86
:103FD000FF1FED59FD4F20813181C755DF4F3983D8
:103FE0002883C95AD0400F945413C054DF4F6883BC
:103FF00079838A839B83C05CD040C1010F94FB1EF0
:104000006C0126E0209FC001219F900D1124AC017E
:10401000495E5F4E7A0126E030E042E050E0B701B1
:10402000CE018D599F4F0E94D4F368EC79E48CE661
:104030009CE00E94F3FFB7018CE69CE00E9468F5CB
:1040400068EB79E48CE69CE00E94F3FFBE016D59B9
:104050007F4F8CE69CE00E9468F566EA79E48CE686
:104060009CE00E94F3FF61EA79E4CE0101960E9490
:10407000ADF3BE016F5F7F4FCE018D599F4F0E9400
:1040800021F2B82ECE0101960E947BF364E979E417
:10409000B1100D940D296FE879E4CE0101960E94CC
:1040A000ADF3BE016F5F7F4FCE018D599F4F0E94D0
:1040B00021F2B82ECE0101960E947BF363E879E4E9
:1040C000B1100D940D296EE779E4CE0101960E949E
:1040D000ADF3BE016F5F7F4FCE018D599F4F0E94A0
:1040E00021F2B82ECE0101960E947BF362E779E4BB
:1040F000B1100D940D296DE679E4CE0101960E9470
:10410000ADF3BE016F5F7F4FCE018D599F4F0E946F
:1041100021F2B82ECE0101960E947BF361E679E48C
:10412000B1100D940D296CE579E4CE0101960E9441
:10413000ADF3BE016F5F7F4FCE018D599F4F0E943F
:1041400021F2B82ECE0101960E947BF360E579E45E
:10415000B1100D940D296BE479E4CE0101960E9413
:10416000ADF3BE016F5F7F4FCE018D599F4F0E940F
:1041700021F2B82ECE0101960E947BF36EE379E422
:10418000B1100D940D2969E379E4CE0101960E94E6
:10419000ADF3BE016F5F7F4FCE018D599F4F0E94DF
:1041A00021F2B82ECE0101960E947BF36CE279E4F5
:1041B000B1100D940D2967E279E4CE0101960E94B9
:1041C000ADF3BE016F5F7F4FCE018D599F4F0E94AF
:1041D00021F2B82ECE0101960E947BF36CE179E4C6
:1041E000B1100D940D2967E179E4CE0101960E948A
:1041F000ADF3BE016F5F7F4FCE018D599F4F0E947F
:1042000021F2B82ECE0101960E947BF36CE079E496
:10421000B1100D940D2967E079E4CE0101960E945A
:10422000ADF3BE016F5F7F4FCE018D599F4F0E944E
:1042300021F2B82ECE0101960E947BF36CEF78E458
:10424000B1100D940D2967EF78E4CE0101960E941C
:10425000ADF3BE016F5F7F4FCE018D599F4F0E941E
:1042600021F2B82ECE0101960E947BF36CEE78E429
:10427000B1100D940D2967EE78E4CE0101960E94ED
:10428000ADF3BE016F5F7F4FCE018D599F4F0E94EE
:1042900021F2B82ECE0101960E947BF36CED78E4FA
:1042A000B1100D940D2967ED78E4CE0101960E94BE
:1042B000ADF3BE016F5F7F4FCE018D599F4F0E94BE
:1042C00021F2B82ECE0101960E947BF36CEC78E4CB
:1042D000B110A3C767EC78E4CE0101960E94ADF35C
:1042E000BE016F5F7F4FCE018D599F4F0E9421F21B
:1042F000B82ECE0101960E947BF369EB78E4B110F1
:104300008CC764EB78E4CE0101960E94ADF3BE0148
:104310006F5F7F4FCE018D599F4F0E9421F2B82EC3
:10432000CE0101960E947BF368EA78E4B11075C76C
:1043300063EA78E4CE0101960E94ADF3BE016F5F9F
:104340007F4FCE018D599F4F0E9421F2B82ECE0192
:1043500001960E947BF367E978E4B1105EC762E9D9
:1043600078E4CE0101960E94ADF3BE016F5F7F4FEE
:10437000CE018D599F4F0E9421F2B82ECE01019699
:104380000E947BF364E878E4B11047C76FE778E4F4
:10439000CE0101960E94ADF3BE016F5F7F4FCE014B
:1043A0008D599F4F0E9421F2B82ECE0101960E9496
:1043B0007BF363E778E4B11030C76EE678E4CE01B2
:1043C00001960E94ADF3BE016F5F7F4FCE018D5904
:1043D0009F4F0E9421F2B82ECE0101960E947BF3DE
:1043E00062E678E4B11019C76DE578E4CE01019674
:1043F0000E94ADF3BE016F5F7F4FCE018D599F4F7D
:104400000E9421F2B82ECE0101960E947BF36FE448
:1044100078E4B11002C76AE478E4CE0101960E9404
:10442000ADF3BE016F5F7F4FCE018D599F4F0E944C
:1044300021F2B82ECE0101960E947BF36EE378E460
:10444000B110EBC669E378E4CE0101960E94ADF3AA
:10445000BE016F5F7F4FCE018D599F4F0E9421F2A9
:10446000B82ECE0101960E947BF36BE278E4B11086
:10447000D4C666E278E4CE0101960E94ADF3BE0197
:104480006F5F7F4FCE018D599F4F0E9421F2B82E52
:10449000CE0101960E947BF369E178E4B110BDC6BC
:1044A00064E178E4CE0101960E94ADF3BE016F5F36
:1044B0007F4FCE018D599F4F0E9421F2B82ECE0121
:1044C00001960E947BF368E078E4B110A6C663E031
:1044D00078E4CE0101960E94ADF3BE016F5F7F4F7D
:1044E000CE018D599F4F0E9421F2B82ECE01019628
:1044F0000E947BF367EF77E4B1108FC662EF77E439
:10450000CE0101960E94ADF3BE016F5F7F4FCE01D9
:104510008D599F4F0E9421F2B82ECE0101960E9424
:104520007BF366EE77E4B11078C661EE77E4CE01F6
:1045300001960E94ADF3BE016F5F7F4FCE018D5992
:104540009F4F0E9421F2B82ECE0101960E947BF36C
:1045500064ED77E4B11061C66FEC77E4CE010196AB
:104560000E94ADF3BE016F5F7F4FCE018D599F4F0B
:104570000E9421F2B82ECE0101960E947BF362ECDC
:1045800077E4B1104AC66DEB77E4CE0101960E9444
:10459000ADF3BE016F5F7F4FCE018D599F4F0E94DB
:1045A00021F2B82ECE0101960E947BF361EB77E4F5
:1045B000B11033C66CEA77E4CE0101960E94ADF3E8
:1045C000BE016F5F7F4FCE018D599F4F0E9421F238
:1045D000B82ECE0101960E947BF360EA77E4B11019
:1045E0001CC66BE977E4CE0101960E94ADF3BE01D3
:1045F0006F5F7F4FCE018D599F4F0E9421F2B82EE1
:10460000CE0101960E947BF36FE877E4B11005C6F6
:104610006AE877E4CE0101960E94ADF3BE016F5FB8
:104620007F4FCE018D599F4F0E9421F2B82ECE01AF
:1046300001960E947BF36EE777E4B110EEC569E75F
:1046400077E4CE0101960E94ADF3BE016F5F7F4F0C
:10465000CE018D599F4F0E9421F2B82ECE010196B6
:104660000E947BF36DE677E4B110D7C568E677E486
:10467000CE0101960E94ADF3BE016F5F7F4FCE0168
:104680008D599F4F0E9421F2B82ECE0101960E94B3
:104690007BF36CE577E4B110C0C567E577E4CE0144
:1046A00001960E94ADF3BE016F5F7F4FCE018D5921
:1046B0009F4F0E9421F2B82ECE0101960E947BF3FB
:1046C0006AE477E4B110A9C565E477E4CE01019608
:1046D0000E94ADF3BE016F5F7F4FCE018D599F4F9A
:1046E0000E9421F2B82ECE0101960E947BF36AE36C
:1046F00077E4B11092C565E377E4CE0101960E949C
:10470000ADF3BE016F5F7F4FCE018D599F4F0E9469
:1047100021F2B82ECE0101960E947BF369E277E484
:10472000B1107BC564E277E4CE0101960E94ADF33F
:10473000BE016F5F7F4FCE018D599F4F0E9421F2C6
:10474000B82ECE0101960E947BF369E177E4B110A7
:1047500064C564E177E4CE0101960E94ADF3BE0129
:104760006F5F7F4FCE018D599F4F0E9421F2B82E6F
:10477000CE0101960E947BF369E077E4B1104DC54C
:1047800064E077E4CE0101960E94ADF3BE016F5F55
:104790007F4FCE018D599F4F0E9421F2B82ECE013E
:1047A00001960E947BF369EF76E4B11036C564EFA1
:1047B00076E4CE0101960E94ADF3BE016F5F7F4F9C
:1047C000CE018D599F4F0E9421F2B82ECE01019645
:1047D0000E947BF369EE76E4B1101FC564EE76E4C7
:1047E000CE0101960E94ADF3BE016F5F7F4FCE01F7
:1047F0008D599F4F0E9421F2B82ECE0101960E9442
:104800007BF367ED76E4B11008C562ED76E4CE0186
:1048100001960E94ADF3BE016F5F7F4FCE018D59AF
:104820009F4F0E9421F2B82ECE0101960E947BF389
:1048300066EC76E4B110F1C461EC76E4CE01019649
:104840000E94ADF3BE016F5F7F4FCE018D599F4F28
:104850000E9421F2B82ECE0101960E947BF364EBF8
:1048600076E4B110DAC46FEA76E4CE0101960E94D4
:10487000ADF3BE016F5F7F4FCE018D599F4F0E94F8
:1048800021F2B82ECE0101960E947BF364EA76E411
:10489000B110C3C46FE976E4CE0101960E94ADF376
:1048A000BE016F5F7F4FCE018D599F4F0E9421F255
:1048B000B82ECE0101960E947BF364E976E4B11034
:1048C000ACC46FE876E4CE0101960E94ADF3BE0160
:1048D0006F5F7F4FCE018D599F4F0E9421F2B82EFE
:1048E000CE0101960E947BF361E876E4B11095C495
:1048F0006CE776E4CE0101960E94ADF3BE016F5FD6
:104900007F4FCE018D599F4F0E9421F2B82ECE01CC
:1049100001960E947BF36EE676E4B1107EC469E6F0
:1049200076E4CE0101960E94ADF3BE016F5F7F4F2A
:10493000CE018D599F4F0E9421F2B82ECE010196D3
:104940000E947BF36AE576E4B11067C465E576E41E
:10495000CE0101960E94ADF3BE016F5F7F4FCE0185
:104960008D599F4F0E9421F2B82ECE0101960E94D0
:104970007BF366E476E4B11050C461E476E4CE01E2
:1049800001960E94ADF3BE016F5F7F4FCE018D593E
:104990009F4F0E9421F2B82ECE0101960E947BF318
:1049A00065E376E4B11039C460E376E4CE010196A4
:1049B0000E94ADF3BE016F5F7F4FCE018D599F4FB7
:1049C0000E9421F2B82ECE0101960E947BF361E293
:1049D00076E4B11022C46CE176E4CE0101960E9427
:1049E000ADF3BE016F5F7F4FCE018D599F4F0E9487
:1049F00021F2B82ECE0101960E947BF361E176E4AC
:104A0000B1100BC46CE076E4CE0101960E94ADF3C8
:104A1000BE016F5F7F4FCE018D599F4F0E9421F2E3
:104A2000B82ECE0101960E947BF360E076E4B110CF
:104A3000F4C36BEF75E4CE0101960E94ADF3BE01A5
:104A40006F5F7F4FCE018D599F4F0E9421F2B82E8C
:104A5000CE0101960E947BF36EEE75E4B110DDC3CA
:104A600069EE75E4CE0101960E94ADF3BE016F5F61
:104A70007F4FCE018D599F4F0E9421F2B82ECE015B
:104A800001960E947BF36CED75E4B110C6C367ED2F
:104A900075E4CE0101960E94ADF3BE016F5F7F4FBA
:104AA000CE018D599F4F0E9421F2B82ECE01019662
:104AB0000E947BF36AEC75E4B110AFC365EC75E45A
:104AC000CE0101960E94ADF3BE016F5F7F4FCE0114
:104AD0008D599F4F0E9421F2B82ECE0101960E945F
:104AE0007BF369EB75E4B11098C364EB75E4CE0118
:104AF00001960E94ADF3BE016F5F7F4FCE018D59CD
:104B00009F4F0E9421F2B82ECE0101960E947BF3A6
:104B100068EA75E4B11081C363EA75E4CE010196D9
:104B20000E94ADF3BE016F5F7F4FCE018D599F4F45
:104B30000E9421F2B82ECE0101960E947BF367E914
:104B400075E4B1106AC362E975E4CE0101960E9472
:104B5000ADF3BE016F5F7F4FCE018D599F4F0E9415
:104B600021F2B82ECE0101960E947BF366E875E42F
:104B7000B11053C361E875E4CE0101960E94ADF314
:104B8000BE016F5F7F4FCE018D599F4F0E9421F272
:104B9000B82ECE0101960E947BF366E775E4B11052
:104BA0003CC361E775E4CE0101960E94ADF3BE01FE
:104BB0006F5F7F4FCE018D599F4F0E9421F2B82E1B
:104BC000CE0101960E947BF365E675E4B11025C322
:104BD00060E675E4CE0101960E94ADF3BE016F5F01
:104BE0007F4FCE018D599F4F0E9421F2B82ECE01EA
:104BF00001960E947BF364E575E4B1100EC36FE487
:104C000075E4CE0101960E94ADF3BE016F5F7F4F48
:104C1000CE018D599F4F0E9421F2B82ECE010196F0
:104C20000E947BF363E475E4B110F7C26EE375E4B0
:104C3000CE0101960E94ADF3BE016F5F7F4FCE01A2
:104C40008D599F4F0E9421F2B82ECE0101960E94ED
:104C50007BF36DE275E4B110E0C268E275E4CE0169
:104C600001960E94ADF3BE016F5F7F4FCE018D595B
:104C70009F4F0E9421F2B82ECE0101960E947BF335
:104C80006AE175E4B110C9C265E175E4CE0101962F
:104C90000E94ADF3BE016F5F7F4FCE018D599F4FD4
:104CA0000E9421F2B82ECE0101960E947BF368E0AB
:104CB00075E4B110B2C263E075E4CE0101960E94C2
:104CC000ADF3BE016F5F7F4FCE018D599F4F0E94A4
:104CD00021F2B82ECE0101960E947BF366EF74E4B8
:104CE000B1109BC261EF74E4CE0101960E94ADF356
:104CF000BE016F5F7F4FCE018D599F4F0E9421F201
:104D0000B82ECE0101960E947BF364EE74E4B110DC
:104D100084C26FED74E4CE0101960E94ADF3BE0132
:104D20006F5F7F4FCE018D599F4F0E9421F2B82EA9
:104D3000CE0101960E947BF362ED74E4B1106DC266
:104D40006DEC74E4CE0101960E94ADF3BE016F5F7D
:104D50007F4FCE018D599F4F0E9421F2B82ECE0178
:104D600001960E947BF36FEB74E4B11056C26AEBBC
:104D700074E4CE0101960E94ADF3BE016F5F7F4FD8
:104D8000CE018D599F4F0E9421F2B82ECE0101967F
:104D90000E947BF36CEA74E4B1103FC267EA74E4EA
:104DA000CE0101960E94ADF3BE016F5F7F4FCE0131
:104DB0008D599F4F0E9421F2B82ECE0101960E947C
:104DC0007BF369E974E4B11028C264E974E4CE01AC
:104DD00001960E94ADF3BE016F5F7F4FCE018D59EA
:104DE0009F4F0E9421F2B82ECE0101960E947BF3C4
:104DF00067E874E4B11011C262E874E4CE01019670
:104E00000E94ADF3BE016F5F7F4FCE018D599F4F62
:104E10000E9421F2B82ECE0101960E947BF365E735
:104E200074E4B110FAC160E774E4CE0101960E9407
:104E3000ADF3BE016F5F7F4FCE018D599F4F0E9432
:104E400021F2B82ECE0101960E947BF363E674E452
:104E5000B110E3C16EE574E4CE0101960E94ADF39A
:104E6000BE016F5F7F4FCE018D599F4F0E9421F28F
:104E7000B82ECE0101960E947BF361E574E4B11077
:104E8000CCC16CE474E4CE0101960E94ADF3BE0186
:104E90006F5F7F4FCE018D599F4F0E9421F2B82E38
:104EA000CE0101960E947BF36FE374E4B110B5C1AB
:104EB0006AE374E4CE0101960E94ADF3BE016F5F18
:104EC0007F4FCE018D599F4F0E9421F2B82ECE0107
:104ED00001960E947BF36CE274E4B1109EC167E21C
:104EE00074E4CE0101960E94ADF3BE016F5F7F4F67
:104EF000CE018D599F4F0E9421F2B82ECE0101960E
:104F00000E947BF369E174E4B11087C164E174E449
:104F1000CE0101960E94ADF3BE016F5F7F4FCE01BF
:104F20008D599F4F0E9421F2B82ECE0101960E940A
:104F30007BF367E074E4B11070C162E074E4CE0109
:104F400001960E94ADF3BE016F5F7F4FCE018D5978
:104F50009F4F0E9421F2B82ECE0101960E947BF352
:104F600064EF73E4B11059C16FEE73E4CE010196A2
:104F70000E94ADF3BE016F5F7F4FCE018D599F4FF1
:104F80000E9421F2B82ECE0101960E947BF360EEC2
:104F900073E4B11042C16BED73E4CE0101960E943F
:104FA000ADF3BE016F5F7F4FCE018D599F4F0E94C1
:104FB00021F2B82ECE0101960E947BF36DEC73E4D2
:104FC000B1102BC168EC73E4CE0101960E94ADF3E1
:104FD000BE016F5F7F4FCE018D599F4F0E9421F21E
:104FE000B82ECE0101960E947BF36AEB73E4B110F8
:104FF00014C165EB73E4CE0101960E94ADF3BE01CE
:105000006F5F7F4FCE018D599F4F0E9421F2B82EC6
:10501000CE0101960E947BF367EA73E4B110FDC0F4
:1050200062EA73E4CE0101960E94ADF3BE016F5FA8
:105030007F4FCE018D599F4F0E9421F2B82ECE0195
:1050400001960E947BF364E973E4B110E6C06FE857
:1050500073E4CE0101960E94ADF3BE016F5F7F4FF6
:10506000CE018D599F4F0E9421F2B82ECE0101969C
:105070000E947BF362E873E4B110CFC06DE773E484
:10508000CE0101960E94ADF3BE016F5F7F4FCE014E
:105090008D599F4F0E9421F2B82ECE0101960E9499
:1050A0007BF36FE673E4B110B8C06AE673E4CE0137
:1050B00001960E94ADF3BE016F5F7F4FCE018D5907
:1050C0009F4F0E9421F2B82ECE0101960E947BF3E1
:1050D0006AE573E4B110A1C065E573E4CE01019601
:1050E0000E94ADF3BE016F5F7F4FCE018D599F4F80
:1050F0000E9421F2B82ECE0101960E947BF368E453
:1051000073E4B1108AC063E473E4CE0101960E9497
:10511000ADF3BE016F5F7F4FCE018D599F4F0E944F
:1051200021F2B82ECE0101960E947BF366E373E470
:10513000B11073C061E373E4CE0101960E94ADF338
:10514000BE016F5F7F4FCE018D599F4F0E9421F2AC
:10515000B82ECE0101960E947BF361E273E4B11098
:105160005CC06CE173E4CE0101960E94ADF3BE0118
:105170006F5F7F4FCE018D599F4F0E9421F2B82E55
:10518000CE0101960E947BF36BE073E4B11045C041
:1051900066E073E4CE0101960E94ADF3BE016F5F3D
:1051A0007F4FCE018D599F4F0E9421F2B82ECE0124
:1051B00001960E947BF36AEF72E4B1102EC065EF96
:1051C00072E4CE0101960E94ADF3BE016F5F7F4F86
:1051D000CE018D599F4F0E9421F2B82ECE0101962B
:1051E0000E947BF368EE72E4B11017C063EE72E4C4
:1051F000CE0101960E94ADF3BE016F5F7F4FCE01DD
:105200008D599F4F0E9421F2B82ECE0101960E9427
:105210007BF3BB2031F068ED72E48CE69CE00E94E9
:1052200052F563ED72E4CE0101960E94ADF3BE012A
:105230006F5F7F4FCE018D599F4F0E9421F28111E8
:105240000D9485526EEC72E4CE0189960E94ADF306
:10525000BE01675D7F4FCE018D599F4F0E9421F2A5
:1052600081110D94755269EC72E4CE018F5A9F4FF3
:105270000E94ADF3BE016F5A7F4FCE018D599F4FF3
:105280000E9421F281110D947D5264EC72E4CE01F2
:10529000895A9F4F0E94ADF3BE01695A7F4FCE01DC
:1052A0008D599F4F0E9421F281110D946D526FEB29
:1052B00072E4CE01835A9F4F0E94ADF3BE01635A40
:1052C0007F4FCE018D599F4F0E9421F251E0C95767
:1052D000DF4F5883C758D040811105C0C957DF4FF1
:1052E0001882C758D040CE01835A9F4F0E947BF34B
:1052F000CE01895A9F4F0E947BF3CE018F5A9F4F58
:105300000E947BF3CE0189960E947BF30D948B5211
:10531000CF55DF4F1882C15AD0400D94CE52A1E034
:10532000B0E0C657DF4FB983A883CA58D0400D9468
:105330004C4F20E030E040EA51E4EF966FADEF973C
:10534000C058DF4F7881C058D040CF57DF4F888199
:10535000C158D040CE57DF4F9881C258D0400F94EB
:10536000B6AE87FD08C0CF55DF4F3881C15AD04057
:10537000332309F40CC120E030E040E251E4EF9621
:105380006FADEF97C058DF4F7881C058D040CF57EE
:10539000DF4F8881C158D040CE57DF4F9881C25827
:1053A000D0400F94B6AE87FF05C120E030E040EA60
:1053B00050E4EF966FADEF97C058DF4F7881C0583B
:1053C000D040CF57DF4F8881C158D040CE57DF4FF4
:1053D0009881C258D0400F94B6AE87FFF6C020E047
:1053E00030E040E050E4EF966FADEF97C058DF4FEC
:1053F0007881C058D040CF57DF4F8881C158D04006
:10540000CE57DF4F9881C258D0400F94B6AE87FF79
:10541000EFC020E030E040E85FE3EF966FADEF973C
:10542000C058DF4F7881C058D040CF57DF4F8881B8
:10543000C158D040CE57DF4F9881C258D0400F940A
:10544000B6AE87FFE0C020E030E0A901EF966FAD77
:10545000EF97C058DF4F7881C058D040CF57DF4F0B
:105460008881C158D040CE57DF4F9881C258D04074
:105470000F94B6AE87FDD2C04AE0CC57DF4F4883C9
:10548000C458D04052E0AC965FAFAC97AAE04A2E29
:10549000A7ED5A2EA3EA6A2EACE37A2E0D9422547D
:1054A00084E1CC57DF4F8883C458D04094E0AC9659
:1054B0009FAFAC97FDEC4F2EFCEC5F2E652CFEE30E
:1054C0007F2E0D942254AFE0CC57DF4FA883C458F1
:1054D000D040B3E0AC96BFAFAC975DEC452E5CEC32
:1054E000552E5CE4652E5EE3752E0D942254EAE0A1
:1054F000CC57DF4FE883C458D040F2E0AC96FFAF02
:10550000AC97EAE94E2EE9E95E2EE9E16E2EEEE374
:105510007E2E0D9422542AE0CC57DF4F2883C458A6
:10552000D04032E0AC963FAFAC977FE8472E72ECAC
:10553000572E75E7672E7DE3772E0D9422544AE0AF
:10554000CC57DF4F4883C458D04052E0AC965FAF91
:10555000AC973FE8432E32EC532E35EF632E3CE3FD
:10556000732E0D94225484E1CC57DF4F8883C458A6
:10557000D04091E0AC969FAFAC972DEC422E2CEC36
:10558000522E2CE4622E2DE3722E0D942254A9E1AA
:10559000CC57DF4FA883C458D040B5E0AC96BFAF1E
:1055A000AC9763E3462E542C63EB662E6EE3762EA7
:1055B0000D942254E4E1CC57DF4FE883C458D04027
:1055C000F4E0AC96FFAFAC9788CF2FE0CC57DF4F1D
:1055D0002883C458D04033E0AC963FAFAC974DEC35
:1055E000442E4CEC542E652C4DE3742E0D94225415
:1055F0004FE0CC57DF4F4883C458D04053E0AC96BF
:105600005FAFAC97BACF8AE0CC57DF4F8883C458DE
:10561000D04092E0AC969FAFAC979BCFA4E1CC5723
:10562000DF4FA883C458D040B1E0AC96BFAFAC9771
:10563000A4CFBAE0CC57DF4FB883C458D040E2E0E3
:10564000AC96EFAFAC973FE12316310404F56091BF
:10565000D10681E068278CE00F944F0A8091D10633
:10566000C657DF4FA880B980CA58D040811124C0E6
:10567000B194A194B10820C0FAE0CC57DF4FF88371
:10568000C458D04022E0AC962FAFAC97DCCFB12C01
:10569000A12C43E3241631047CF46091D1068CE004
:1056A0000F944F0A8091D106C657DF4FA880B9806A
:1056B000CA58D0408111DCCFCF56DF4F5881C15935
:1056C000D040552389F1CA55DF4F8881C65AD04052
:1056D000811107C0C455DF4F9881CC5AD04099231F
:1056E00019F11214130404F5AFE12A16310474F40D
:1056F0008091D106C857DF4FA880B980C858D040E4
:10570000811112C0B194A194B1080EC0B3E32B165D
:10571000310454F48091D106C857DF4FA880B98076
:10572000C858D0408111EECFC1010E94BAB4C25610
:10573000DF4F8883CE59D0406EEE72E080E090E07B
:105740000F94A5100E94C1D5C256DF4FE881CE59F3
:10575000D040E111A3C06DE077E58CE69CE00E94AB
:1057600052F56DEF76E5CE0189960E94ADF3BE014C
:10577000675D7F4F85E19EE00E9421F211E081117B
:1057800015C060EF76E5CE0101960E94ADF3BE0133
:105790006F5F7F4F85E19EE00E9421F211E0811151
:1057A00001C010E0CE0101960E947BF3CE018996E4
:1057B0000E947BF3112309F452C06BEC76E58FE075
:1057C0009BE00E94F3FFB1018FE09BE00F9450003B
:1057D00063EC76E58FE09BE00E94F3FF22E030E08F
:1057E000AD964FADAD97AE965FADAE97AF966FAD40
:1057F000AF97E0967FADE0978FE09BE00E9464F565
:1058000060EC76E58FE09BE00E94F3FF6BE976E5C4
:105810008CE69CE00E94F3FFB1018CE69CE00F94C3
:10582000500063E976E58CE69CE00E94F3FF22E0FD
:1058300030E0AD964FADAD97AE965FADAE97AF96FB
:105840006FADAF97E0967FADE0978CE69CE00E944D
:1058500064F560E976E58CE69CE00E9452F5C2565C
:10586000DF4F8881CE59D040CD53DF4F0FB6F8942B
:10587000DEBF0FBECDBFDF91CF911F910F91FF9083
:10588000EF90DF90CF90BF90AF909F908F907F90E0
:105890006F905F904F903F902F90089510928606E2
:1058A000109287061092880610928906109282063E
:1058B000109283061092840610928506AAE5B6E03F
:1058C000E4E8F7E011921192119211921D921D924B
:1058D0001D921D9227E0EC3AF207A1F7FE013196E6
:1058E00088E2DF011D928A95E9F705E010E09E014C
:1058F000275D3F4FAB963FAF2EAFAB979E2E8F2EBF
:10590000AE014F5F5F4F6A017A0161E088E00E945B
:10591000A7C4D7016D937D938D939D937D01AB9625
:10592000EEADFFADAB97EA17FB0779F7892D982D00
:105930000F949B0981112EC066E376E58CE69CE00E
:105940000E9452F5F12CE12C6FE176E58CE69CE0AB
:105950000E94F3FFB7018CE69CE00F9450006AE1CF
:1059600076E58CE69CE00E94F3FFD6016D917D9177
:105970008D919D916D0142E050E00F942E03BFEF99
:10598000EB1AFB0AEAE0EE16F104F1F601501109F8
:1059900009F0B6CF6AE070E0CE0101960E946EC4B5
:1059A000E4966CAF7DAF8EAF9FAFE4972091830FED
:1059B0003091840F4091850F5091860FEE962CAF59
:1059C0003DAF4EAF5FAFEE978091870F9091880FFC
:1059D000A091890FB0918A0FEA968CAF9DAFAEAFC0
:1059E000BFAFEA979C01AD01E4966CAD7DAD8EAD85
:1059F0009FADE4970F9481AC6B017C01EE966CAD8A
:105A00007DAD8EAD9FADEE970F9422AC9B01AC01A6
:105A1000C701B6010F94A2AD0F9480AE6B017C015B
:105A2000C092830FD092840FE092850FF092860F80
:105A30006CE076E58CE69CE00E94F3FF22E030E02B
:105A4000E4964CAD5DAD6EAD7FADE4978CE69CE029
:105A50000E9464F561E076E58CE69CE00E94F3FF2D
:105A6000EE964CAD5DAD6EAD7FADEE978CE69CE0F5
:105A70000F941E0067EF75E58CE69CE00E94F3FF33
:105A800022E030E0EA964CAD5DAD6EAD7FADEA97B9
:105A90008CE69CE00E9464F566EE75E58CE69CE081
:105AA0000E94F3FFB701A6018CE69CE00F941E0054
:105AB0008091570290915802A0915902B0915A02D8
:105AC000A7019601281B390B4A0B5B0BCA01B901D0
:105AD0000F9422AC20915302309154024091550210
:105AE000509156020F940EAE6B017C0163ED75E58B
:105AF0008CE69CE00E94F3FF42E050E0C701B60153
:105B00000F942E0381E00E94D5AC30916707CD57EA
:105B1000DF4F3883C358D040311127C162E875E5A3
:105B20008CE69CE00E9452F5C256DF4F4881CE5968
:105B3000D040CD57DF4F4883C358D040E1961FAEC9
:105B4000E197E7961FAEE797EB961FAEEB97C1582C
:105B5000DF4F1882CF57D0401092F3050F949F92D9
:105B60000E9457C70E94C1D5FE01B99688E2DF01A5
:105B70001D928A95E9F765E0E62EF12C7E2E6F2EB8
:105B80006E01B9E2CB0ED11C8601085D1F4F560194
:105B900061E086E00E94A7C4F5016193719381934F
:105BA00091935F01E017F10799F7872D962D0F94D8
:105BB0009B0981112EC06CE070E58CE69CE00E9490
:105BC00052F5460110E000E067EF7FE48CE69CE0D0
:105BD0000E94F3FFB8018CE69CE00F94500062EF46
:105BE0007FE48CE69CE00E94F3FFD4016D917D91EF
:105BF0008D919D914D0142E050E00F942E030F5F77
:105C00001F4F0A30110501F7B1E0EB1AF10809F056
:105C1000B7CF6AE070E0CE0189960E946EC4162F5D
:105C2000072FF82EE92E6EED7FE48CE69CE00E94B3
:105C3000F3FF42E050E0612F702F8F2D9E2D0F94C7
:105C40002E0366EC7FE48CE69CE00E94F3FFF601F5
:105C500041915191619171916F0123E030E08CE6A7
:105C60009CE00E9464F569E08CE69CE00F941C00C7
:105C7000CA14DB0461F78CE69CE00E944EF520E03C
:105C800030E040E85FEB612F702F8F2D9E2D0F9439
:105C90001BAC87FF06C06BE57FE48CE69CE00E94AE
:105CA00052F5A0908606B0908706C0908806D090E6
:105CB00089069501A601612F702F8F2D9E2D0F94BF
:105CC000A1AD2B013C0120E030E0A9010F94B6AE5C
:105CD000181614F00D94254A20E030E040EA50E414
:105CE000C301B2010F94B6AE181614F40D94314AE4
:105CF00020E030E040E85FEB612F702F8F2D9E2D6C
:105D00000F941BAC87FF02C00D94314A20E030E0B5
:105D1000A901612F702F8F2D9E2D0F94B6AE1816EE
:105D200014F40D946154CF56DF4F2881C159D040EF
:105D300021110D945B4FCE55DF4F1882C25AD040CF
:105D4000CD55DF4F1882C35AD040CC55DF4F188253
:105D5000C45AD040CB55DF4F1882C55AD04010E00E
:105D600000E0F12CE12C0D948B4FCE0101960F94A5
:105D70009B09C457DF4F8883CC58D040811107C09E
:105D80006AE475E58CE69CE00E9452F5D7CE0F944C
:105D900090020F94510220E030E04FE753E460E0BE
:105DA00070E08FE793EC0E9467FF1DECE12E1CEC86
:105DB000F12E0CEC1DE320E030E048E452E460E01A
:105DC00070E080E291E40F9475010E944EC7C455C3
:105DD000DF4F5881CC5AD040511108C0CA55DF4F0F
:105DE0008881C65AD040882309F430C520E030E0CD
:105DF0004FE753E460E070E08FE793EC0E9467FFA9
:105E00006DE375E58CE69CE00E94F3FF6091F00580
:105E100070E08CE69CE00F94500068E275E58CE63B
:105E20009CE00E94F3FFC957DF4F9881C758D040CC
:105E3000692F70E08CE69CE00F9450006EE075E5F1
:105E40008CE69CE00E94F3FF22E030E0B301A20167
:105E50008CE69CE00E9464F564EF74E58CE69CE0BF
:105E60000E94F3FFAC96AFADAC976A2FAA0F770BE9
:105E70008CE69CE00F94500066EC74E58CE69CE0A8
:105E80000E94F3FFCC57DF4FB881C458D0408B2F0E
:105E900090E00F9456006FE974E58CE69CE00E9458
:105EA000F3FFC5010F945600C156DF4FE881F98119
:105EB000CF59D0408081882309F4D1C4C856DF4F20
:105EC000A881B981C859D0406D917C916835B2E004
:105ED0007B070CF0D3C4645D7E4F8B016C3B72403A
:105EE00014F40CEB12E06FE874E58CE69CE00E9481
:105EF000F3FFC8010F945600B501BB0C880B990B3A
:105F00000F9422AC6093BD0F7093BE0F8093BF0FB0
:105F10009093C00F81E08093F30563E070E080E030
:105F200090E00F94A5106091C50F7091C60F8091FD
:105F3000C70F9091C80F0F9480AE8CE69CE00F9431
:105F400050006FE974E08CE69CE00E9466F5609179
:105F5000BD0F7091BE0F8091BF0F9091C00F0F9435
:105F600080AE8CE69CE00F9450006FE974E08CE604
:105F70009CE00E9466F56091C10F7091C20F809104
:105F8000C30F9091C40F42E050E00F942E0366E1DE
:105F900070E080E090E00F94A5106091C50F7091C3
:105FA000C60F8091C70F9091C80F0F9480AE8CE6FA
:105FB0009CE00F9450006FE974E08CE69CE00E9436
:105FC00066F56091BD0F7091BE0F8091BF0F9091EB
:105FD000C00F0F9480AE8CE69CE00F9450006FE9E8
:105FE00074E08CE69CE00E9466F56091C10F7091B0
:105FF000C20F8091C30F9091C40F42E050E00F9404
:106000002E0369E170E080E090E00F94A5106091AC
:10601000C50F7091C60F8091C70F9091C80F0F9454
:1060200080AE8CE69CE00F9450006FE974E08CE643
:106030009CE00E9466F56091BD0F7091BE0F80914B
:10604000BF0F9091C00F0F9480AE8CE69CE00F9430
:1060500050006FE974E08CE69CE00E9466F5609168
:10606000C10F7091C20F8091C30F9091C40F42E095
:1060700050E00F942E0369E170E080E090E00F940F
:10608000A5106091C50F7091C60F8091C70F9091B8
:10609000C80F0F9480AE8CE69CE00F9450006FE91F
:1060A00074E08CE69CE00E9466F56091BD0F7091F3
:1060B000BE0F8091BF0F9091C00F0F9480AE8CE601
:1060C0009CE00F9450006FE974E08CE69CE00E9425
:1060D00066F56091C10F7091C20F8091C30F9091CE
:1060E000C40F42E050E00F942E0369E170E080E0BD
:1060F00090E00F94A5106091C50F7091C60F80912C
:10610000C70F9091C80F0F9480AE8CE69CE00F945F
:1061100050006FE974E08CE69CE00E9466F56091A7
:10612000BD0F7091BE0F8091BF0F9091C00F0F9463
:1061300080AE8CE69CE00F9450006FE974E08CE632
:106140009CE00E9466F56091C10F7091C20F809132
:10615000C30F9091C40F42E050E00F942E0369E109
:1061600070E080E090E00F94A5106091C50F7091F1
:10617000C60F8091C70F9091C80F0F9480AE8CE628
:106180009CE00F9450006FE974E08CE69CE00E9464
:1061900066F56091BD0F7091BE0F8091BF0F909119
:1061A000C00F0F9480AE8CE69CE00F9450006FE916
:1061B00074E08CE69CE00E9466F56091C10F7091DE
:1061C000C20F8091C30F9091C40F42E050E00F9432
:1061D0002E0369E170E080E090E00F94A5106091DB
:1061E000C50F7091C60F8091C70F9091C80F0F9483
:1061F00080AE8CE69CE00F9450006FE974E08CE672
:106200009CE00E9466F56091BD0F7091BE0F809179
:10621000BF0F9091C00F0F9480AE8CE69CE00F945E
:1062200050006FE974E08CE69CE00E9466F5609196
:10623000C10F7091C20F8091C30F9091C40F42E0C3
:1062400050E00F942E0369E170E080E090E00F943D
:10625000A5106091C50F7091C60F8091C70F9091E6
:10626000C80F0F9480AE8CE69CE00F9450006FE94D
:1062700074E08CE69CE00E9466F56091BD0F709121
:10628000BE0F8091BF0F9091C00F0F9480AE8CE62F
:106290009CE00F9450006FE974E08CE69CE00E9453
:1062A00066F56091C10F7091C20F8091C30F9091FC
:1062B000C40F42E050E00F942E0369E170E080E0EB
:1062C00090E00F94A5106091C50F7091C60F80915A
:1062D000C70F9091C80F0F9480AE8CE69CE00F948E
:1062E00050006FE974E08CE69CE00E9466F56091D6
:1062F000BD0F7091BE0F8091BF0F9091C00F0F9492
:1063000080AE8CE69CE00F9450006FE974E08CE660
:106310009CE00E9466F54091C10F5091C20F6091C0
:10632000C30F7091C40F22E030E08CE69CE00E9425
:1063300064F567E874E58CE69CE00E9452F520E085
:1063400030E04FE753E460E070E08FE793EC0E94A9
:1063500067FF6091C50F7091C60F8091C70F909134
:10636000C80F0F9480AE8CE69CE00F9450006FE94C
:1063700074E08CE69CE00E9466F56091BD0F709120
:10638000BE0F8091BF0F9091C00F0F9480AE8CE62E
:106390009CE00F9450006FE974E08CE69CE00E9452
:1063A00066F56091C10F7091C20F8091C30F9091FB
:1063B000C40F42E050E00F942E0369E170E080E0EA
:1063C00090E00F94A5106091C50F7091C60F809159
:1063D000C70F9091C80F0F9480AE8CE69CE00F948D
:1063E00050006FE974E08CE69CE00E9466F56091D5
:1063F000BD0F7091BE0F8091BF0F9091C00F0F9491
:1064000080AE8CE69CE00F9450006FE974E08CE65F
:106410009CE00E9466F56091C10F7091C20F80915F
:10642000C30F9091C40F42E050E00F942E0369E136
:1064300070E080E090E00F94A5106091C50F70911E
:10644000C60F8091C70F9091C80F0F9480AE8CE655
:106450009CE00F9450006FE974E08CE69CE00E9491
:1064600066F56091BD0F7091BE0F8091BF0F909146
:10647000C00F0F9480AE8CE69CE00F9450006FE943
:1064800074E08CE69CE00E9466F56091C10F70910B
:10649000C20F8091C30F9091C40F42E050E00F945F
:1064A0002E0369E170E080E090E00F94A510609108
:1064B000C50F7091C60F8091C70F9091C80F0F94B0
:1064C00080AE8CE69CE00F9450006FE974E08CE69F
:1064D0009CE00E9466F56091BD0F7091BE0F8091A7
:1064E000BF0F9091C00F0F9480AE8CE69CE00F948C
:1064F00050006FE974E08CE69CE00E9466F56091C4
:10650000C10F7091C20F8091C30F9091C40F42E0F0
:1065100050E00F942E0369E170E080E090E00F946A
:10652000A5106091C50F7091C60F8091C70F909113
:10653000C80F0F9480AE8CE69CE00F9450006FE97A
:1065400074E08CE69CE00E9466F56091BD0F70914E
:10655000BE0F8091BF0F9091C00F0F9480AE8CE65C
:106560009CE00F9450006FE974E08CE69CE00E9480
:1065700066F56091C10F7091C20F8091C30F909129
:10658000C40F42E050E00F942E0369E170E080E018
:1065900090E00F94A5106091C50F7091C60F809187
:1065A000C70F9091C80F0F9480AE8CE69CE00F94BB
:1065B00050006FE974E08CE69CE00E9466F5609103
:1065C000BD0F7091BE0F8091BF0F9091C00F0F94BF
:1065D00080AE8CE69CE00F9450006FE974E08CE68E
:1065E0009CE00E9466F56091C10F7091C20F80918E
:1065F000C30F9091C40F42E050E00F942E0369E165
:1066000070E080E090E00F94A5106091C50F70914C
:10661000C60F8091C70F9091C80F0F9480AE8CE683
:106620009CE00F9450006FE974E08CE69CE00E94BF
:1066300066F56091BD0F7091BE0F8091BF0F909174
:10664000C00F0F9480AE8CE69CE00F9450006FE971
:1066500074E08CE69CE00E9466F56091C10F709139
:10666000C20F8091C30F9091C40F42E050E00F948D
:106670002E03E5969FADE597E6968FADE697E696F5
:106680001FAE1EAEE697C055DF4F1882C05BD040EC
:10669000CF54DF4F1882C15BD040CE54DF4F1882F9
:1066A000C25BD040CD54DF4F1882C35BD040C2558F
:1066B000DF4F19821882CE5AD040C955DF4F198258
:1066C0001882C75AD04040ED57E0CA56DF4F598371
:1066D0004883C659D04020E030E048EC52E4C6562A
:1066E000DF4F288339834A835B83CA59D040C3571D
:1066F000DF4F19821882CD58D040E1961FAEE19746
:10670000E7961FAEE797EB961FAEEB97C158DF4FAA
:106710001882CF57D040CD57DF4F1882C358D04092
:10672000C157DF4F19821882CF58D040C355DF4F71
:106730001882CD5AD040CB57DF4F19821882C558E6
:10674000D040C555DF4F1882CB5AD040E6964EADAB
:106750005FADE6974C3DA5E05A0711F40D941E4A33
:10676000C0908206D0908306E0908406F090850663
:10677000463051055CF126E636E646E65FE3C301A6
:10678000B2010F9481ACA70196010F94B6AE87FFBA
:1067900002C00D945141C357DF4FE881F981CD58B4
:1067A000D040EF2B09F0A2C020E030E040E251E4FD
:1067B000C656DF4F688179818A819B81CA59D04052
:1067C0000F94B6AE181614F00D945B412091BD0FD6
:1067D0003091BE0F4091BF0F5091C00FCE56DF4F8A
:1067E000288339834A835B83C259D0402AE939E937
:1067F00049E95EE3C301B2010F9481AC4B015C0136
:1068000020E030E0A901CE56DF4F688179818A818E
:106810009B81C259D0400F941BACA701960187FF02
:1068200047C0C501B4010F941BAC181654F1609118
:10683000BD0F7091BE0F8091BF0F9091C00F20E0EF
:1068400030E040E85FE30F94A1AD48C020E030E0C5
:1068500046E153E460E070E086E193ECCFCAC856AD
:10686000DF4FE881F981C859D04060817181643F70
:10687000F1E07F071CF460577E4F2FCB64E873E094
:106880002CCBC090BD0FD090BE0FE090BF0FF0900A
:10689000C00FAC963FADAC97632F330F770B880BCF
:1068A000990B0F9422AC9B01AC01C701B601CBCF71
:1068B000C501B4010F941BAC181614F40D943B41A0
:1068C0006091BD0F7091BE0F8091BF0F9091C00F6E
:1068D00020E030E040E85FE30F94A2AD6093BD0F8D
:1068E0007093BE0F8093BF0F9093C00F66277727DA
:1068F000601B710B072E000C880B990B0F9422ACB8
:106900006B017C012091BD0F3091BE0F4091BF0FF4
:106910005091C00F0F94B6AE87FD1AC0C092BD0F44
:10692000D092BE0FE092BF0FF092C00FCB57DF4F57
:10693000E881F981C558D040EF2B51F4E6962EAD91
:106940003FADE697CB57DF4F39832883C558D040FA
:10695000B801012E000C880B990B0F9422AC4B014F
:106960005C012091BD0F3091BE0F4091BF0F50913F
:10697000C00F0F941BAC1816D4F08092BD0F9092EC
:10698000BE0FA092BF0FB092C00FCB57DF4F488110
:106990005981C558D040452B51F4E6968EAD9FAD38
:1069A000E697CB57DF4F99838883C558D0406091D5
:1069B000C50F7091C60F8091C70F9091C80F0F94AB
:1069C00080AE8CE69CE00F9450006FE974E08CE69A
:1069D0009CE00E9466F56091BD0F7091BE0F8091A2
:1069E000BF0F9091C00F0F9480AE8CE69CE00F9487
:1069F00050006FE974E08CE69CE00E9466F54091DF
:106A0000C10F5091C20F6091C30F7091C40F22E06B
:106A100030E08CE69CE00E9464F56FE974E08CE65F
:106A20009CE00E9466F5E696AEADBFADE6971B977B
:106A30000CF4AFC56091BD0F7091BE0F8091BF0F78
:106A40009091C00F20E030E0A9010F94B6AEC09045
:106A5000BD0FD090BE0FE090BF0FF090C00F181682
:106A600014F00D949F416091C50F7091C60F8091F5
:106A7000C70F9091C80F20E030E0A9010F94B6AE87
:106A80002091C50F3091C60F4091C70F5091C80F8C
:106A9000181614F00D94A541C701B6010F94A1ADCD
:106AA00020E030E040EF51E40F94B6AE18161CF52C
:106AB0006091C10F7091C20F8091C30F9091C40F6C
:106AC00020E030E0A9010F94B6AE181614F00D9432
:106AD000A8416091C10F7091C20F8091C30F909136
:106AE000C40F20E030E04FE753E40F94B6AE87FDCB
:106AF00002C00D94BA41CF55DF4FA881C15AD04092
:106B0000AA2309F446C5C355DF4FB881CD5AD040FA
:106B1000BB2309F43EC56091BD0F7091BE0F8091FB
:106B2000BF0F9091C00F20E030E0A9010F94B6AEE6
:106B30002091BD0F3091BE0F4091BF0F5091C00FFB
:106B4000181614F00D94AA46C501B4010F941BAC9D
:106B500081111FC5C955DF4FE881F981C75AD0405F
:106B600035970CF016C5E6968EAD9FADE697C255EB
:106B7000DF4F28813981CE5AD040821B930B4F972B
:106B80000CF407C52CEE31E548E35DE36091820625
:106B90007091830680918406909185060F941BACBA
:106BA00087FFF7C48090860690908706B09088068D
:106BB000A0908906C055DF4F2881C05BD040CF54DC
:106BC000DF4F3881C15BD040CE54DF4F4881C25B7C
:106BD000D040CD54DF4F5881C35BD040B4018B2DE2
:106BE0009A2D0F94A1AD20E030E040E85FE30F94D0
:106BF000B6AE18160CF0CDC4C955DF4F4881598187
:106C0000C75AD0404F5F5F4FC955DF4F5983488304
:106C1000C75AD04064E873E58CE69CE00E94F3FF1D
:106C2000C955DF4F68817981C75AD0408CE69CE016
:106C30000F945000C090BD0FD090BE0FE090BF0FDA
:106C4000F090C00F6091BD0F7091BE0F8091BF0F8B
:106C50009091C00F20E030E0A9010F94B6AE181655
:106C600014F00D94AD4680E090E0A8E4B2E4809387
:106C7000BD0F9093BE0FA093BF0FB093C00F8CE6D3
:106C80009CE00E944EF56091C50F7091C60F8091F7
:106C9000C70F9091C80F0F9480AE8CE69CE00F94C4
:106CA00050006FE974E08CE69CE00E9466F560910C
:106CB000BD0F7091BE0F8091BF0F9091C00F0F94C8
:106CC00080AE8CE69CE00F9450006FE974E08CE697
:106CD0009CE00E9466F56091C10F7091C20F809197
:106CE000C30F9091C40F42E050E00F942E0369E16E
:106CF00070E080E090E00F94A5106091C50F709156
:106D0000C60F8091C70F9091C80F0F9480AE8CE68C
:106D10009CE00F9450006FE974E08CE69CE00E94C8
:106D200066F56091BD0F7091BE0F8091BF0F90917D
:106D3000C00F0F9480AE8CE69CE00F9450006FE97A
:106D400074E08CE69CE00E9466F56091C10F709142
:106D5000C20F8091C30F9091C40F42E050E00F9496
:106D60002E0369E170E080E090E00F94A51060913F
:106D7000C50F7091C60F8091C70F9091C80F0F94E7
:106D800080AE8CE69CE00F9450006FE974E08CE6D6
:106D90009CE00E9466F56091BD0F7091BE0F8091DE
:106DA000BF0F9091C00F0F9480AE8CE69CE00F94C3
:106DB00050006FE974E08CE69CE00E9466F56091FB
:106DC000C10F7091C20F8091C30F9091C40F42E028
:106DD00050E00F942E0369E170E080E090E00F94A2
:106DE000A5106091C50F7091C60F8091C70F90914B
:106DF000C80F0F9480AE8CE69CE00F9450006FE9B2
:106E000074E08CE69CE00E9466F56091BD0F709185
:106E1000BE0F8091BF0F9091C00F0F9480AE8CE693
:106E20009CE00F9450006FE974E08CE69CE00E94B7
:106E300066F56091C10F7091C20F8091C30F909160
:106E4000C40F42E050E00F942E0369E170E080E04F
:106E500090E00F94A5106091C50F7091C60F8091BE
:106E6000C70F9091C80F0F9480AE8CE69CE00F94F2
:106E700050006FE974E08CE69CE00E9466F560913A
:106E8000BD0F7091BE0F8091BF0F9091C00F0F94F6
:106E900080AE8CE69CE00F9450006FE974E08CE6C5
:106EA0009CE00E9466F56091C10F7091C20F8091C5
:106EB000C30F9091C40F42E050E00F942E0369E19C
:106EC00070E080E090E00F94A5106091C50F709184
:106ED000C60F8091C70F9091C80F0F9480AE8CE6BB
:106EE0009CE00F9450006FE974E08CE69CE00E94F7
:106EF00066F56091BD0F7091BE0F8091BF0F9091AC
:106F0000C00F0F9480AE8CE69CE00F9450006FE9A8
:106F100074E08CE69CE00E9466F56091C10F709170
:106F2000C20F8091C30F9091C40F42E050E00F94C4
:106F30002E0369E170E080E090E00F94A51060916D
:106F4000C50F7091C60F8091C70F9091C80F0F9415
:106F500080AE8CE69CE00F9450006FE974E08CE604
:106F60009CE00E9466F56091BD0F7091BE0F80910C
:106F7000BF0F9091C00F0F9480AE8CE69CE00F94F1
:106F800050006FE974E08CE69CE00E9466F5609129
:106F9000C10F7091C20F8091C30F9091C40F42E056
:106FA00050E00F942E0369E170E080E090E00F94D0
:106FB000A5106091C50F7091C60F8091C70F909179
:106FC000C80F0F9480AE8CE69CE00F9450006FE9E0
:106FD00074E08CE69CE00E9466F56091BD0F7091B4
:106FE000BE0F8091BF0F9091C00F0F9480AE8CE6C2
:106FF0009CE00F9450006FE974E08CE69CE00E94E6
:1070000066F56091C10F7091C20F8091C30F90918E
:10701000C40F42E050E00F942E0369E170E080E07D
:1070200090E00F94A5106091C50F7091C60F8091EC
:10703000C70F9091C80F0F9480AE8CE69CE00F9420
:1070400050006FE974E08CE69CE00E9466F5609168
:10705000BD0F7091BE0F8091BF0F9091C00F0F9424
:1070600080AE8CE69CE00F9450006FE974E08CE6F3
:107070009CE00E9466F54091C10F5091C20F609153
:10708000C30F7091C40F22E030E08CE69CE00E94B8
:1070900064F568E773E58CE69CE00E9452F5C092C7
:1070A000BD0FD092BE0FE092BF0FF092C00F609163
:1070B000C50F7091C60F8091C70F9091C80F0F94A4
:1070C00080AE8CE69CE00F9450006FE974E08CE693
:1070D0009CE00E9466F56091BD0F7091BE0F80919B
:1070E000BF0F9091C00F0F9480AE8CE69CE00F9480
:1070F00050006FE974E08CE69CE00E9466F56091B8
:10710000C10F7091C20F8091C30F9091C40F42E0E4
:1071100050E00F942E0369E170E080E090E00F945E
:10712000A5106091C50F7091C60F8091C70F909107
:10713000C80F0F9480AE8CE69CE00F9450006FE96E
:1071400074E08CE69CE00E9466F56091BD0F709142
:10715000BE0F8091BF0F9091C00F0F9480AE8CE650
:107160009CE00F9450006FE974E08CE69CE00E9474
:1071700066F56091C10F7091C20F8091C30F90911D
:10718000C40F42E050E00F942E0369E170E080E00C
:1071900090E00F94A5106091C50F7091C60F80917B
:1071A000C70F9091C80F0F9480AE8CE69CE00F94AF
:1071B00050006FE974E08CE69CE00E9466F56091F7
:1071C000BD0F7091BE0F8091BF0F9091C00F0F94B3
:1071D00080AE8CE69CE00F9450006FE974E08CE682
:1071E0009CE00E9466F56091C10F7091C20F809182
:1071F000C30F9091C40F42E050E00F942E0369E159
:1072000070E080E090E00F94A5106091C50F709140
:10721000C60F8091C70F9091C80F0F9480AE8CE677
:107220009CE00F9450006FE974E08CE69CE00E94B3
:1072300066F56091BD0F7091BE0F8091BF0F909168
:10724000C00F0F9480AE8CE69CE00F9450006FE965
:1072500074E08CE69CE00E9466F56091C10F70912D
:10726000C20F8091C30F9091C40F42E050E00F9481
:107270002E0369E170E080E090E00F94A51060912A
:10728000C50F7091C60F8091C70F9091C80F0F94D2
:1072900080AE8CE69CE00F9450006FE974E08CE6C1
:1072A0009CE00E9466F56091BD0F7091BE0F8091C9
:1072B000BF0F9091C00F0F9480AE8CE69CE00F94AE
:1072C00050006FE974E08CE69CE00E9466F56091E6
:1072D000C10F7091C20F8091C30F9091C40F42E013
:1072E00050E00F942E0369E170E080E090E00F948D
:1072F000A5106091C50F7091C60F8091C70F909136
:10730000C80F0F9480AE8CE69CE00F9450006FE99C
:1073100074E08CE69CE00E9466F56091BD0F709170
:10732000BE0F8091BF0F9091C00F0F9480AE8CE67E
:107330009CE00F9450006FE974E08CE69CE00E94A2
:1073400066F56091C10F7091C20F8091C30F90914B
:10735000C40F42E050E00F942E0369E170E080E03A
:1073600090E00F94A5106091C50F7091C60F8091A9
:10737000C70F9091C80F0F9480AE8CE69CE00F94DD
:1073800050006FE974E08CE69CE00E9466F5609125
:10739000BD0F7091BE0F8091BF0F9091C00F0F94E1
:1073A00080AE8CE69CE00F9450006FE974E08CE6B0
:1073B0009CE00E9466F56091C10F7091C20F8091B0
:1073C000C30F9091C40F42E050E00F942E0369E187
:1073D00070E080E090E00F94A5106091C50F70916F
:1073E000C60F8091C70F9091C80F0F9480AE8CE6A6
:1073F0009CE00F9450006FE974E08CE69CE00E94E2
:1074000066F56091BD0F7091BE0F8091BF0F909196
:10741000C00F0F9480AE8CE69CE00F9450006FE993
:1074200074E08CE69CE00E9466F56091C10F70915B
:10743000C20F8091C30F9091C40F42E050E00F94AF
:107440002E0369E170E080E090E00F94A510609158
:10745000C50F7091C60F8091C70F9091C80F0F9400
:1074600080AE8CE69CE00F9450006FE974E08CE6EF
:107470009CE00E9466F56091BD0F7091BE0F8091F7
:10748000BF0F9091C00F0F9480AE8CE69CE00F94DC
:1074900050006FE974E08CE69CE00E9466F5609114
:1074A000C10F7091C20F8091C30F9091C40F42E041
:1074B00050E00F942E0369E170E080E090E00F94BB
:1074C000A5106091C50F7091C60F8091C70F909164
:1074D000C80F0F9480AE8CE69CE00F9450006FE9CB
:1074E00074E08CE69CE00E9466F56091BD0F70919F
:1074F000BE0F8091BF0F9091C00F0F9480AE8CE6AD
:107500009CE00F9450006FE974E08CE69CE00E94D0
:1075100066F54091C10F5091C20F6091C30F7091F9
:10752000C40F22E030E08CE69CE00E9464F56FE935
:1075300074E08CE69CE00E9466F5C055DF4F8882BF
:10754000C05BD040CF54DF4F9882C15BD040CE5457
:10755000DF4FB882C25BD040CD54DF4FA882C35BFF
:10756000D040E6964EAD5FADE697C255DF4F5983EA
:107570004883CE5AD04080ED97E0CA56DF4F9983BA
:107580008883C659D040CB57DF4F19821882C5581F
:10759000D04062E773E58CE69CE00E94F3FFBAE519
:1075A000EB2EB6E0FB2E84E8C82E87E0D82ED6015D
:1075B00014964D915D916D917C911797F6014193D1
:1075C0005193619371936F01F70184819581A68135
:1075D000B78181939193A193B1937F0123E030E030
:1075E0008CE69CE00E9464F569E08CE69CE00F94D8
:1075F0001C0028EA37E02C153D05C9F661E08AE059
:107600000E94A7C4AB01BC014093A8075093A907EF
:107610006093AA077093AB0723E030E08CE69CE010
:107620000E9464F520E030E04DE453E46091A80747
:107630007091A9078091AA079091AB070F94B6AEFD
:1076400018162CF567E073E58CE69CE00E94F3FFCA
:1076500061E08AE00E94A7C46093A8077093A9071D
:107660008093AA079093AB0769E08CE69CE00F94A7
:107670001C004091A8075091A9076091AA0770913A
:10768000AB0723E030E08CE69CE00E9464F56AE002
:1076900070E084E897E00E946EC460938606709361
:1076A000870680938806909389060F94C79160930C
:1076B0008206709383068093840690938506609378
:1076C0007E0670937F06809380069093810660E02B
:1076D00073E58CE69CE00E94F3FF40918606509192
:1076E0008706609188067091890623E030E08CE679
:1076F0009CE00E9464F569EF72E58CE69CE00E94D4
:10770000F3FF409182065091830660918406709148
:10771000850623E030E08CE69CE00E9464F5209131
:107720007A0630917B0640917C0650917D066091EF
:107730007E0670917F0680918006909181060F945D
:10774000A2AD20917606309177064091780650914F
:1077500079060F94A2AD2091720630917306409184
:107760007406509175060F94A2AD20E030E040E819
:107770005EE30F9481AC60938206709383068093DE
:1077800084069093850661EF72E58CE69CE00E948A
:10779000F3FF4091820650918306609184067091B8
:1077A000850623E030E08CE69CE00E9464F52091A1
:1077B0007A0630917B0640917C0650917D0660915F
:1077C0007E0670917F0680918006909181060F94CD
:1077D000A2AD2091760630917706409178065091BF
:1077E00079060F94A2AD20917206309173064091F4
:1077F0007406509175060F94A2AD20916E063091DB
:107800006F0640917006509171060F94A2AD2091C1
:107810006A0630916B0640916C0650916D060F948C
:10782000A2AD20916606309167064091680650919E
:1078300069060F94A2AD20916206309163064091D3
:107840006406509165060F94A2AD20915E063091BA
:107850005F0640916006509161060F94A2AD2091A1
:107860005A0630915B0640915C0650915D060F947C
:10787000A2AD20E030E040E251E40F940EAE4B01A7
:107880005C016091BD0F7091BE0F8091BF0F909110
:10789000C00F20E030E0A9010F94B6AEC090BD0F3C
:1078A000D090BE0FE090BF0FF090C00F181614F0EC
:1078B0000D94BB46C857DF4F48815981C858D04006
:1078C000BA01550F880B990B0F9422ACA7019601B2
:1078D0000F941BAC87FF21C06091BD0F7091BE0F4C
:1078E0008091BF0F9091C00F20E030E0A9010F946C
:1078F000B6AE181614F00D94C1466091BD0F70918C
:10790000BE0F8091BF0F9091C00F0F9480AEC857EB
:10791000DF4F79836883C858D040C355DF4F588103
:10792000CD5AD040511121C12AE037ED43EA5CE342
:10793000C501B4010F94B6AE87FD17C12AE939E934
:1079400049E95EE36091860670918706809188061A
:10795000909189060F94B6AE87FD07C120E030E014
:1079600040E05FE36091A8077091A9078091AA07A2
:107970009091AB070F94B6AE87FDF7C0E6968EAD3B
:107980009FADE69705970CF4F0C06091BD0F709124
:10799000BE0F8091BF0F9091C00F20E030E0A90191
:1079A0000F94B6AEC090BD0FD090BE0FE090BF0F49
:1079B000F090C00F181614F00D94CC46C857DF4F46
:1079C000A881B981C858D040BD01BB0F880B990B65
:1079D0000F9422ACA70196010F94B6AE181614F0BE
:1079E0000D94D2466091BD0F7091BE0F8091BF0F74
:1079F0009091C00F20E030E0A9010F94B6AEC857B7
:107A0000DF4FE880F980C858D04018161CF0F19478
:107A1000E194F10861EE72E58CE69CE00E94F3FFD0
:107A2000670153E1C50ED11C70E060E087E2C81623
:107A3000D10488F0C7018E5F9C4F6EEE72E08530F6
:107A4000964048F4B701F7FE04C0662777276E1901
:107A50007F09645171098CE69CE00F945000CF556A
:107A6000DF4FB881C15AD040BB2311F40D942E478B
:107A70006091BD0F7091BE0F8091BF0F9091C00FAC
:107A800020E030E0A9010F94B6AE181614F00D9462
:107A90001E476091BD0F7091BE0F8091BF0F9091F6
:107AA000C00F20E030E048E452E40F94A2AD0F9400
:107AB00080AE8B016BEC72E58CE69CE00E94F3FFDC
:107AC000B8018CE69CE00F94500080915B07909188
:107AD0005C07449714F40D945B4790E080E047E224
:107AE000C416D10440F18091EC059091ED05A09170
:107AF000EE05B091EF05893552E09507A105B10576
:107B000024F088E592E0A0E0B0E08A569F4FAF4FA6
:107B1000BF4FF7FE03C0F194E194F108E4E1EE1ADF
:107B2000F108A701FF0C660B770B481759076A0786
:107B30007B070CF4CA01C856DF4FA881B981C85928
:107B4000D0408D939C9381E0C156DF4FE881F9814D
:107B5000CF59D0408083C457DF4FF881CC58D040F4
:107B6000C355DF4FF883CD5AD040C0908206D090E5
:107B70008306E0908406F090850620E030E0A901BD
:107B8000C701B6010F94B6AE181644F52091A807A8
:107B90003091A9074091AA075091AB07EF966FADBE
:107BA000EF97C058DF4F7881C058D040CF57DF4F94
:107BB0008881C158D040CE57DF4F9881C258D040FD
:107BC0000F94A1ADA70196010F940EAEC656DF4FDC
:107BD000688379838A839B83CA59D04064EB72E5BA
:107BE0008CE69CE00E94F3FF21E030E0C656DF4FB8
:107BF000488159816A817B81CA59D0408CE69CE0DA
:107C00000E9464F5E6968EAD9FADE69765E070E064
:107C10000F94E5AF892B09F52091860630918706F0
:107C20004091880650918906CE55DF4F6881C25A2F
:107C3000D040CD55DF4F7881C35AD040CC55DF4F6F
:107C40008881C45AD040CB55DF4F9881C55AD04067
:107C50000F94A2ADA1010F94801A20E030E040EF14
:107C600051E4C656DF4F688179818A819B81CA5968
:107C7000D0400F941BAC87FD02C00D947F472DECC4
:107C80003CEC4CE45EE3C301B2010F94B6AE1816AF
:107C900014F00D947F478091F00581110D947F477A
:107CA000C957DF4F2881C758D04021110D947F4715
:107CB00067E972E58CE69CE00E94F3FF22E030E089
:107CC000B301A2018CE69CE00E9464F56AE772E5CC
:107CD0008CE69CE00E94F3FF3AE0CC57DF4F3883FC
:107CE000C458D04042E0AC964FAFAC97FDEC4F2E5D
:107CF000FCEC5F2EFCE46F2EFEE37F2EC157DF4FBE
:107D000088819981CF58D0400097D9F1E696AEADE1
:107D1000BFADE6978A179B07A1F52091A807309180
:107D2000A9074091AA075091AB076091A4077091F1
:107D3000A5078091A6079091A7070F94A1AD6B01AD
:107D40007C012AE939E949E95EE30F94B6AE1816D9
:107D5000C4F461E272E58CE69CE00E94F3FF23E04C
:107D600030E0B701A6018CE69CE00E9464F5C457A0
:107D7000DF4FB881CC58D040C555DF4FB883CB5AC0
:107D8000D0408CE69CE00E944EF5E696EEADFFAD4D
:107D9000E697329704F120E030E040E85FEB609135
:107DA00086067091870680918806909189060F94C7
:107DB0001BAC87FF10C062EB71E58CE69CE00E9473
:107DC00052F5C457DF4FF881CC58D040CD57DF4F24
:107DD000F883C358D04020918206309183064091A9
:107DE000840650918506CE56DF4F288339834A8317
:107DF0005B83C259D0402DEC3CEC4CE45FE3C30103
:107E0000B2010F9481ACCE56DF4F288139814A816F
:107E10005B81C259D0400F94B6AE1816D4F4C35744
:107E2000DF4F48815981CD58D040452B91F020E05B
:107E300030E040E251E4C656DF4F688179818A81A3
:107E40009B81CA59D0400F94B6AE181614F40D9405
:107E5000D44720E030E040EC5FE3C301B2010F946F
:107E600081AC9B01AC01CE56DF4F688179818A815C
:107E70009B81C259D0400F94B6AE18160CF079C051
:107E8000C357DF4F88819981CD58D040892B09F4A1
:107E900070C020E030E040E251E4C656DF4F688118
:107EA00079818A819B81CA59D0400F94B6AE181649
:107EB0000CF05FC0A3019201C501B4010F940EAE96
:107EC00020E030E040EC5FE30F9481AC20E030E054
:107ED00040E050E40F94A1AD0F940BAF6B017C0117
:107EE00020E030E040E85FE30F941BAC61E070E01D
:107EF00087FD10C020E030E040E251E4C701B60148
:107F00000F94B6AE6AE070E0181624F0C701B6010F
:107F10000F9480AE8090BD0F9090BE0FA090BF0FC9
:107F2000B090C00F072E000C880B990B0F9422AC59
:107F30006B017C0120E030E0A901C501B4010F9480
:107F40001BAC87FD02C00D94C6476091BD0F7091B8
:107F5000BE0F8091BF0F9091C00FA70196010F94A3
:107F6000A2AD6093BD0F7093BE0F8093BF0F90932F
:107F7000C00F2DE73FE344E851ECCE56DF4F688158
:107F800079818A819B81C259D0400F9481AC20E4D1
:107F900033E141E750E40F94A2AD4B015C0126E6CA
:107FA00036E646EA5FE30F94B6AE18163CF076E686
:107FB000872E982C76EAA72E7FE3B72E2091A8076C
:107FC0003091A9074091AA075091AB07CC54DF4FDD
:107FD000288339834A835B83C45BD0408091A407A4
:107FE0009091A507A091A607B091A707C854DF4FAD
:107FF00088839983AA83BB83C85BD040C090A007C5
:10800000D090A107E090A207F090A30720919C07D1
:1080100030919D0740919E0750919F07C454DF4FB8
:10802000288339834A835B83CC5BD04020E030E0F7
:1080300048E452E46AE070E084E897E00E94F5C307
:1080400091E08927CD57DF4F3881C358D040382B76
:10805000CD57DF4F3883C358D040882331F06BE9C8
:1080600071E58CE69CE00E9452F50E94A26C0F9490
:108070003218882319F081E080936307C157DF4FDE
:1080800048815981CF58D040452B11F00D944B5465
:10809000C854DF4F288139814A815B81C85BD04059
:1080A000CC54DF4F688179818A819B81C45BD04049
:1080B0000F94A2ADA70196010F94A2ADC454DF4F57
:1080C000288139814A815B81CC5BD0400F94A2AD7D
:1080D00020E030E040E85EE30F9481AC6B017C016E
:1080E000A5019401CE56DF4F688179818A819B81F9
:1080F000C259D0400F9481AC9B01AC01C701B601BD
:108100000F94A2AD6B017C0126E636E646E65FE3FE
:10811000CE56DF4F688179818A819B81C259D040D8
:108120000F9481AC9B01AC01C701B6010F94A2ADC5
:108130009B01AC01EF966FADEF97C058DF4F788190
:10814000C058D040CF57DF4F8881C158D040CE575C
:10815000DF4F9881C258D0400F941BAC18160CF01A
:108160004CC720E030E040E251E4EF966FADEF976E
:10817000C058DF4F7881C058D040CF57DF4F88813B
:10818000C158D040CE57DF4F9881C258D0400F948D
:10819000A2AD2091860630918706409188065091C5
:1081A00089060F941BAC18160CF027C7EF962FAD5D
:1081B000EF97C058DF4F3881C058D040CF57DF4FBE
:1081C0004881C158D040CE57DF4F5881C258D04067
:1081D0006091A8077091A9078091AA079091AB07B9
:1081E0000F94B6AE87FD21C020E030E040E05FE3B1
:1081F000EF966FADEF97C058DF4F7881C058D040F1
:10820000CF57DF4F8881C158D040CE57DF4F98817C
:10821000C258D0400F94B6AE87FDCEC6E6968EAD5E
:108220009FADE697892B09F0E8C6CD57DF4FB8819F
:10823000C358D040B111E9C68091810781112AC786
:10824000E0916307CD57DF4FE883C358D040E11179
:1082500021C7CB57DF4FE881F981C558D040EF2BBC
:1082600011F00D949B54C157DF4F19821882CF58DB
:10827000D0400D94AB49C090BD0FD090BE0FE090A0
:10828000BF0FF090C00FAC964FADAC97642F440F6A
:10829000770B880B990B0F9422ACA70196010D94D4
:1082A0006C34C357DF4F88819981CD58D040892BDA
:1082B00011F00D9476346091BD0F7091BE0F8091D6
:1082C000BF0F9091C00F0F9480AEC357DF4F7983DB
:1082D0006883CD58D0408090BD0F9090BE0FA09085
:1082E000BF0FB090C00FCC57DF4FA881C458D0400B
:1082F0006A2FAA0F770B880B990B0F9422AC6B0196
:108300007C0120E030E0A901C501B4010F941BAC51
:1083100087FF09C06091BD0F7091BE0F8091BF0FA4
:108320009091C00FBACF6091BD0F7091BE0F809138
:10833000BF0F9091C00FA70196010D942334F7FA57
:10834000F094F7F8F0940D94333550580D944C3563
:108350006091C10F7091C20F8091C30F9091C40FB3
:1083600020E030E04FE753EC0F941BAC181614F4E8
:108370000D947B356BE474E58CE69CE00E94F3FF82
:10838000C090BD0FD090BE0FE090BF0FF090C00F17
:108390006091BD0F7091BE0F8091BF0F9091C00F83
:1083A00020E030E0A9010F94B6AE18160CF0BEC460
:1083B00020E030E048E452E42093BD0F3093BE0F3C
:1083C0004093BF0F5093C00F8CE69CE00E944EF587
:1083D0006091C50F7091C60F8091C70F9091C80F23
:1083E0000F9480AE8CE69CE00F9450006FE974E02F
:1083F0008CE69CE00E9466F56091BD0F7091BE0F07
:108400008091BF0F9091C00F0F9480AE8CE69CE0DE
:108410000F9450006FE974E08CE69CE00E9466F5D2
:108420006091C10F7091C20F8091C30F9091C40FE2
:1084300042E050E00F942E0369E170E080E090E0AC
:108440000F94A5106091C50F7091C60F8091C70F52
:108450009091C80F0F9480AE8CE69CE00F94500072
:108460006FE974E08CE69CE00E9466F56091BD0FB8
:108470007091BE0F8091BF0F9091C00F0F9480AE8E
:108480008CE69CE00F9450006FE974E08CE69CE071
:108490000E9466F56091C10F7091C20F8091C30F69
:1084A0009091C40F42E050E00F942E0369E170E018
:1084B00080E090E00F94A5106091C50F7091C60FF9
:1084C0008091C70F9091C80F0F9480AE8CE69CE00E
:1084D0000F9450006FE974E08CE69CE00E9466F512
:1084E0006091BD0F7091BE0F8091BF0F9091C00F32
:1084F0000F9480AE8CE69CE00F9450006FE974E01E
:108500008CE69CE00E9466F56091C10F7091C20FED
:108510008091C30F9091C40F42E050E00F942E035E
:1085200069E170E080E090E00F94A5106091C50FC4
:108530007091C60F8091C70F9091C80F0F9480AEB5
:108540008CE69CE00F9450006FE974E08CE69CE0B0
:108550000E9466F56091BD0F7091BE0F8091BF0FB4
:108560009091C00F0F9480AE8CE69CE00F94500069
:108570006FE974E08CE69CE00E9466F56091C10FA3
:108580007091C20F8091C30F9091C40F42E050E0F0
:108590000F942E0369E170E080E090E00F94A51045
:1085A0006091C50F7091C60F8091C70F9091C80F51
:1085B0000F9480AE8CE69CE00F9450006FE974E05D
:1085C0008CE69CE00E9466F56091BD0F7091BE0F35
:1085D0008091BF0F9091C00F0F9480AE8CE69CE00D
:1085E0000F9450006FE974E08CE69CE00E9466F501
:1085F0006091C10F7091C20F8091C30F9091C40F11
:1086000042E050E00F942E0369E170E080E090E0DA
:108610000F94A5106091C50F7091C60F8091C70F80
:108620009091C80F0F9480AE8CE69CE00F945000A0
:108630006FE974E08CE69CE00E9466F56091BD0FE6
:108640007091BE0F8091BF0F9091C00F0F9480AEBC
:108650008CE69CE00F9450006FE974E08CE69CE09F
:108660000E9466F56091C10F7091C20F8091C30F97
:108670009091C40F42E050E00F942E0369E170E046
:1086800080E090E00F94A5106091C50F7091C60F27
:108690008091C70F9091C80F0F9480AE8CE69CE03C
:1086A0000F9450006FE974E08CE69CE00E9466F540
:1086B0006091BD0F7091BE0F8091BF0F9091C00F60
:1086C0000F9480AE8CE69CE00F9450006FE974E04C
:1086D0008CE69CE00E9466F56091C10F7091C20F1C
:1086E0008091C30F9091C40F42E050E00F942E038D
:1086F00069E170E080E090E00F94A5106091C50FF3
:108700007091C60F8091C70F9091C80F0F9480AEE3
:108710008CE69CE00F9450006FE974E08CE69CE0DE
:108720000E9466F56091BD0F7091BE0F8091BF0FE2
:108730009091C00F0F9480AE8CE69CE00F94500097
:108740006FE974E08CE69CE00E9466F56091C10FD1
:108750007091C20F8091C30F9091C40F42E050E01E
:108760000F942E0369E170E080E090E00F94A51073
:108770006091C50F7091C60F8091C70F9091C80F7F
:108780000F9480AE8CE69CE00F9450006FE974E08B
:108790008CE69CE00E9466F56091BD0F7091BE0F63
:1087A0008091BF0F9091C00F0F9480AE8CE69CE03B
:1087B0000F9450006FE974E08CE69CE00E9466F52F
:1087C0004091C10F5091C20F6091C30F7091C40FBF
:1087D00022E030E08CE69CE00E9464F56FE374E5F3
:1087E0008CE69CE00E9452F5C092BD0FD092BE0F65
:1087F000E092BF0FF092C00F6091C50F7091C60F4D
:108800008091C70F9091C80F0F9480AE8CE69CE0CA
:108810000F9450006FE974E08CE69CE00E9466F5CE
:108820006091BD0F7091BE0F8091BF0F9091C00FEE
:108830000F9480AE8CE69CE00F9450006FE974E0DA
:108840008CE69CE00E9466F56091C10F7091C20FAA
:108850008091C30F9091C40F42E050E00F942E031B
:1088600069E170E080E090E00F94A5106091C50F81
:108870007091C60F8091C70F9091C80F0F9480AE72
:108880008CE69CE00F9450006FE974E08CE69CE06D
:108890000E9466F56091BD0F7091BE0F8091BF0F71
:1088A0009091C00F0F9480AE8CE69CE00F94500026
:1088B0006FE974E08CE69CE00E9466F56091C10F60
:1088C0007091C20F8091C30F9091C40F42E050E0AD
:1088D0000F942E0369E170E080E090E00F94A51002
:1088E0006091C50F7091C60F8091C70F9091C80F0E
:1088F0000F9480AE8CE69CE00F9450006FE974E01A
:108900008CE69CE00E9466F56091BD0F7091BE0FF1
:108910008091BF0F9091C00F0F9480AE8CE69CE0C9
:108920000F9450006FE974E08CE69CE00E9466F5BD
:108930006091C10F7091C20F8091C30F9091C40FCD
:1089400042E050E00F942E0369E170E080E090E097
:108950000F94A5106091C50F7091C60F8091C70F3D
:108960009091C80F0F9480AE8CE69CE00F9450005D
:108970006FE974E08CE69CE00E9466F56091BD0FA3
:108980007091BE0F8091BF0F9091C00F0F9480AE79
:108990008CE69CE00F9450006FE974E08CE69CE05C
:1089A0000E9466F56091C10F7091C20F8091C30F54
:1089B0009091C40F42E050E00F942E0369E170E003
:1089C00080E090E00F94A5106091C50F7091C60FE4
:1089D0008091C70F9091C80F0F9480AE8CE69CE0F9
:1089E0000F9450006FE974E08CE69CE00E9466F5FD
:1089F0006091BD0F7091BE0F8091BF0F9091C00F1D
:108A00000F9480AE8CE69CE00F9450006FE974E008
:108A10008CE69CE00E9466F56091C10F7091C20FD8
:108A20008091C30F9091C40F42E050E00F942E0349
:108A300069E170E080E090E00F94A5106091C50FAF
:108A40007091C60F8091C70F9091C80F0F9480AEA0
:108A50008CE69CE00F9450006FE974E08CE69CE09B
:108A60000E9466F56091BD0F7091BE0F8091BF0F9F
:108A70009091C00F0F9480AE8CE69CE00F94500054
:108A80006FE974E08CE69CE00E9466F56091C10F8E
:108A90007091C20F8091C30F9091C40F42E050E0DB
:108AA0000F942E0369E170E080E090E00F94A51030
:108AB0006091C50F7091C60F8091C70F9091C80F3C
:108AC0000F9480AE8CE69CE00F9450006FE974E048
:108AD0008CE69CE00E9466F56091BD0F7091BE0F20
:108AE0008091BF0F9091C00F0F9480AE8CE69CE0F8
:108AF0000F9450006FE974E08CE69CE00E9466F5EC
:108B00006091C10F7091C20F8091C30F9091C40FFB
:108B100042E050E00F942E0369E170E080E090E0C5
:108B20000F94A5106091C50F7091C60F8091C70F6B
:108B30009091C80F0F9480AE8CE69CE00F9450008B
:108B40006FE974E08CE69CE00E9466F56091BD0FD1
:108B50007091BE0F8091BF0F9091C00F0F9480AEA7
:108B60008CE69CE00F9450006FE974E08CE69CE08A
:108B70000E9466F56091C10F7091C20F8091C30F82
:108B80009091C40F42E050E00F942E0369E170E031
:108B900080E090E00F94A5106091C50F7091C60F12
:108BA0008091C70F9091C80F0F9480AE8CE69CE027
:108BB0000F9450006FE974E08CE69CE00E9466F52B
:108BC0006091BD0F7091BE0F8091BF0F9091C00F4B
:108BD0000F9480AE8CE69CE00F9450006FE974E037
:108BE0008CE69CE00E9466F56091C10F7091C20F07
:108BF0008091C30F9091C40F42E050E00F942E0378
:108C000069E170E080E090E00F94A5106091C50FDD
:108C10007091C60F8091C70F9091C80F0F9480AECE
:108C20008CE69CE00F9450006FE974E08CE69CE0C9
:108C30000E9466F56091BD0F7091BE0F8091BF0FCD
:108C40009091C00F0F9480AE8CE69CE00F94500082
:108C50006FE974E08CE69CE00E9466F54091C10FDC
:108C60005091C20F6091C30F7091C40F22E030E0A9
:108C70008CE69CE00E9464F56FE974E08CE69CE071
:108C80000E9466F56091BD0F7091BE0F8091BF0F7D
:108C90009091C00F20E030E0A9010F94B6AEC090D3
:108CA000BD0FD090BE0FE090BF0FF090C00F181610
:108CB0000CF049C06091C50F7091C60F8091C70F2D
:108CC0009091C80F20E030E0A9010F94B6AE20913A
:108CD000C50F3091C60F4091C70F5091C80F18169D
:108CE000BCF5C701B6010F94A1AD20E030E040EF24
:108CF00051E40F94B6AE181614F00D94C93A63ED12
:108D000073E58CE69CE00E9452F5C457DF4F9881D2
:108D1000CC58D040C455DF4F9883CC5AD040CB5765
:108D2000DF4F1882C558D0400D94AC2D80E090E004
:108D3000A8E4B2EC8093BD0F9093BE0FA093BF0F39
:108D4000B093C00F41CBF7FAF094F7F8F094B2CF9C
:108D50005058C7CF50580D94A43520E030E048E477
:108D600052EC2093BD0F3093BE0F4093BF0F509332
:108D7000C00F0D943F36F7FAF094F7F8F0940D9485
:108D80005A3C6091BD0F7091BE0F8091BF0F9091C2
:108D9000C00F90580D94853CF7FAF094F7F8F094D2
:108DA0000D94DE3C2091BD0F3091BE0F4091BF0F5E
:108DB0005091C00FCE56DF4F288339834A835B839F
:108DC000C259D040AC964FADAC9737E0439FB0014D
:108DD0001124072E000C880B990B0F9422AC6B0109
:108DE0007C0120E030E0A901CE56DF4F6881798117
:108DF0008A819B81C259D0400F94B6AE18168CF46C
:108E00006091BD0F7091BE0F8091BF0F9091C00F08
:108E1000A70196010F94A1AD0F9480AE7B010D9434
:108E20000A3D6091BD0F7091BE0F8091BF0F909170
:108E3000C00FA70196010F94A2ADEECF2091BD0FF8
:108E40003091BE0F4091BF0F5091C00F60E070E0B5
:108E500088E492E40F94A1AD0D94573DC156DF4FC5
:108E6000E881F981CF59D040808181110D94653D11
:108E70000CE211E0F7E2CF16D104C8F0C7018C561E
:108E8000924004E813E089322BEF920780F0825978
:108E90009A4F0AE114E08530964048F48701F7FEC6
:108EA00004C0002711270E191F09085E1E4F69EB29
:108EB00072E50D945C3DB7E2CB16D104C0F0C7015A
:108EC0008E5F9C4F85309640A8F4F7FE03C0F19466
:108ED000E194F108F4E1EF1AF108C856DF4FA881D8
:108EE000B981C859D040ED92FC920D94A33DF12C6C
:108EF000E12CF3CFAEEEEA2EA2E0FA2EEECF20E088
:108F000030E048EC52E4C656DF4F688179818A81AF
:108F10009B81CA59D0400F94B6AE181614F00D9428
:108F20007E3E2DEC3CEC4CE45DE3C301B2010F94BA
:108F30001BAC81110D947E3E8091F00581110D9442
:108F40007E3EC957DF4F5881C758D04051110D940C
:108F50007E3E6EE572E58CE69CE00E94F3FF22E027
:108F600030E0B301A2018CE69CE00E9464F56FE35F
:108F700072E58CE69CE00E94F3FFEDEC4E2EECECEB
:108F80005E2E652CEDE37E2E0D947E3E6091BD0F2E
:108F90007091BE0F8091BF0F9091C00FA7019601F5
:108FA0000F94A1AD0D94B13FC357DF4F19821882C2
:108FB000CD58D0400D94B93F2DEC3CEC4CE45EE331
:108FC000EF966FADEF97C058DF4F7881C058D04013
:108FD000CF57DF4F8881C158D040CE57DF4F98819F
:108FE000C258D0400F94B6AE87FD1FC9E696AEAD0D
:108FF000BFADE69718970CF418C9CD57DF4FF8812D
:10900000C358D040FF2309F445C020918407E1965E
:109010002FAFE19730918507E7963FAFE7974091F3
:109020008607EB964FAFEB9750918707C158DF4FFC
:109030005883CF57D04020E030E0A901E1966FADD2
:10904000E197E7967FADE797EB968FADEB97C15829
:10905000DF4F9881CF57D0400F94B6AE18160CF45E
:10906000CCC0C457DF4F8881CC58D040CD57DF4F9C
:109070008883C358D040E1961FAEE197E7961FAEB4
:10908000E797EB961FAEEB97C158DF4F1882CF578B
:10909000D0403DC090918107CD57DF4F9883C35892
:1090A000D040992309F477C0A0918606E196AFAF2E
:1090B000E197B0918706E796BFAFE797E091880602
:1090C000EB96EFAFEB97F0918906C158DF4FF8832D
:1090D000CF57D04020E030E0A901BD01CF010F946F
:1090E000B6AE181674F0E1961FAEE197E7961FAE84
:1090F000E797EB961FAEEB97C158DF4F1882CF571B
:10910000D04065E871E58CE69CE00E9452F5E69659
:10911000AEADBFADE6971196C157DF4FB983A883B7
:10912000CF58D0401092F3050F949F92CD57DF4F48
:10913000B881C358D040B1116BC0809181078111B3
:1091400067C0E0916307CD57DF4FE883C358D04035
:10915000E11165C069E071E58CE69CE00E94F3FFD7
:1091600022E030E0EF964FADEF97C058DF4F5881C7
:10917000C058D040CF57DF4F6881C158D040CE573C
:10918000DF4F7881C258D0408CE69CE00E9464F5A5
:1091900068EE70E53FC080916307882309F4B7CF7C
:1091A00020918606E1962FAFE19730918706E796EA
:1091B0003FAFE79740918806EB964FAFEB97509102
:1091C0008906C158DF4F5883CF57D04020E030E0A8
:1091D000A901E1966FADE197E7967FADE797EB9632
:1091E0008FADEB97C158DF4F9881CF57D0400F9488
:1091F000B6AE18160CF48BCF3ECFC457DF4F888124
:10920000CC58D040CD57DF4F8883C358D0407FCF54
:1092100064E471E58CE69CE00E9452F50BC069E1C4
:1092200071E58CE69CE00E9452F5CD57DF4F188225
:10923000C358D040CB57DF4F28813981C558D04023
:10924000232B09F479C0C357DF4F48815981CD588A
:10925000D040452B09F070C02FE832EC45EF5CE3BD
:1092600060918206709183068091840690918506B4
:109270000F941BAC87FF58C0CA56DF4F8881998175
:10928000C659D040803D974009F04EC0E6968EAD5D
:109290009FADE697CB57DF4FE881F981C558D040A5
:1092A0008E1B9F0B0B9714F40D94AD54CF55DF4FCD
:1092B000F881C15AD040FF2309F49CC0CB57DF4F3F
:1092C00028813981C558D0402E5C3F4FCA56DF4FA8
:1092D00039832883C659D04061ED70E58CE69CE067
:1092E0000E94F3FFCA56DF4F68817981C659D0408A
:1092F0008CE69CE00F94500069EA70E58CE69CE0F7
:109300000E94F3FFCB57DF4F88819981C558D04029
:109310000F945600C457DF4F9881CC58D040CA559F
:10932000DF4F9883C65AD040C157DF4FA881B9811B
:10933000CF58D040AB2B79F0C157DF4F888199814E
:10934000CF58D0400496E696EEADFFADE6978E1767
:109350009F070CF4E4CCE6962EAD3FADE697CA56D7
:10936000DF4F48815981C659D0404217530714F046
:109370000D94B7542FE832EC45EF5CE36091820620
:109380007091830680918406909185060F941BACA2
:1093900087FD02C00D94B75468E870E58CE69CE048
:1093A0000E94F3FFCA56DF4F68817981C659D040C9
:1093B0008CE69CE00F94500064E670E58CE69CE03F
:1093C0000E94F3FF6091820670918306809184066B
:1093D0009091850642E050E00F942E03C457DF4F72
:1093E0005881CC58D040CB57DF4F5883C558D04018
:1093F0000D94AC2DCF56DF4F3881C159D04031117B
:109400000FC0CB57DF4F48815981C558D040475EC8
:109410005F4FCA56DF4F59834883C659D0405CCF4F
:10942000CB57DF4F88819981C558D0400A96CA56DC
:10943000DF4F99838883C659D0404ECFE5969FAFC2
:10944000E597E6968FAFE6976ACC20E030E040EAF9
:1094500050ECC301B2010F941BAC87FD02C00D9408
:10946000782E20E030E0A901E1966FADE197E79614
:109470007FADE797EB968FADEB97C158DF4F9881A3
:10948000CF57D0400F941BAC81110D94862E20E055
:1094900030E0A901B501C6010F94B6AE181624F04C
:1094A000A12CB12CC12CD12C6DEE7EE48CE69CE07D
:1094B0000E94F3FF42E050E0B501C6010F942E0375
:1094C0001091860600918706F0908806E090890644
:1094D000E196AFAEE197E796BFAEE797EB96CFAEDA
:1094E000EB97C158DF4FD882CF57D040C256DF4FDD
:1094F000F881CE59D040CD57DF4FF883C358D040C4
:109500000D94862EAC961FAEAC9720C66AE67DE41D
:109510008FE09BE00E94F3FF20E030E045E753E45A
:10952000E1966FADE197E7967FADE797EB968FAD4C
:10953000EB97C158DF4F9881CF57D0400F941BACA9
:1095400087FD10C0E1961FAEE197E7961FAEE79743
:1095500085E7EB968FAFEB9793E4C158DF4F988385
:10956000CF57D04022E030E0E1964FADE197E7964B
:109570005FADE797EB966FADEB97C158DF4F788102
:10958000CF57D0408FE09BE00E9464F568E67DE411
:109590008FE09BE00E94F3FFB1018FE09BE00F940E
:1095A000500066E67DE48FE09BE00E94F3FF22E03E
:1095B00030E0B301A2018FE09BE00E9464F564E615
:1095C0007DE48FE09BE00E94F3FF22E030E0AD9667
:1095D0004FADAD97AE965FADAE97AF966FADAF970F
:1095E000E0967FADE0978FE09BE00E9464F561E636
:1095F0007DE48FE09BE00E94F3FF61E47DE48CE674
:109600009CE00E94F3FF22E030E0E1964FADE1974D
:10961000E7965FADE797EB966FADEB97C158DF4FDD
:109620007881CF57D0408CE69CE00E9464F56FE3D0
:109630007DE48CE69CE00E94F3FFB1018CE69CE0A7
:109640000F9450006DE37DE48CE69CE00E94F3FFF4
:1096500022E030E0B301A2018CE69CE00E9464F5B8
:109660006BE37DE48CE69CE00E94F3FF22E030E0B7
:10967000AD964FADAD97AE965FADAE97AF966FAD71
:10968000AF97E0967FADE0978CE69CE00E9464F592
:1096900068E37DE4CEC680916307882309F4D9C0CE
:1096A0006CE77CE48FE09BE00E94F3FF212F302FDA
:1096B0004F2D5E2DE1966FADE197E7967FADE79771
:1096C000EB968FADEB97C158DF4F9881CF57D040C5
:1096D0000F94B6AE181674F4E1961FADE197E796B5
:1096E0000FADE797EB96FFACEB97C158DF4FE880E3
:1096F000CF57D04022E030E0412F502F6F2D7E2DEC
:109700008FE09BE00E9464F56AE77CE48FE09BE0D9
:109710000E94F3FFB1018FE09BE00F94500068E7D7
:109720007CE48FE09BE00E94F3FF22E030E0B30195
:10973000A2018FE09BE00E9464F566E77CE48FE085
:109740009BE00E94F3FF22E030E0AD964FADAD9775
:10975000AE965FADAE97AF966FADAF97E0967FAD2B
:10976000E0978FE09BE00E9464F563E77CE48FE084
:109770009BE00E94F3FF63E57CE48CE69CE00E94A2
:10978000F3FF22E030E0412F502F6F2D7E2D8CE62D
:109790009CE00E9464F561E57CE48CE69CE00E941C
:1097A000F3FFB1018CE69CE00F9450006FE47CE481
:1097B0008CE69CE00E94F3FF22E030E0B301A201BE
:1097C0008CE69CE00E9464F56DE47CE48CE69CE011
:1097D0000E94F3FF22E030E0AD964FADAD97AE961C
:1097E0005FADAE97AF966FADAF97E0967FADE09768
:1097F0008CE69CE00E9464F56AE47CE48CE69CE0E4
:109800000E9452F5CF56DF4FF881C159D040FF2357
:1098100009F4C1C267E57AE48CE69CE00E9452F547
:109820008101015011090233110508F440C30F945E
:1098300044016BE27AE48CE69CE00E9452F502332C
:10984000110510F00D942F2CC1010F94D6680D94C2
:109850002F2CAD962FADAD97AE963FADAE97AF9690
:109860004FADAF97E0965FADE097612F702F8F2DD2
:109870009E2D0F94A1ADE4966CAF7DAF8EAF9FAFE0
:10988000E49720E030E0A9010F94B6AE18166CF012
:10989000E4962CAD3DAD4EAD5FADE4975058E496E7
:1098A0002CAF3DAF4EAF5FAFE497E4962CAD3DAD2E
:1098B0004EAD5FADE497C501B4010F94B6AE87FD20
:1098C000AEC02AE939E949E95EE3AD966FADAD97DF
:1098D000AE967FADAE97AF968FADAF97E0969FAD4A
:1098E000E0970F9481AC212F302F4F2D5E2D0F94D8
:1098F0001BAC18160CF493C069E27CE48FE09BE08B
:109900000E94F3FF22E030E0412F502F6F2D7E2D7B
:109910008FE09BE00E9464F567E27CE48FE09BE0CF
:109920000E94F3FFB1018FE09BE00F94500065E2CD
:109930007CE48FE09BE00E94F3FF22E030E0B30183
:10994000A2018FE09BE00E9464F563E27CE48FE07B
:109950009BE00E94F3FF22E030E0AD964FADAD9763
:10996000AE965FADAE97AF966FADAF97E0967FAD19
:10997000E0978FE09BE00E9464F560E27CE48FE07A
:109980009BE00E94F3FF6FEF7BE48CE69CE00E947B
:10999000F3FF22E030E0412F502F6F2D7E2D8CE61B
:1099A0009CE00E9464F56DEF7BE48CE69CE00E94F5
:1099B000F3FFB1018CE69CE00F9450006BEF7BE469
:1099C0008CE69CE00E94F3FF22E030E0B301A201AC
:1099D0008CE69CE00E9464F569EF7BE48CE69CE0F9
:1099E0000E94F3FF22E030E0AD964FADAD97AE960A
:1099F0005FADAE97AF966FADAF97E0967FADE09756
:109A00008CE69CE00E9464F566EF7BE48CE69CE0CB
:109A10000E9452F50F94631A0E9483D8F3CEC55565
:109A2000DF4F3881CB5AD040332309F417C1CB57CD
:109A3000DF4F4881C558D040411110C1212F302F30
:109A40004F2D5E2DAD966FADAD97AE967FADAE97B7
:109A5000AF968FADAF97E0969FADE0970F94A1AD15
:109A6000A50194010F94B6AE1816DCF02AE939E985
:109A700049E95EE3AD966FADAD97AE967FADAE971B
:109A8000AF968FADAF97E0969FADE0970F9481AC06
:109A9000212F302F4F2D5E2D0F94B6AE18160CF0DF
:109AA000DDC062EC7BE48CE69CE00E9452F56DE93F
:109AB0007BE48FE09BE00E94F3FF20E030E045E78D
:109AC00053E4612F702F8F2D9E2D0F941BAC87FDBB
:109AD00006C010E000E025E7F22E33E4E32E22E09A
:109AE00030E0412F502F6F2D7E2D8FE09BE00E94A4
:109AF00064F56BE97BE48FE09BE00E94F3FFB1012A
:109B00008FE09BE00F94500069E97BE48FE09BE0DD
:109B10000E94F3FF22E030E0B301A2018FE09BE05E
:109B20000E9464F567E97BE48FE09BE00E94F3FF0D
:109B300022E030E0AD964FADAD97AE965FADAE97FB
:109B4000AF966FADAF97E0967FADE0978FE09BE06B
:109B50000E9464F564E97BE48FE09BE00E94F3FFE0
:109B60006FE67BE48CE69CE00E94F3FF22E030E0AD
:109B7000412F502F6F2D7E2D8CE69CE00E9464F5C6
:109B80006DE67BE48CE69CE00E94F3FFB1018CE67D
:109B90009CE00F9450006BE67BE48CE69CE00E9416
:109BA000F3FF22E030E0B301A2018CE69CE00E94CA
:109BB00064F569E67BE48CE69CE00E94F3FF22E01A
:109BC00030E0AD964FADAD97AE965FADAE97AF9628
:109BD0006FADAF97E0967FADE0978CE69CE00E947A
:109BE00064F566E67BE48CE69CE00E9452F5C8567C
:109BF000DF4FA881B981C859D0408D919C91C7553C
:109C0000DF4FE881F981C95AD0408E179F070CF0C9
:109C1000F9CD64EF7AE48CE69CE00E94F3FFC8562D
:109C2000DF4FA881B981C859D0406D917C918CE6F5
:109C30009CE00F9450006DEC7AE48CE69CE00E946E
:109C4000F3FFC755DF4F68817981C95AD0408CE650
:109C50009CE00F9450006EE77AE425C467E47BE44F
:109C60008FE09BE00E94F3FF20E030E045E753E403
:109C7000612F702F8F2D9E2D0F941BAC87FD06C07A
:109C800010E000E085E7F82E93E4E92E22E030E0D2
:109C9000412F502F6F2D7E2D8FE09BE00E9464F5A9
:109CA00065E47BE48FE09BE00E94F3FFB1018FE06D
:109CB0009BE00F94500063E47BE48FE09BE00E9404
:109CC000F3FF22E030E0B301A2018FE09BE00E94AD
:109CD00064F561E47BE48FE09BE00E94F3FF22E007
:109CE00030E0AD964FADAD97AE965FADAE97AF9607
:109CF0006FADAF97E0967FADE0978FE09BE00E945D
:109D000064F56EE37BE48FE09BE00E94F3FF6FE17C
:109D10007BE48CE69CE00E94F3FF22E030E0412FE0
:109D2000502F6F2D7E2D8CE69CE00E9464F56DE136
:109D30007BE48CE69CE00E94F3FFB1018CE69CE0A2
:109D40000F9450006BE17BE48CE69CE00E94F3FFF3
:109D500022E030E0B301A2018CE69CE00E9464F5B1
:109D600069E17BE48CE69CE00E94F3FF22E030E0B6
:109D7000AD964FADAD97AE965FADAE97AF966FAD6A
:109D8000AF97E0967FADE0978CE69CE00E9464F58B
:109D900066E17BE428CFAC962FADAC97222309F483
:109DA00039CDCE55DF4F2881C25AD040CD55DF4F37
:109DB0003881C35AD040CC55DF4F4881C45AD04077
:109DC000CB55DF4F5881C55AD040AD966FADAD979A
:109DD000AE967FADAE97AF968FADAF97E0969FAD45
:109DE000E0970F94A1ADEF966FAFEF97C058DF4F9C
:109DF0007883C058D040CF57DF4F8883C158D040B8
:109E0000CE57DF4F9883C258D040AD962FADAD9757
:109E1000AE963FADAE97AF964FADAF97E0965FADC4
:109E2000E0970F941BAC87FD1EC0AD96BFADAD97FC
:109E3000EF96BFAFEF97AE96EFADAE97C058DF4F3E
:109E4000E883C058D040AF96FFADAF97CF57DF4FF4
:109E5000F883C158D040E0962FADE097CE57DF4F42
:109E60002883C258D040E6964EAD5FADE6974431A8
:109E7000510594F4C657DF4F88819981CA58D04064
:109E80008433910514F40D948F29C297C657DF4F80
:109E900099838883CA58D040C256DF4FB881CE59C3
:109EA000D040CF56DF4FB883C159D04005C4C1015F
:109EB0000F94D668BCCC10E000E0F12CE12CCE551C
:109EC000DF4F2881C25AD040CD55DF4F3881C35A69
:109ED000D040CC55DF4F4881C45AD040CB55DF4FDE
:109EE0005881C55AD040612F702F8F2D9E2D0F9411
:109EF000A2AD162F072FF82EE92E6FEC7EE48CE62C
:109F00009CE00E94F3FF42E050E0612F702F8F2D04
:109F10009E2D0F942E032DEC3CEC4CE45DE3AD96AE
:109F20006FADAD97AE967FADAE97AF968FADAF9755
:109F3000E0969FADE0970F9481AC4B015C0120E06F
:109F400030E040E05FE30F94B6AE18162CF0812CA1
:109F5000912CA12C5FE3B52E8091F00520E030E03C
:109F600040E85EE381110BC0C957DF4F2881C75815
:109F7000D040222309F12DEC3CEC4CEC5DE3AD9696
:109F80006FADAD97AE967FADAE97AF968FADAF97F5
:109F9000E0969FADE0970F9481AC4B015C0120E00F
:109FA00030E040E050E40F94B6AE18162CF0812C4F
:109FB000912CA12C40E4B42E0F9454132B013C019E
:109FC000CF56DF4F3881C159D04031119BCACD5790
:109FD000DF4F4881C358D040411194CA5091630764
:109FE000AC965FAFAC9751118DCA20E030E040E4F1
:109FF0005FE3AD966FADAD97AE967FADAE97AF9682
:10A000008FADAF97E0969FADE0970F94A1AD212F54
:10A01000302F4F2D5E2D0F94B6AE87FF32C020E05B
:10A0200030E040E05FE3AD966FADAD97AE967FADAB
:10A03000AE97AF968FADAF97E0969FADE0970F9438
:10A0400081AC212F302F4F2D5E2D0F94B6AE87FFA0
:10A0500018C0A5019401AD966FADAD97AE967FADDA
:10A06000AE97AF968FADAF97E0969FADE0970F9408
:10A07000A1AD212F302F4F2D5E2D0F94B6AE87FD51
:10A0800065C069E77EE48CE69CE00E94F3FF212F27
:10A09000302F4F2D5E2DAD966FADAD97AE967FAD47
:10A0A000AE97AF968FADAF97E0969FADE0970F94C8
:10A0B000A1ADAC966FAFAC97EF967FAFEF976C0109
:10A0C000AD962FADAD97AE963FADAE97AF964FAD77
:10A0D000AF97E0965FADE0970F941BAC87FD12C081
:10A0E000AD968FADAD97AC968FAFAC97AE969FAD5A
:10A0F000AE97EF969FAFEF97AF96CFACAF97E09646
:10A10000DFACE09722E030E0AC964FADAC97EF9635
:10A110005FADEF97B6018CE69CE00E9464F566E4C3
:10A120007EE48CE69CE00E94F3FFCA55DF4FA881D5
:10A13000C65AD0408A2F90E00F945600C256DF4F87
:10A14000B881CE59D040AC96BFAFAC9766E37EE401
:10A15000CE01895A9F4F0E94ADF3BE01695A7F4FCD
:10A1600085E19EE00E9421F28111C7C369E27EE48D
:10A17000CE018F5A9F4F0E94ADF3BE016F5A7F4FA1
:10A1800085E19EE00E9421F2C12C882329F081E024
:10A19000AC96CFACAC97C826CE018F5A9F4F0E9489
:10A1A0007BF3CE01895A9F4F0E947BF3CC2009F4A8
:10A1B00029CBC301B201C054DF4F288139814A81C4
:10A1C0005B81C05CD040621B730B840B950B0F94BA
:10A1D00020AC20E030E04AE754E40F940EAE2B01AF
:10A1E0003C01CD57DF4F3881C358D040332309F4A9
:10A1F00052CAAD962FADAD97AE963FADAE97AF9626
:10A200004FADAF97E0965FADE097E1966FADE19708
:10A21000E7967FADE797EB968FADEB97C158DF4F91
:10A220009881CF57D0400F94A1AD6B017C0120E005
:10A2300030E0A9010F94B6AE181624F0F7FAF094A6
:10A24000F7F8F094A7019601C501B4010F94B6AEDA
:10A2500087FD5CC92AE939E949E95EE3AD966FAD4E
:10A26000AD97AE967FADAE97AF968FADAF97E096B8
:10A270009FADE0970F9481ACE1962FADE197E79603
:10A280003FADE797EB964FADEB97C158DF4F588145
:10A29000CF57D0400F941BAC18160CF437C96EED95
:10A2A0007DE48CE69CE00E9452F56DEB7DE48FE04E
:10A2B0009BE00E94F3FF20E030E045E753E4E196A5
:10A2C0006FADE197E7967FADE797EB968FADEB9794
:10A2D000C158DF4F9881CF57D0400F941BAC87FDFA
:10A2E00010C0E1961FAEE197E7961FAEE79745E7EE
:10A2F000EB964FAFEB9753E4C158DF4F5883CF57DE
:10A30000D04022E030E0E1964FADE197E7965FADB7
:10A31000E797EB966FADEB97C158DF4F7881CF573A
:10A32000D0408FE09BE00E9464F56BEB7DE48FE012
:10A330009BE00E94F3FFB1018FE09BE00F9450007F
:10A3400069EB7DE48FE09BE00E94F3FF22E030E0C8
:10A35000B301A2018FE09BE00E9464F567EB7DE40E
:10A360008FE09BE00E94F3FF22E030E0AD964FAD1E
:10A37000AD97AE965FADAE97AF966FADAF97E096E7
:10A380007FADE0978FE09BE00E9464F564EB7DE495
:10A390008FE09BE00E94F3FF63E97DE48CE69CE0A4
:10A3A0000E94F3FF22E030E0E1964FADE197E7969F
:10A3B0005FADE797EB966FADEB97C158DF4F7881B4
:10A3C000CF57D0408CE69CE00E9464F561E97DE4C3
:10A3D0008CE69CE00E94F3FFB1018CE69CE00F94B8
:10A3E00050006FE87DE48CE69CE00E94F3FF22E0E1
:10A3F00030E0B301A2018CE69CE00E9464F56DE8B8
:10A400007DE48CE69CE00E94F3FF22E030E0AD9614
:10A410004FADAD97AE965FADAE97AF966FADAF97C0
:10A42000E0967FADE0978CE69CE00E9464F56AE8D8
:10A430007DE48CE69CE00E9452F5C856DF4FA8816F
:10A44000B981C859D0408D919C91C755DF4FE881A3
:10A45000F981C95AD0408E179F070CF0D3C966E125
:10A460007DE48CE69CE00E94F3FFC856DF4FA88194
:10A47000B981C859D0406D917C918CE69CE00F94D5
:10A4800050006FEE7CE48CE69CE00E94F3FFC75521
:10A49000DF4F68817981C95AD0408CE69CE00F94E7
:10A4A00050006CE97CE48CE69CE00E9452F5C156B9
:10A4B000DF4FE881F981CF59D0401082ABCACE017D
:10A4C000895A9F4F0E947BF3CF56DF4F3881C15985
:10A4D000D040332309F465CC9DC941E0C957DF4F13
:10A4E0004883C758D0400D94782951E0C957DF4FB1
:10A4F0005883C758D0400D94822981E0C957DF4F57
:10A500008883C758D0400D947D2991E0C957DF4F0B
:10A510009883C758D040CE0101960E947BF3C9575B
:10A52000DF4F8881C758D0406AE672E4811102C0CB
:10A5300064E272E48CE69CE00E9452F5CE018D59F3
:10A540009F4F0E947BF326E030E042E050E0B701ED
:10A55000CE0189960E94D4F366E27AE4CE01019698
:10A560000E94ADF3BE016F5F7F4FCE0189960E94BE
:10A5700021F2F82ECE0101960E947BF3FF2011F408
:10A580000D94882969ED79E48CE69CE00E9452F5EF
:10A5900091E0CF55DF4F9883C15AD040CE018996C4
:10A5A0000E947BF38091F005811109C0C957DF4FEC
:10A5B000A881C758D040C6014E97AA2319F0C101FF
:10A5C0000F94FB1EC657DF4F99838883CA58D0402B
:10A5D0001816190644F0E1E0F0E0C657DF4FF983A2
:10A5E000E883CA58D040AD96FFADAD97EF96FFAF68
:10A5F000EF97AE962FADAE97C058DF4F2883C05867
:10A60000D040AF963FADAF97CF57DF4F3883C1589B
:10A61000D040E0964FADE097CE57DF4F4883C25809
:10A62000D040C455DF4F1882CC5AD040CB57DF4FB3
:10A630001882C558D040C555DF4F1882CB5AD0403C
:10A64000E6961FAE1EAEE697CE55DF4F1882C25A71
:10A65000D040CD55DF4F1882C35AD040CC55DF4F84
:10A660001882C45AD040CB55DF4F1882C55AD0400B
:10A67000C857DF4F19821882C858D040CA55DF4FDB
:10A680001882C65AD040CF56DF4F1882C159D040E9
:10A69000C8018D539C4FC156DF4F99838883CF5992
:10A6A000D040000F111FD801AB59BD4FC856DF4F26
:10A6B000B983A883C859D0408091F00581110D94C9
:10A6C0009929C957DF4FE881C758D040E1110D944F
:10A6D000992920E030E040EA51E4EF966FADEF9722
:10A6E000C058DF4F7881C058D040CF57DF4F8881A6
:10A6F000C158D040CE57DF4F9881C258D0400F94F8
:10A70000B6AE87FD02C00D94502A20E030E040E252
:10A7100051E4EF966FADEF97C058DF4F7881C05886
:10A72000D040CF57DF4F8881C158D040CE57DF4F40
:10A730009881C258D0400F94B6AE87FD02C00D94E8
:10A74000632A20E030E040EA50E4EF966FADEF97E7
:10A75000C058DF4F7881C058D040CF57DF4F888135
:10A76000C158D040CE57DF4F9881C258D0400F9487
:10A77000B6AE87FD02C00D94772A20E030E040E0BD
:10A7800050E4EF966FADEF97C058DF4F7881C05817
:10A79000D040CF57DF4F8881C158D040CE57DF4FD0
:10A7A0009881C258D0400F94B6AE87FD02C00D9478
:10A7B0008B2A20E030E040E85FE3EF966FADEF9743
:10A7C000C058DF4F7881C058D040CF57DF4F8881C5
:10A7D000C158D040CE57DF4F9881C258D0400F9417
:10A7E000B6AE87FD02C00D949F2A20E030E0A9019B
:10A7F000EF966FADEF97C058DF4F7881C058D040CB
:10A80000CF57DF4F8881C158D040CE57DF4F988156
:10A81000C258D0400F94B6AE87FF02C00D94B32A41
:10A82000FAE0CC57DF4FF883C458D04022E0AC9612
:10A830002FAFAC97BAE04B2EB7ED5B2EB3E26B2E89
:10A84000BCE37B2ECF56DF4FE881C159D040E111E8
:10A850005FC0C156DF4FA881B981CF59D0408C91DC
:10A86000811110C01214130414F40D94192B4AE032
:10A87000CC57DF4F4883C458D04052E0AC965FAF0E
:10A88000AC9705C01214130414F40D94232BB12CAF
:10A89000A12C0D94942BCB57DF4FA881B981C558BB
:10A8A000D040AB2B11F40D949C49C357DF4FA881C6
:10A8B000B981CD58D040AB2B11F40D942C490D9497
:10A8C0009C49CF56DF4FF881C159D040F111F7CAEA
:10A8D000CE55DF4F1883C25AD040CD55DF4F088385
:10A8E000C35AD040CC55DF4FF882C45AD040CB5524
:10A8F000DF4FE882C55AD0400ECBAC963FADAC9747
:10A900003111DDCDCE01895A9F4F0E947BF351CC8E
:10A910001214130414F40D943C2B82E0AC968FAF08
:10A92000AC979AE0CC57DF4F9883C458D040B12CF5
:10A93000A12C0D94632BC357DF4FE881F981CD58CB
:10A94000D040EF2B11F00D94AB49C157DF4F198266
:10A950001882CF58D0400D942C49C157DF4F288121
:10A960003981CF58D040232B11F00D949C49E596A6
:10A970009FADE597E6968FADE697E696AEADBFAD97
:10A98000E6971196E696BFAFAEAFE6970D94A63365
:10A990002F923F924F925F926F927F928F929F92EF
:10A9A000AF92BF92CF92DF92EF92FF920F931F93DD
:10A9B000CF93DF93CDB7DEB7A4970FB6F894DEBF81
:10A9C0000FBECDBF782E64EE7AE58CE69CE00E9447
:10A9D00052F560EA74E0CE014F960E94BFF3809179
:10A9E000070460E081110FC1D12CC12CB12CA12C26
:10A9F00086E0682EF601EE54F54AE491EE2EF12C35
:10AA0000B701CE0149960F94020369E77AE5CE01BA
:10AA100043960E94ADF3B601CE010D960F9402034A
:10AA200064E67AE5CE0101960E94ADF3BE016F5F48
:10AA30007F4FCE0107960E94B6F3BE01635F7F4F42
:10AA4000CE0107960E9401F3BE016D5E7F4F0E940A
:10AA500001F3BE01675E7F4F0E9401F30F94F10284
:10AA6000CE0107960E947BF3CE0101960E947BF3F4
:10AA7000CE010D960E947BF3CE0143960E947BF39C
:10AA8000CE0149960E947BF3970121503109629EC5
:10AA9000C001639E900D11249C01295E3F4E490127
:10AAA00061EA74E0C9010E940CF2811103C07720B1
:10AAB00009F468C000E020E03EE1A316B1043CF4D4
:10AAC00000E08AE1A816B1040CF401E021E040E0C6
:10AAD00061E0C7010E944BB5182F6CED79E58FE05E
:10AAE0009BE00E94F3FFB6010D2C000C880B990B24
:10AAF0000F9422AC20E030E048EC52E40F9481AC9B
:10AB000020E030E048E452E40F940EAE1B012C012B
:10AB100022E030E0BC01A1018FE09BE00E9464F5DF
:10AB200069ED79E58FE09BE00E94F3FF63EC79E546
:10AB30008CE69CE00E94F3FF22E030E0B201A1012C
:10AB40008CE69CE00E9464F560EC79E58CE69CE084
:10AB50000E9452F56EE57AE5CE0101960E94ADF3B2
:10AB6000BE016F5F7F4FC4010E9421F2082FCE010A
:10AB700001960E947BF3002319F02FEFA21AB20A6C
:10AB8000112359F00E94A26C0F943218182F8823B9
:10AB900009F459C081E0809363070E9477BA0E944C
:10ABA00040B90F94CF18F82E8823A1F06BEF79E508
:10ABB0008CE69CE00E9452F507E110E161EA74E046
:10ABC000C8010E945AF30A5F1F4F21E103341207A4
:10ABD000A9F710E062EF79E5CE0101960E94ADF38E
:10ABE000BE016F5F7F4F85E19EE00E9421F2082F3A
:10ABF000CE0101960E947BF3002341F060E0812F9B
:10AC0000FF2011F061E080E00F945719CE014F96BC
:10AC10000E947BF3A4960FB6F894DEBF0FBECDBFA3
:10AC2000DF91CF911F910F91FF90EF90DF90CF9028
:10AC3000BF90AF909F908F907F906F905F904F905C
:10AC40003F902F9008953FEFC31AD30A82E3C816AE
:10AC5000D10409F0CFCE11E0A0CF2F923F924F92B6
:10AC60005F926F927F928F929F92AF92BF92CF929C
:10AC7000DF92EF92FF920F931F93CF93DF9300D059
:10AC800000D01F921F92CDB7DEB7382EF92E2DB708
:10AC90003EB738872F8388EC90E0632D7F2D0F948B
:10ACA000E5AF8B01CB01880F991F880F991FEDB776
:10ACB000FEB7E81BF90B0FB6F894FEBF0FBEEDBF51
:10ACC0002DB73EB72F5F3F4F69016BEA7BE78CE6FC
:10ACD0009CE00E94F3FF832D9F2D0F945600DA8293
:10ACE000C9824601B12CA12CC12CD12C7601A01611
:10ACF000B106F4F461E0832D0E94A7C42B013C014E
:10AD0000F40141925192619271924F01AC019B0109
:10AD1000C701B6010F94A2AD6B017C0143E050E086
:10AD2000C301B2010F942E03FFEFAF1ABF0ADFCFAA
:10AD3000B801012E000C880B990B0F9422AC6B8389
:10AD40007C838D839E839B01AC01C701B6010F9468
:10AD50000EAE2B013C016AE97BE78CE69CE00E9489
:10AD6000F3FF43E050E0C301B2010F942E03312CF6
:10AD7000212C812C912C5401201631062CF5E981CF
:10AD8000FA812191319141915191FA83E983C30173
:10AD9000B2010F94A1AD6B017C0120E030E0A9016C
:10ADA0000F94B6AE181624F0F7FAF094F7F8F09472
:10ADB000A7019601C501B4010F94A2AD4B015C013E
:10ADC000FFEF2F1A3F0AD8CF2B813C814D815E8146
:10ADD000C501B4010F940EAE6B017C0161E87BE705
:10ADE0008CE69CE00E94F3FF43E050E0C701B6010F
:10ADF0000F942E0367E67BE78CE69CE00E94F3FF4E
:10AE000020E030E04AE754E4C701B6010F9481AC7A
:10AE100041E050E00F942E0365E37BE78CE69CE075
:10AE20000E9452F52DEC3CEC4CEC5DE3C701B60101
:10AE30000F941BAC87FF32C062E17BE78FE09BE0A1
:10AE40000E94F3FF6FEE7AE78CE69CE00E9452F5D9
:10AE500062EE7AE78CE69CE00E9452F52F813885FD
:10AE60000FB6F8943EBF0FBE2DBF28960FB6F894CC
:10AE7000DEBF0FBECDBFDF91CF911F910F91FF902D
:10AE8000EF90DF90CF90BF90AF909F908F907F908A
:10AE90006F905F904F903F902F9008956FEB7AE7FF
:10AEA0008FE09BE00E94F3FF6CE97AE78CE69CE080
:10AEB0000E9452F56FE87AE7CDCF0F931F93CF939F
:10AEC000DF93EC01062F142F60E08A810F944F0A64
:10AED000888199810E94B2C9802F880F0E9496C9EB
:10AEE0008B83812F0E9496C9182F0E9485C961E02B
:10AEF0008A810F944F0A812FDF91CF911F910F917B
:10AF00000895FC0133966630B9F050F4FC01319697
:10AF1000643091F0FC013296653071F0FC010CC098
:10AF2000FC013596683041F0FC013496683020F021
:10AF3000FC013696693091F7408107960D945D5774
:10AF4000FC019281907F692B628365E0CF010D94B3
:10AF50008157FC0121812F77218364E00D94815773
:10AF6000FC0121812068218364E00D948157CF93F7
:10AF7000DF93EC0118828FE0898386E08A8380E387
:10AF80008B8388E08C8383E08D8380E28E8363E013
:10AF9000CE010F94815765E0CE010F94815766E092
:10AFA000CE010F94815767E0CE010F94815768E07E
:10AFB000CE010F94815769E0CE010F94815764E070
:10AFC000CE01DF91CF910D948157FC014381406800
:10AFD00066E007960D945D574F925F926F927F9255
:10AFE0008F929F92AF92BF92CF92DF92EF92FF9299
:10AFF0000F931F93CF93DF93CDB7DEB72D970FB687
:10B00000F894DEBF0FBECDBF2B013C012D833E83E4
:10B010004F835887E986FA860B871C874601AD86E1
:10B0200061E08AE00E94A7C469837A838B839C8352
:10B0300063EF78E98CE69CE00E94F3FF43E050E088
:10B0400069817A818B819C810F942E030F94541314
:10B050006B017C016EE28CEE9EE00F94C86861E0AB
:10B0600070E080E090E00F94A51083EE9EE00F94D6
:10B07000B75783EE9EE00F94E55768E077E083EEE4
:10B080009EE00F941F9261E081E08816910441F1E7
:10B0900063E092E08916910419F164E0A4E08A1655
:10B0A0009104F1F065E0B8E08B169104C9F066E018
:10B0B00080E188169104A1F067E090E2891691047E
:10B0C00079F068E0A0E48A16910451F069E0B0E8F4
:10B0D0008B16910429F0811481E0980629F46AE026
:10B0E00083EE9EE00F94A05783EE9EE00F94B0573E
:10B0F0006AE070E080E090E00F94A5108EEE9EE094
:10B100000F94419240E050E0BA018EEE9EE00E9422
:10B1100021F8C301B2010F9422AC4B015C01BC01C8
:10B12000A4018EEE9EE00E9442F76D817E818F81A8
:10B1300098850F9422ACAB01BC018EEE9EE00F947B
:10B14000A4681092F60E81E08093F70E10921C0F07
:10B1500089859A85AB85BC85C80ED91EEA1EFB1E63
:10B1600040E452E46FE070E077FE04C040EC5DEB39
:10B1700060EF7FEF8EEE9EE00E944EF89D859093EB
:10B18000B3002091020F3091030F4091040F5091B2
:10B19000050FC501B4010F94B6AE18162CF48EEE4F
:10B1A0009EE00E94B4F7EDCF8091700082608093A2
:10B1B000700081E0809359060F9454134B015C0199
:10B1C0000F9454136C157D058E059F05F0F50F94B3
:10B1D0005413681979098A099B096B3F7105810528
:10B1E000910510F10F9454134B015C014091020F33
:10B1F0005091030F6091040F7091050F22E030E031
:10B200008CE69CE00E9464F56FE974E08CE69CE0BB
:10B210000E9466F56091FA0E7091FB0E8091FC0E13
:10B220009091FD0E0F94A30961E08AE00E94A7C4EB
:10B230006093A8077093A9078093AA079093AB0720
:10B2400042E050E00F942E03BBCF69EE78E98CE624
:10B250009CE00E9452F54091020F5091030F6091C3
:10B26000040F7091050F22E030E08CE69CE00E9414
:10B2700064F56FE974E08CE69CE00E9466F56091ED
:10B28000FA0E7091FB0E8091FC0E9091FD0E0F94C2
:10B29000A309809170008D7F8093700010925906F1
:10B2A0004CE05EEF6FEF7FEF8EEE9EE00E944EF877
:10B2B0004091FE0E5091FF0E6091000F7091010FB2
:10B2C0008091FA0E9091FB0EA091FC0EB091FD0EB4
:10B2D000481759076A077B0791F18EEE9EE00E949E
:10B2E000B4F70F945413681979098A099B096333D9
:10B2F000710581059105E0F20F9454134B015C0137
:10B300004091020F5091030F6091040F7091050F4F
:10B3100022E030E08CE69CE00E9464F56FE974E086
:10B320008CE69CE00E9466F56091FA0E7091FB0E2F
:10B330008091FC0E9091FD0E0F94A309B9CF64EE9D
:10B3400078E98CE69CE00E9452F54091020F509102
:10B35000030F6091040F7091050F22E030E08CE63E
:10B360009CE00E9464F56FE974E08CE69CE00E942A
:10B3700066F56091FA0E7091FB0E8091FC0E909133
:10B38000FD0E0F94A309809170008D7F8093700053
:10B39000109259068EEE9EE00E945DF883EE9EE0CC
:10B3A0000F94A95761E08AE00E94A7C46B017C0159
:10B3B00065ED78E98CE69CE00E94F3FF43E050E005
:10B3C000C701B6010F942E0368EE73E080E090E0B1
:10B3D0000F94A51061E08AE00E94A7C46B017C0174
:10B3E00060EC78E98CE69CE00E94F3FF43E050E0DB
:10B3F000C701B6010F942E036DEA78E98CE69CE054
:10B400000E94F3FF29813A814B815C81C701B6011B
:10B410000F94A1AD43E050E02D960FB6F894DEBF37
:10B420000FBECDBFDF91CF911F910F91FF90EF9095
:10B43000DF90CF90BF90AF909F908F907F906F9054
:10B440005F904F900D942E034F925F926F927F9278
:10B450008F929F92AF92BF92CF92DF92EF92FF9224
:10B460000F93CF93DF93CDB7DEB765970FB6F89400
:10B47000DEBF0FBECDBF69877A878B879C872D87FC
:10B480003E874F87588B01110E94BFC340917A07B6
:10B4900050917B0760917C0770917D0722E0440FFB
:10B4A000551F661F771F2A95D1F782E39FE00E9400
:10B4B00021F8C0903E0FD0903F0FE090400FF090E9
:10B4C000410F0F94B5098D8B882309F495C34984E6
:10B4D0005A846B847C844C0C5D1C6E1C7F1C6AE956
:10B4E00078E98CE69CE00E94F3FFC301B2010F945F
:10B4F000A30966E878E98CE69CE00E94F3FFC701A7
:10B50000B6010F94A3096FE678E98CE69CE00E94EF
:10B51000F3FF69857A858B859C850F94A30961E685
:10B5200078E98CE69CE00E94F3FFB301A2018CE66F
:10B530009CE00F941E0063E478E98CE69CE00E9496
:10B54000F3FFB701A6018CE69CE00F941E006BE2AE
:10B5500078E98CE69CE00E94F3FF69857A858B850B
:10B560009C850F94A30966E178E98CE69CE00E9433
:10B57000F3FF94E0C92ED12CE12CF12CC301B201D0
:10B58000A70196010F94F9AFBA01A9018CE69CE0DE
:10B590000F941E0068EF77E98CE69CE00E94F3FFB1
:10B5A00040917A0750917B0760917C0770917D07ED
:10B5B0008CE69CE00F941E0060EE77E98CE69CE040
:10B5C0000E94F3FF69857A858B859C85A70196018A
:10B5D0000F94F9AFCA01B9010F94A30940E050E0FC
:10B5E00060E775E482E39FE00E9442F740E050E0AC
:10B5F00060E774E482E39FE00E94BFF68D859E853C
:10B600000F94510B80E10F94E30B0F941F0C6AEF22
:10B6100070E080E090E00F94A5100F9454134B015C
:10B620005C01C0907A07D0907B07E0907C07F09097
:10B630007D07B301A20182E39FE00E9437F84091A9
:10B64000420F5091430F6091440F7091450F8091CC
:10B650003E0F90913F0FA091400FB091410F4817BE
:10B6600059076A077B0709F468C082E39FE00E94DC
:10B67000B4F70F945413681979098A099B09653F37
:10B68000714081059105D8F280907A0790907B07F0
:10B69000A0907C07B0907D0760913E0F70913F0FA6
:10B6A0008091400F9091410F24E030E040E050E065
:10B6B0000F94F9AF821A930AA40AB50A80917A0707
:10B6C00090917B07A0917C07B0917D07A70196011F
:10B6D000281B390B4A0B5B0BDA01C9011816190636
:10B6E0001A061B060CF0DBC080917A0790917B074D
:10B6F000A0917C07B0917D07C81AD90AEA0AFB0A13
:10B7000035E0C316D104E104F1040CF0D9C069E8B6
:10B7100077E98CE69CE00E94F3FF6D857E858F853E
:10B7200098890F94A30982E39FE00E945DF80F942B
:10B73000180C0F94EA090F941F0C8AEF90E00F94F5
:10B74000510B80913E0F90913F0FA091400FB0910F
:10B75000410F8D839E83AF83B8876C017D01C41830
:10B76000D508E608F70865E677E98CE69CE00E94D4
:10B77000F3FF60913E0F70913F0F8091400F9091C9
:10B78000410F0F94A30963E477E98CE69CE00E94E3
:10B79000F3FFC701B6010F94A309C0907A07D090B8
:10B7A0007B07E0907C07F0907D07C301B20124E0A5
:10B7B00030E040E050E00F94F9AFD701C601821BA2
:10B7C000930BA40BB50B89839A83AB83BC836EE187
:10B7D00077E98CE69CE00E94F3FF60917A07709114
:10B7E0007B0780917C0790917D070F94A3096BEFF5
:10B7F00076E98CE69CE00E94F3FF69817A818B8177
:10B800009C810F94A30980914702882309F4BCC04E
:10B81000C301B2016E527A448F4F9F4F29EE3AE531
:10B8200040E050E00F94F9AF0F9422AC2EE939E2DA
:10B8300044E35EE30F9481AC0F9480AE4B015C0156
:10B8400080E00E9467CA9C0150E040E0298B3A8B5F
:10B850004B8B5C8B6C017A01C818D908EA08FB088D
:10B8600031E0C31630EFD3063FEFE306F3060CF4E6
:10B8700045C0B701A601505F6F4F7F4F81E0C816EA
:10B8800080E1D806E104F1040CF041C080E090E1D1
:10B89000A0E0B0E08C199D09AE09BF093DC08091C0
:10B8A0007A0790917B07A0917C07B0917D078C1956
:10B8B0009D09AE09BF090597A105B1050CF427CF75
:10B8C000B7FE08C0B094A09490948094811C911C01
:10B8D000A11CB11C45E184169104A104B1040CF033
:10B8E00016CFC0907A07D0907B07E0907C07F0904D
:10B8F0007D070F9454134B015C01A1CE40E050EF43
:10B900006FEF7FEF4C195D096E097F09BFCFD7013B
:10B91000C6019051A109B109F7FE08C0F094E09466
:10B92000D094C094C11CD11CE11CF11C48175907CC
:10B930006A077B0714F4DB01CA018C159D05AE056F
:10B94000BF0514F46C017D0167ED76E98CE69CE09F
:10B950000E94F3FF69897A898B899C890F94A309D6
:10B9600064EB76E98CE69CE00E94F3FFC501B4012C
:10B970000F94A30962E976E98CE69CE00E94F3FF4C
:10B98000C701B6010F94A30980914602882309F4E8
:10B9900085C0C301B2016E527A448F4F9F4F29EE8A
:10B9A0003AE540E050E00F94F9AF0F9422AC2EE955
:10B9B00039E244E35EE30F9481AC0F9480AE2B0137
:10B9C0003C0180E00E94D7C84C01B12CA12C75012C
:10B9D0006C01C418D508E608F70891E0C91690EF85
:10B9E000D9069FEFE906F906ACF0D701C601905FD2
:10B9F000AF4FBF4F21E0C21620E1D206E104F104AF
:10BA000094F440E050E160E070E04C195D096E098B
:10BA10007F090EC080E090EFAFEFBFEF8C199D095A
:10BA2000AE09BF09EECFB701A601505161097109F6
:10BA3000F7FE08C0F094E094D094C094C11CD11CCF
:10BA4000E11CF11C481759076A077B0714F4DB0156
:10BA5000CA018C159D05AE05BF0514F46C017D016E
:10BA60006EE676E98CE69CE00E94F3FFC501B40126
:10BA70000F94A3096BE476E98CE69CE00E94F3FF47
:10BA8000C301B2010F94A30969E276E98CE69CE058
:10BA90000E94F3FFC701B6010F94A30989819A811F
:10BAA000AB81BC81B7FF07C0B095A09590958195FB
:10BAB0009F4FAF4FBF4F4597A105B1050CF4B3C0E1
:10BAC00062EF75E98CE69CE00E94F3FF6D857E8550
:10BAD0008F8598890F94A30980E02D813E814F8145
:10BAE0005885293E9AE53907410551050CF49DC05A
:10BAF000CA01B90129EE3AE540E050E00F94F9AFF0
:10BB0000AB01BC0182E39FE00E9421F860917A07BB
:10BB100070917B0780917C0790917D072AEB36E13D
:10BB200040E050E00F94F9AF60937A0770937B0781
:10BB300080937C0790937D0762EB75E98CE69CE02F
:10BB40000E94F3FF60913E0F70913F0F8091400F74
:10BB50009091410F0F94A3096FE675E98CE69CE084
:10BB60000E94F3FF60917A0770917B0780917C07B8
:10BB700090917D070F94A30980E10F94E30BC98096
:10BB8000DA80EB80FC8082E0CC0CDD1CEE1CFF1C1C
:10BB90008A95D1F729853A854B855C852C193D0915
:10BBA0004E095F0969017A013D89332309F481C097
:10BBB0006CEC74E98FE09BE00E94F3FFB701A601F3
:10BBC0008FE09BE00F941E0069EC74E98FE09BE02E
:10BBD0000E94F3FF69EA74E98CE69CE00E94F3FF9F
:10BBE000B701A6018CE69CE00F941E0066EA74E99A
:10BBF0008CE69CE00E9452F58D8965960FB6F8940C
:10BC0000DEBF0FBECDBFDF91CF910F91FF90EF90C0
:10BC1000DF90CF90BF90AF909F908F907F906F906C
:10BC20005F904F9008958D8958CF2D813E814F812F
:10BC30005885283195EA39079FEF49075907BCF520
:10BC4000CA01B90129EE3AE540E050E00F94F9AF9E
:10BC5000AB01BC0182E39FE00E9421F860917A076A
:10BC600070917B0780917C0790917D072AEB36E1EC
:10BC700040E050E00F94F9AF60937A0770937B0730
:10BC800080937C0790937D076FE275E98CE69CE0DA
:10BC90000E94F3FF60913E0F70913F0F8091400F23
:10BCA0009091410F0F94A3096CEE74E957CF8D8BDF
:10BCB00063CF66E874E98FE09BE00E94F3FFB70171
:10BCC000A6018FE09BE00F941E0063E874E98FE00B
:10BCD0009BE00E94F3FF63E674E98CE69CE00E941F
:10BCE000F3FFB701A6018CE69CE00F941E0060E60E
:10BCF00074E97ECF4F925F926F927F928F929F9264
:10BD0000AF92BF92CF92DF92EF92FF920F931F9369
:10BD1000CF93DF93CDB7DEB72D970FB6F894DEBF84
:10BD20000FBECDBF6B017C0197FDC8C122E0C20EE2
:10BD3000D11CE11CF11C0F94B5098D87882309F4EF
:10BD400017C404E010E00E94DECA811103C0015054
:10BD50001109C9F7A4E7BDE2A70196010F9487ADC9
:10BD60002B013C0180913E0F90913F0FA091400F1D
:10BD7000B091410F89839A83AB83BC8373016201C5
:10BD8000C81AD90AEA0AFB0A4601570199EE890E38
:10BD90009AE5991EA11CB11CA7019601295E3A459E
:10BDA0004109510929873A874B875C876DE474E91B
:10BDB0008CE69CE00E94F3FFC301B2010F94A3093B
:10BDC00069E374E98CE69CE00E94F3FF69817A8163
:10BDD0008B819C810F94A30962E274E98CE69CE05C
:10BDE0000E94F3FFC701B6010F94A30967E074E94D
:10BDF0008CE69CE00E94F3FFC501B4010F94A309F7
:10BE00006BEE73E98CE69CE00E94F3FF69857A850E
:10BE10008B859C850F94A309F7FE08C0F094E094ED
:10BE2000D094C094C11CD11CE11CF11CB7FE08C009
:10BE3000B094A09490948094811C911CA11CB11C7E
:10BE400089859A85AB85BC85B7FF07C0B095A0955D
:10BE5000909581959F4FAF4FBF4F8C149D04AE04BA
:10BE6000BF045CF08C159D05AE05BF0594F4C814A5
:10BE7000D904EA04FB040CF427C188159905AA0526
:10BE8000BB050CF4D3C339EE430E3AE5531E611CD7
:10BE9000711C7301620189819A81AB81BC81C81ACE
:10BEA000D90AEA0AFB0A6DED73E98CE69CE00E9470
:10BEB000F3FFB301A2018CE69CE00F941E006FEB30
:10BEC00073E98CE69CE00E94F3FF49815A816B8103
:10BED0007C818CE69CE00F941E0067EA73E98CE697
:10BEE0009CE00E94F3FFC701B6010F94A30962E929
:10BEF00073E98CE69CE00E94F3FF84E0882E912C8D
:10BF0000A12CB12CC301B201A50194010F94F9AF8A
:10BF1000BA01A9018CE69CE00F941E0064E773E966
:10BF20008CE69CE00E94F3FF40917A0750917B07DA
:10BF300060917C0770917D078CE69CE00F941E0059
:10BF40006CE573E98CE69CE00E94F3FFC701B60143
:10BF5000A50194010F94F9AFCA01B9010F94A30987
:10BF600040E050E060E775E482E39FE00E9442F722
:10BF700040E050E060E774E482E39FE00E94BFF697
:10BF800088E097E00F94510B88E00F94E30B0F9437
:10BF90001F0C6AEF70E080E090E00F94A5100F9402
:10BFA00054134B015C01C0907A07D0907B07E0905E
:10BFB0007C07F0907D07B301A20182E39FE00E941D
:10BFC00037F84091420F5091430F6091440F7091A8
:10BFD000450F80913E0F90913F0FA091400FB0917F
:10BFE000410F481759076A077B0709F4AEC082E37F
:10BFF0009FE00E94B4F70F945413681979098A09D5
:10C000009B09653F714081059105D8F280907A07C0
:10C0100090907B07A0907C07B0907D0760913E0FC9
:10C0200070913F0F8091400F9091410F22E030E0DE
:10C0300040E050E00F94F9AF821A930AA40AB50ABF
:10C0400080917A0790917B07A0917C07B0917D0742
:10C05000A7019601281B390B4A0B5B0BDA01C901BA
:10C06000181619061A061B06E4F580917A079091B6
:10C070007B07A0917C07B0917D07C81AD90AEA0A0C
:10C08000FB0A35E0C316D104E104F104D4F56AE0FB
:10C0900073E98CE69CE00E94F3FF68E077E080E0C3
:10C0A00090E00F94A30982E39FE00E945DF80F9453
:10C0B000180C0F94EA090F941F0C47C032E0C31A02
:10C0C000D108E108F10837CE88169906AA06BB0602
:10C0D0000CF4DFCE49EE441A4AE5540A61087108AF
:10C0E000D8CE80917A0790917B07A0917C07B09180
:10C0F0007D078C199D09AE09BF090597A105B105FA
:10C1000034F2B7FE08C0B094A09490948094811C3F
:10C11000911CA11CB11C45E184169104A104B10439
:10C120000CF0B5CFC0907A07D0907B07E0907C07E9
:10C13000F0907D070F9454134B015C010E94A26C98
:10C140000F943218882309F43CCF8AEF90E00F94C3
:10C15000510B64EF71E080E090E00F94A5108091A6
:10C160003E0F90913F0FA091400FB091410F8983F6
:10C170009A83AB83BC836C017D01C418D508E608A3
:10C18000F70866EE72E98CE69CE00E94F3FF60918E
:10C190003E0F70913F0F8091400F9091410F0F948F
:10C1A000A30964EC72E98CE69CE00E94F3FFC701EE
:10C1B000B6010F94A309C0907A07D0907B07E09056
:10C1C0007C07F0907D07C301B20124E030E040E03D
:10C1D00050E00F94F9AFD701C601821B930BA40B5B
:10C1E000B50B89879A87AB87BC876FE972E98CE6C4
:10C1F0009CE00E94F3FF60917A0770917B07809129
:10C200007C0790917D070F94A3096CE772E98CE697
:10C210009CE00E94F3FF69857A858B859C850F944D
:10C22000A30980914702882309F489C0C301B201A0
:10C230006E527A448F4F9F4F29EE3AE540E050E02E
:10C240000F94F9AF0F9422AC2EE939E244E35EE398
:10C250000F9481AC0F9480AE6B017C0180E00E9452
:10C2600067CA4C01B12CA12CD5018C199D09AE09CE
:10C27000BF09813020EF92072FEFA207B207A4F089
:10C280008C019D01105F2F4F3F4F813040E194079B
:10C29000A105B10594F440E050E160E070E0481B76
:10C2A000590B6A0B7B0B0EC000E010EF2FEF3FEF36
:10C2B000081B190B2A0B3B0BEECFAC01BD015051F3
:10C2C00061097109B7FF07C0B095A0959095819558
:10C2D0009F4FAF4FBF4F041715072607370714F4BA
:10C2E000B901A8018D839E83AF83B887481759078A
:10C2F0006A077B0724F44D835E836F83788768E544
:10C3000072E98CE69CE00E94F3FFC501B4010F9432
:10C31000A30965E372E98CE69CE00E94F3FFC70184
:10C32000B6010F94A30963E172E98CE69CE00E94D8
:10C33000F3FF6D817E818F8198850F94A309809191
:10C340004602882309F489C0C301B2016E527A44BF
:10C350008F4F9F4F29EE3AE540E050E00F94F9AF40
:10C360000F9422AC2EE939E244E35EE30F9481ACF2
:10C370000F9480AE4B015C0180E00E94D7C86C0135
:10C38000F12CE12CD70188199909AA09BB09813040
:10C3900050EF95075FEFA507B507A4F08C019D014D
:10C3A000105F2F4F3F4F813040E19407A105B10549
:10C3B00094F440E050E160E070E0481B590B6A0BD8
:10C3C0007B0B0EC000E010EF2FEF3FEF081B190BA7
:10C3D0002A0B3B0BEECFAC01BD0150516109710935
:10C3E000B7FF07C0B095A095909581959F4FAF4F2F
:10C3F000BF4F041715072607370714F4B901A80122
:10C400008D839E83AF83B887481759076A077B07D8
:10C4100024F44D835E836F8378876FEE71E98CE639
:10C420009CE00E94F3FFC701B6010F94A3096CECD6
:10C4300071E98CE69CE00E94F3FFC501B4010F9402
:10C44000A3096AEA71E98CE69CE00E94F3FF6D8122
:10C450007E818F8198850F94A30989859A85AB8504
:10C46000BC85B7FF07C0B095A095909581959F4F6B
:10C47000AF4FBF4F4597A105B105DCF48D819E817B
:10C48000AF81B885B7FF07C0B095A095909581950D
:10C490009F4FAF4FBF4F4F97A105B1050CF480C020
:10C4A00080914702811105C080914602882309F4DA
:10C4B00077C069E771E98CE69CE00E94F3FF68E0D1
:10C4C00077E080E090E00F94A30980E029813A8131
:10C4D0004B815C81293E9AE53907410551050CF4F1
:10C4E00061C0CA01B90129EE3AE540E050E00F947D
:10C4F000F9AFAB01BC0182E39FE00E9421F860919B
:10C500007A0770917B0780917C0790917D072AEBD9
:10C5100036E140E050E00F94F9AF60937A077093F2
:10C520007B0780937C0790937D0769E371E98CE634
:10C530009CE00E94F3FF60913E0F70913F0F80914D
:10C54000400F9091410F0F94A30966EF70E98CE6BC
:10C550009CE00E94F3FF60917A0770917B078091C5
:10C560007C0790917D070F94A30980E10F94E30B62
:10C570008D852D960FB6F894DEBF0FBECDBFDF912F
:10C58000CF911F910F91FF90EF90DF90CF90BF90D0
:10C59000AF909F908F907F906F905F904F90089595
:10C5A0008D8594CF29813A814B815C81283195EA30
:10C5B00039079FEF49075907BCF5CA01B90129EEB0
:10C5C0003AE540E050E00F94F9AFAB01BC0182E3E3
:10C5D0009FE00E9421F860917A0770917B0780911B
:10C5E0007C0790917D072AEB36E140E050E00F9404
:10C5F000F9AF60937A0770937B0780937C079093E1
:10C600007D0766EB70E98CE69CE00E94F3FF609189
:10C610003E0F70913F0F8091400F9091410F0F940A
:10C62000A30963E770E993CF8D879FCFC816D9061A
:10C63000EA06FB060CF42DCC4DCD4F925F926F9223
:10C640007F928F929F92AF92BF92CF92DF92EF92A2
:10C65000FF920F931F93CF93DF93CDB7DEB765970C
:10C660000FB6F894DEBF0FBECDBF698B7A8B8B8B74
:10C670009C8B0F94B5098D8B882309F4B3C404E017
:10C6800010E00E94DECA811109C00150110931F089
:10C690000E94A26C0F943218882399F340903E0FA9
:10C6A00050903F0F6090400F7090410F20E2822E1B
:10C6B00021EA922E27E0A22EB12C84189508A60814
:10C6C000B70839E0C32E3CEFD32E37E0E32EF12C30
:10C6D000C418D508E608F70887E396E4A7E0B0E0B9
:10C6E0009C01AD01241935094609570929833A836C
:10C6F0004B835C8360E670E98CE69CE00E94F3FF6C
:10C7000060E271EA87E090E00F94A3096CE470E9BD
:10C710008CE69CE00E94F3FFC301B2010F94A309D1
:10C7200065E370E98CE69CE00E94F3FFC501B4016B
:10C730000F94A3096AE170E98CE69CE00E94F3FF84
:10C74000C701B6010F94A3096EEF7FE88CE69CE069
:10C750000E94F3FF69817A818B819C810F94A309E8
:10C76000B7FE08C0B094A09490948094811C911C52
:10C77000A11CB11CF7FE08C0F094E094D094C094C2
:10C78000C11CD11CE11CF11C89819A81AB81BC8147
:10C79000B7FF07C0B095A095909581959F4FAF4F7B
:10C7A000BF4FC814D904EA04FB045CF0881599054E
:10C7B000AA05BB0594F48C149D04AE04BF040CF4CC
:10C7C0006EC18C159D05AE05BF050CF076C18816AF
:10C7D0009906AA06BB060CF079C180E291EAA7E0AF
:10C7E000B0E089839A83AB83BC83C980DA80EB8015
:10C7F000FC80C418D508E608F70860EF7FE88CE6EF
:10C800009CE00E94F3FF49815A816B817C818CE618
:10C810009CE00F941E0062ED7FE88CE69CE00E9495
:10C82000F3FFB301A2018CE69CE00F941E006AEBBB
:10C830007FE88CE69CE00E94F3FFC701B6010F94ED
:10C84000A30965EA7FE88CE69CE00E94F3FF49813A
:10C850005A816B817C8192E07595679557954795D4
:10C860009A95D1F78CE69CE00F941E0067E87FE86C
:10C870008CE69CE00E94F3FF40917A0750917B0781
:10C8800060917C0770917D078CE69CE00F941E0000
:10C890006FE67FE88CE69CE00E94F3FFC701B601DB
:10C8A00024E030E040E050E00F94F9AFCA01B90154
:10C8B0000F94A30940E050E060EF74E482E39FE04E
:10C8C0000E9442F740E050E060EF74E482E39FE0B2
:10C8D0000E94BFF688E097E00F94510B80E10F941F
:10C8E000E30B0F941F0C6AEF70E080E090E00F9470
:10C8F000A5100F9454134B015C0140907A0750909F
:10C900007B0760907C0770907D0749815A816B811D
:10C910007C8182E39FE00E9437F888E097E0A0E006
:10C92000B0E08D839E83AF83B8874091420F5091D2
:10C93000430F6091440F7091450F80913E0F90918D
:10C940003F0FA091400FB091410F481759076A0758
:10C950007B0709F4B0C182E39FE00E94B4F70F9413
:10C960005413681979098A099B09653F714081054B
:10C970009105D8F26091420F7091430F8091440F5E
:10C980009091450F00913E0F10913F0F2091400F65
:10C990003091410F601B710B820B930B28EA31E63B
:10C9A00040E050E00F94F9AFA4E6B0E00F9487ADFB
:10C9B0006B017C01B8E0CB16B7E0DB06E104F104C3
:10C9C00034F088E0C82E87E0D82EE12CF12C2D81A0
:10C9D0003E814F8158852C153D054E055F0539F088
:10C9E000C6010F94510BC701B6010F94A3098090A3
:10C9F0007A0790907B07A0907C07B0907D076091AC
:10CA00003E0F70913F0F8091400F9091410F24E0B5
:10CA100030E040E050E00F94F9AF821A930AA40A84
:10CA2000B50A80917A0790917B07A0917C07B0911D
:10CA30007D07A3019201281B390B4A0B5B0BDA011E
:10CA4000C901181619061A061B060CF044C080917D
:10CA50007A0790917B07A0917C07B0917D07481AD7
:10CA6000590A6A0A7B0A35E04316510461047104CD
:10CA70000CF042C06DE17FE88CE69CE00E94F3FF81
:10CA8000C701B6010F94A30982E39FE00E945DF8FD
:10CA90000F94180C0F94EA090F941F0C55C027E34C
:10CAA00036E447E050E0C816D906EA06FB064CF427
:10CAB00020E231EA47E050E004C029E03CEF47E0E3
:10CAC00050E029833A834B835C838FCE87E396E4DF
:10CAD000A7E0B0E086CE80917A0790917B07A09185
:10CAE0007C07B0917D0784199509A609B7090597B8
:10CAF000A105B1050CF4BECFB7FE08C0B094A09458
:10CB000090948094811C911CA11CB11C45E1841659
:10CB10009104A104B1040CF0ADCF40907A0750907D
:10CB20007B0760907C0770907D070F9454134B0136
:10CB30005C010E94A26C0F943218CD82DE82EF82DB
:10CB4000F886882309F4F1CE8AEF90E00F94510B18
:10CB500064EF71E080E090E00F94A51080913E0FAB
:10CB600090913F0FA091400FB091410F8D839E8314
:10CB7000AF83B8874C015D0129813A814B815C818B
:10CB8000821A930AA40AB50A69EF7EE88CE69CE053
:10CB90000E94F3FF60913E0F70913F0F8091400F14
:10CBA0009091410F0F94A30967ED7EE88CE69CE01D
:10CBB0000E94F3FFC501B4010F94A30980907A0786
:10CBC00090907B07A0907C07B0907D0769817A8167
:10CBD0008B819C8124E030E040E050E00F94F9AF7D
:10CBE000D501C401821B930BA40BB50B8D879E87C7
:10CBF000AF87B88B62EB7EE88CE69CE00E94F3FF87
:10CC000060917A0770917B0780917C0790917D07F6
:10CC10000F94A3096FE87EE88CE69CE00E94F3FF86
:10CC20006D857E858F8598890F94A3098091470231
:10CC3000882309F490C069817A818B819C816E522E
:10CC40007A448F4F9F4F29EE3AE540E050E00F9431
:10CC5000F9AF0F9422AC2EE939E244E35EE30F947E
:10CC600081AC0F9480AE4B015C0180E00E9467CAEA
:10CC70002C01712C612CD30188199909AA09BB09CF
:10CC8000813020EF92072FEFA207B207CCF08C0182
:10CC90009D01105F2F4F3F4F813040E19407A10568
:10CCA000B105BCF440E050E160E070E0481B590B76
:10CCB0006A0B7B0B13C0CD80DE80EF80F88444CFFD
:10CCC00000E010EF2FEF3FEF081B190B2A0B3B0B77
:10CCD000E9CFAC01BD01505161097109B7FF07C02F
:10CCE000B095A095909581959F4FAF4FBF4F04177A
:10CCF00015072607370714F4B901A80189879A8711
:10CD0000AB87BC87481759076A077B0724F4498714
:10CD10005A876B877C876BE67EE88CE69CE00E94F6
:10CD2000F3FFC301B2010F94A30968E47EE88CE627
:10CD30009CE00E94F3FFC501B4010F94A30966E2D1
:10CD40007EE88CE69CE00E94F3FF69857A858B85FE
:10CD50009C850F94A30980914602882309F48BC017
:10CD600069817A818B819C816E527A448F4F9F4F6B
:10CD700029EE3AE540E050E00F94F9AF0F9422AC71
:10CD80002EE939E244E35EE30F9481AC0F9480AE68
:10CD90002B013C0180E00E94D7C84C01B12CA12C92
:10CDA000D50184199509A609B709813050EF950777
:10CDB0005FEFA507B507A4F08C019D01105F2F4F11
:10CDC0003F4F813040E19407A105B10594F440E064
:10CDD00050E160E070E0481B590B6A0B7B0B0EC002
:10CDE00000E010EF2FEF3FEF081B190B2A0B3B0B56
:10CDF000EECFAC01BD01505161097109B7FF07C009
:10CE0000B095A095909581959F4FAF4FBF4F041758
:10CE100015072607370714F4B901A80189879A87EF
:10CE2000AB87BC87481759076A077B0724F44987F3
:10CE30005A876B877C8762E07EE88CE69CE00E94E4
:10CE4000F3FFC501B4010F94A3096FED7DE88CE6F3
:10CE50009CE00E94F3FFC301B2010F94A3096DEBA4
:10CE60007DE88CE69CE00E94F3FF69857A858B85DE
:10CE70009C850F94A3098D849E84AF84B888B7FEE7
:10CE800008C0B094A09490948094811C911CA11C23
:10CE9000B11C55E185169104A104B104DCF4898527
:10CEA0009A85AB85BC85B7FF07C0B095A0959095D6
:10CEB00081959F4FAF4FBF4F4F97A105B1050CF420
:10CEC000A9C080914702811105C080914602882344
:10CED00009F4A0C06CE87DE88CE69CE00E94F3FFBA
:10CEE000C701B6010F94A30980E02D813E814F81D7
:10CEF0005885293E9AE53907410551050CF48CC047
:10CF0000CA01B90129EE3AE540E050E00F94F9AFCB
:10CF1000AB01BC0182E39FE00E9421F860917A0797
:10CF200070917B0780917C0790917D072AEB36E119
:10CF300040E050E00F94F9AF60937A0770937B075D
:10CF400080937C0790937D076CE47DE88CE69CE001
:10CF50000E94F3FF60913E0F70913F0F8091400F50
:10CF60009091410F0F94A30969E07DE88CE69CE065
:10CF70000E94F3FF60917A0770917B0780917C0794
:10CF800090917D070F94A30929893A894B895C897F
:10CF90002C153D054E055F050CF482C06EE57CE85E
:10CFA0008FE09BE00E94F3FFB701A6018FE09BE0BA
:10CFB0000F941E006BE57CE88FE09BE00E94F3FF7E
:10CFC00063E37CE88CE69CE00E94F3FFB701A601D6
:10CFD0008CE69CE00F941E0060E37CE88CE69CE00D
:10CFE0000E9452F58D8965960FB6F894DEBF0FBE8C
:10CFF000CDBFDF91CF911F910F91FF90EF90DF9008
:10D00000CF90BF90AF909F908F907F906F905F90E8
:10D010004F9008958D8969CF2D813E814F8158852C
:10D02000283195EA39079FEF49075907BCF5CA012E
:10D03000B90129EE3AE540E050E00F94F9AFAB01B9
:10D04000BC0182E39FE00E9421F860917A07709111
:10D050007B0780917C0790917D072AEB36E140E0C9
:10D0600050E00F94F9AF60937A0770937B07809339
:10D070007C0790937D0769EC7CE88CE69CE00E943D
:10D08000F3FF60913E0F70913F0F8091400F9091A0
:10D09000410F0F94A30966E87CE868CF8D8B74CFAD
:10D0A00068E07CE88FE09BE00E94F3FFB701A601F7
:10D0B0008FE09BE00F941E0065E07CE88FE09BE032
:10D0C0000E94F3FF6DED7BE88CE69CE00E94F3FF8D
:10D0D000B701A6018CE69CE00F941E006AED7BE888
:10D0E0007DCF80914602882319F080E00C94D7C848
:10D0F00080914702882319F080E00C9467CA089554
:10D10000FC0180819181009711F00D9487A760E068
:10D1100070E0CB010895CF93DF931F921F92CDB79C
:10D12000DEB7FC01118210821382128215821482F2
:10D1300069831A82BE016F5F7F4F0E945AF30F907E
:10D140000F90DF91CF910895CF92DF92EF92FF92EF
:10D15000CF93DF93EC016A017B0120E030E0A9016D
:10D16000CB01B6010F941BAC882359F0B701A6017F
:10D17000CE01DF91CF91FF90EF90DF90CF900C9494
:10D18000BFF6DF91CF91FF90EF90DF90CF900895A1
:10D19000CF93DF93EC01862F688361E00F94260C18
:10D1A00061E08881DF91CF910D944F0A0F931F9317
:10D1B000CF93DF938C01EC01219760EE7AEA8CE645
:10D1C0009CE00E94F3FF80916302909164020F94AF
:10D1D000560066EC7AEA8CE69CE00E94F3FFBE0102
:10D1E0008CE69CE00F94500061EC7AEA8CE69CE0BF
:10D1F0000E94F3FF000F111FF801ED59FD4F8081D0
:10D2000091810F94560063EA7AEA8CE69CE00E94D2
:10D21000F3FFBE018CE69CE00F9450006EE97AEAC1
:10D220008CE69CE00E94F3FFFE01ED53FC4F8081F1
:10D2300090E00F9456006FE87AEA8CE69CE00E943A
:10D24000F3FFBE018CE69CE00F9450006AE87AEA96
:10D250008CE69CE00E94F3FF85E08C9FF0018D9F9F
:10D26000F00D1124E753FD4F80818A3028F460E3EC
:10D270008CE69CE00F941C0085E08C9F80018D9FC4
:10D28000100D1124075B1D4FF801E058FF4F8081FE
:10D290000F946A00F801EF57FF4F80818A3028F41D
:10D2A00060E38CE69CE00F941C0085E08C9F80017D
:10D2B0008D9F100D1124075B1D4FF801EF57FF4F95
:10D2C00080810F946A00F801EE57FF4F80818A3009
:10D2D00028F460E38CE69CE00F941C0085E08C9FB2
:10D2E00080018D9F100D1124075B1D4FF801EE5733
:10D2F000FF4F80810F946A00F801ED57FF4F808146
:10D300008A3028F460E38CE69CE00F941C0085E0F2
:10D310008C9F80018D9F100D1124075B1D4FF8011C
:10D32000ED57FF4F80810F946A00F801EC57FF4FD3
:10D3300080818A3028F460E38CE69CE00F941C0026
:10D3400085E08C9FF0018D9FF00D1124E353FD4F7C
:10D350008081DF91CF911F910F910D9473002F92D7
:10D360003F924F925F926F927F928F929F92AF9275
:10D37000BF92CF92DF92EF92FF920F931F93CF93C2
:10D38000DF93CDB7DEB7C35BD1090FB6F894DEBF2C
:10D390000FBECDBFE2966FAFE297E3967FAFE39704
:10D3A000E4968FAFE497E5969FAFE597C258DF4FBD
:10D3B00059834883CE57D040C957DF4F2883C75879
:10D3C000D04045365105C9F04636510509F4F2C33F
:10D3D00021E0EE962FAFEE97493C510519F0EE96FD
:10D3E0001FAEEE97C757DF4F1882C958D040C857B5
:10D3F000DF4F1882C858D0400EC0EE961FAEEE9791
:10D40000C757DF4F1882C958D04031E0C857DF4FA7
:10D410003883C858D0406AE67AEA8CE69CE00E94DD
:10D4200052F569E57AEA8CE69CE00E94F3FF42E05F
:10D4300050E0E2966FADE297E3967FADE397E49616
:10D440008FADE497E5969FADE5970F942E036CE4BE
:10D450007AEA8CE69CE00E94F3FFC258DF4F888195
:10D460009981CE57D0400F945600C857DF4F58814E
:10D47000C858D040552309F4A7C39091FE0381E01A
:10D480009827C657DF4F9883CA58D04083EE9EE056
:10D49000EC969FAF8EAFEC972EEE222E2EE0322E22
:10D4A0000F945413C055DF4F688379838A839B831D
:10D4B000C05BD040E296FFADE297EA96FFAFEA97F5
:10D4C000E3962FADE397ED962FAFED97E4963FAD42
:10D4D000E497C058DF4F3883C058D040E5964FAD31
:10D4E000E597CF57DF4F4883C158D04082E090E0A6
:10D4F000CF55DF4F99838883C15AD040CE57DF4F35
:10D500001882C258D040CB56DF4F1882C559D04040
:10D51000CA56DF4F1882C659D040C956DF4F18820D
:10D52000C759D040C856DF4F1882C859D040CC5791
:10D53000DF4F1882C458D040DE019996AB96BFAF3A
:10D54000AEAFAB97EC96EEADFFADEC973996C1560A
:10D55000DF4FF983E883CF59D0409E012F5F3F4FC3
:10D56000AD963FAF2EAFAD9710928606109287060C
:10D5700010928806109289061092820610928306F5
:10D580001092840610928506AAE5B6E0E4E8F7E07A
:10D5900011921192119211921D921D921D921D9243
:10D5A0002CEA37E02E173F0799F788E2AB96AEAD2D
:10D5B000BFADAB971D928A95E9F705E0E02EF12CFF
:10D5C0008E01075D1F4F5801B8E2AB0EB11C680118
:10D5D00061E088E00E94A7C4F60161937193819392
:10D5E00091936F01AE16BF0699F7CE0189960F94FD
:10D5F0009B0981112FC062EF79EA8CE69CE00E94C2
:10D6000052F5D12CC12C6BED79EA8CE69CE00E949E
:10D61000F3FFB6018CE69CE00F94500066ED79EACA
:10D620008CE69CE00E94F3FFD8016D917D918D9175
:10D630009D918D0142E050E00F942E03BFEFCB1A75
:10D64000DB0AEAE0CE16D104F1F6F1E0EF1AF108B8
:10D6500009F0B6CF6AE070E0CE0189960E946EC4F0
:10D660002B013C018090830F9090840FA090850F38
:10D67000B090860F2091870F3091880F4091890FCD
:10D6800050918A0FE1962CAF3DAF4EAF5FAFE1975F
:10D690000F9481AC6B017C01C501B4010F9422ACE5
:10D6A0009B01AC01C701B6010F94A2AD0F9480AEEF
:10D6B0006B017C01C092830FD092840FE092850FA2
:10D6C000F092860F68EC79EA8CE69CE00E94F3FF0A
:10D6D00022E030E0B301A2018CE69CE00E9464F5F8
:10D6E0006DEB79EA8CE69CE00E94F3FFB501A401A2
:10D6F0008CE69CE00F941E0063EB79EA8CE69CE0DC
:10D700000E94F3FF22E030E0E1964CAD5DAD6EADDE
:10D710007FADE1978CE69CE00E9464F562EA79EACD
:10D720008CE69CE00E94F3FFB701A6018CE69CE02A
:10D730000F941E008091570290915802A0915902B7
:10D74000B0915A02A7019601281B390B4A0B5B0BBB
:10D75000CA01B9010F9422AC2091530230915402B6
:10D7600040915502509156020F940EAE6B017C0110
:10D770006FE879EA8CE69CE00E94F3FF42E050E01B
:10D78000C701B6010F942E0381E00E94D5AC309101
:10D790006707AE963FAFAE973111AEC26EE379EA3E
:10D7A0008CE69CE00E9452F5C557DF4F1882CB589B
:10D7B000D040CA57DF4F1882C658D040CB57DF4FF2
:10D7C0001882C558D040E6961FAEE697E7961FAE82
:10D7D000E797E8961FAEE897E9961FAEE99741E014
:10D7E000AE964FAFAE97EC968EAD9FADEC970F9483
:10D7F000A9570E94C1D588E2AD96AEADBFADAD9739
:10D800001D928A95E9F795E0C92ED12C8E010F5F04
:10D810001F4F580161E086E00E94A7C4F5016193A3
:10D820007193819391935F01AB962EAD3FADAB9712
:10D83000E217F30779F7CE0101960F949B09811146
:10D8400030C069EE74EA8CE69CE00E9452F5480113
:10D85000F12CE12C64ED74EA8CE69CE00E94F3FF6D
:10D86000B7018CE69CE00F9450006FEC74EA8CE6F4
:10D870009CE00E94F3FFD4016D917D918D919D916B
:10D880004D0142E050E00F942E03BFEFEB1AFB0A6C
:10D89000EAE0EE16F104F1F6F1E0CF1AD10809F052
:10D8A000B5CF6AE070E0CE0101960E946EC4C62E2C
:10D8B000F72EE82ED92E6BEB74EA8CE69CE00E94E2
:10D8C000F3FF42E050E06C2D7F2D8E2D9D2D0F94A7
:10D8D0002E0363EA74EA8CE69CE00E94F3FFD80111
:10D8E0004D915D916D917D918D0123E030E08CE64D
:10D8F0009CE00E9464F569E08CE69CE00F941C00BB
:10D90000A016B10661F78CE69CE00E944EF520E07F
:10D9100030E040E85FEB6C2D7F2D8E2D9D2D0F9418
:10D920001BAC87FF06C068E374EA8CE69CE00E94AB
:10D9300052F5A0908606B090870600918806109157
:10D9400089069501A8016C2D7F2D8E2D9D2D0F949C
:10D95000A1AD2B013C0120E030E0A9010F94B6AE4F
:10D96000181614F00D94A77820E030E040EA50E457
:10D97000C301B2010F94B6AE181614F40D94B37827
:10D9800020E030E040E85FEB6C2D7F2D8E2D9D2D4B
:10D990000F941BAC87FF02C00D94B37820E030E0F9
:10D9A000A9016C2D7F2D8E2D9D2D0F94B6AE1816CE
:10D9B00024F0C12CF12CE12CD12CCC57DF4FE88185
:10D9C000C458D040E1110D94AD8020E030E0A901B1
:10D9D0006C2D7F2D8E2D9D2D0F94B6AE181614F044
:10D9E0000D94FA78CB56DF4FC882C559D040CA563D
:10D9F000DF4FF882C659D040C956DF4FE882C75979
:10DA0000D040C856DF4FD882C859D0402DEC3CECEE
:10DA10004CEC5DE3E2966FADE297E3967FADE39762
:10DA2000E4968FADE497E5969FADE5970F9481ACB2
:10DA30002B013C0120E030E040E050E40F94B6AE12
:10DA400018162CF0412C512C612C80E4782E0F9468
:10DA500054134B015C01CC57DF4FF881C458D040C0
:10DA6000FF2311F40D941079CC57DF4F1882C4585E
:10DA7000D04060E373EA8CE69CE00E94F3FF809163
:10DA8000550690E00F9456006FE173EA8CE69CE037
:10DA90000E94F3FF8091540690E00F9456006EE0D0
:10DAA00073EA8CE69CE00E94F3FF8091560690E0BA
:10DAB0000F945600C957DF4F2881C758D040222302
:10DAC00081F1EE963FADEE97332359F1C557DF4F05
:10DAD0004881CB58D040442331F0809156066DEDFB
:10DAE00072EA8823D1F0CB57DF4F5881C558D04018
:10DAF000552331F0809155066BEA72EA882369F06C
:10DB0000CA57DF4F8881C658D040882351F0809192
:10DB10005406811106C06AE772EA8CE69CE00E9416
:10DB200052F56AE672EACE018D599F4F0E94ADF31D
:10DB3000BE016D597F4F85E19EE00E9421F2811167
:10DB40000D940C7A67E572EACE01835A9F4F0E94CA
:10DB5000ADF3BE01635A7F4F85E19EE00E9421F242
:10DB600081110D94B87B6AE472EACE01895A9F4F05
:10DB70000E94ADF3BE01695A7F4F85E19EE00E948D
:10DB800021F281110D94BC7B68E372EACE018F5AB9
:10DB90009F4F0E94ADF3BE016F5A7F4F85E19EE01B
:10DBA0000E9421F2882311F40D94BF7B81E001E0F3
:10DBB0000D94BA7BEE961FAEEE9741E0C757DF4F4C
:10DBC0004883C958D04013CCC757DF4F9881C958F4
:10DBD000D0409923A1F09091040481E09827C65782
:10DBE000DF4F9883CA58D040A4E9BEE0EC96BFAF9F
:10DBF000AEAFEC979FE9292E9EE0392E51CCEE96E0
:10DC0000BFADEE97C657DF4F1882CA58D040BB232E
:10DC100009F446CCE5E4FEE0EC96FFAFEEAFEC97FE
:10DC200080E5282E8EE0382E3BCCCB56DF4F288166
:10DC3000C559D040CA56DF4F3881C659D040C95661
:10DC4000DF4F4881C759D040C856DF4F5881C85967
:10DC5000D040E2966FADE297E3967FADE397E4960E
:10DC60008FADE497E5969FADE5970F94A1ADEA9649
:10DC70006FAFEA97ED967FAFED97C058DF4F88837F
:10DC8000C058D040CF57DF4F9883C158D040E2965C
:10DC90002FADE297E3963FADE397E4964FADE4975F
:10DCA000E5965FADE5970F941BAC87FD1CC0E2962F
:10DCB0003FADE297EA963FAFEA97E3964FADE39721
:10DCC000ED964FAFED97E4965FADE497C058DF4F08
:10DCD0005883C058D040E5968FADE597CF57DF4FBA
:10DCE0008883C158D040A1E0B0E0CF55DF4FB98361
:10DCF000A883C15AD04038CCCE0189960F949B0995
:10DD0000C257DF4F8883CE58D040811122C066E0D1
:10DD100079EA8CE69CE00E9452F5C557DF4F1882E5
:10DD2000CB58D040CA57DF4F1882C658D040CB5787
:10DD3000DF4F1882C558D040E6961FAEE697E796AB
:10DD40001FAEE797E8961FAEE897E9961FAEE997F2
:10DD50004ACDC957DF4F5881C758D040552309F4E1
:10DD6000D0C06CEE78EA8CE69CE00E94F3FF22E0E3
:10DD700030E04AE959E969E97EE38CE69CE00E94DB
:10DD800064F562ED78EA8CE69CE00E94F3FF64E0C3
:10DD900070E08CE69CE00F94500064EA78EA8CE630
:10DDA0009CE00E94F3FF84E190E00F9456006DE741
:10DDB00078EA8CE69CE00E94F3FF80E890E00F9404
:10DDC00056006FE678EA8CE69CE00E94F3FF8FEF46
:10DDD00090E00F94560020E030E040E751E4EA96EE
:10DDE0006FADEA97ED967FADED97C058DF4F888114
:10DDF000C058D040CF57DF4F9881C158D0400F94C2
:10DE0000B6AE87FFA3C020E030E040E850E4EA96D9
:10DE10006FADEA97ED967FADED97C058DF4F8881E3
:10DE2000C058D040CF57DF4F9881C158D0400F9491
:10DE3000B6AEF4E6BF2E08E010E087FF5BC020E03E
:10DE400030E040E250E4EA966FADEA97ED967FADA0
:10DE5000ED97C058DF4F8881C058D040CF57DF4F73
:10DE60009881C158D0400F94B6AEE4E6BE2E00E1D2
:10DE700010E087FF3FC020E030E040EC5FE3EA962F
:10DE80006FADEA97ED967FADED97C058DF4F888173
:10DE9000C058D040CF57DF4F9881C158D0400F9421
:10DEA000B6AE74E6B72E00E210E087FF23C020E094
:10DEB00030E040E45FE3EA966FADEA97ED967FAD20
:10DEC000ED97C058DF4F8881C058D040CF57DF4F03
:10DED0009881C158D0400F94B6AE87FF07C1EE9627
:10DEE0009FADEE9714E6B12E00E810E0992311F0F3
:10DEF00000E410E052EEC52E54E0D52EE12CF12CBA
:10DF00003CC0EE968FADEE97882309F42ACF85E4C6
:10DF10000F94260A892B09F024CF68E378EA8CE66F
:10DF20009CE00E9452F5C557DF4F1882CB58D04075
:10DF3000CA57DF4F1882C658D040CB57DF4F1882E0
:10DF4000C558D040AE961FAEAE97F6CEC0902E0408
:10DF5000D0902F04C114D10409F4BDC00091300445
:10DF6000002309F4B8C0B0903104BB2009F4B3C059
:10DF70000D2C000CEE08FF0810E0C857DF4FA881F9
:10DF8000C858D0406EE2A1110EC0C757DF4FB8810C
:10DF9000C958D04063E2B11106C0EE96EFADEE97DE
:10DFA000EE2349F06BE0C156DF4F88819981CF594C
:10DFB000D0400F94C86861E070E080E090E00F947A
:10DFC000A510EC968EAD9FADEC970F94B757EC96DD
:10DFD0008EAD9FADEC970F94E55768E077E0EC9637
:10DFE0008EAD9FADEC970F941F9261E0013011054B
:10DFF000E1F063E002301105C1F064E00430110586
:10E00000A1F065E00830110581F066E000311105EE
:10E0100061F067E00032110541F068E0003411055D
:10E0200021F00038110539F469E0EC968EAD9FAD12
:10E03000EC970F94A057EC968EAD9FADEC970F9494
:10E04000B0576AE070E080E090E00F94A510C10145
:10E050000F94419240E050E0BA01C1010E9421F8C2
:10E06000C701B6010F9422AC6B017C01BC01A60173
:10E07000C1010E9442F740E050E46CE976E4C1013E
:10E080000E94BFF6C857DF4FF881C858D040FF2321
:10E0900051F0D10118961C92189781E019968C9333
:10E0A00019979E961C9240E452E46FE070E0C10123
:10E0B0000E944EF8B092B300F10124893589468957
:10E0C0005789C701B6010F94B6AE181694F4C10172
:10E0D0000E94B4F7F1CFA4E1BA2E04E010E0B0ED55
:10E0E000CB2EB7E0DB2EE12CF12C47CF64E6B62E29
:10E0F000FFCE109259061092580610925706809142
:10E100007000826080937000C857DF4FF881C85854
:10E11000D040FF2309F4A1C0109258061092570670
:10E1200081E080935906712C612CC356DF4F198210
:10E130001882CD59D04040ED57E0CE57DF4F59837C
:10E140004883C258D04080E090E0A8ECB2E4CF56BB
:10E15000DF4F88839983AA83BB83C159D040512C58
:10E16000412CCD55DF4F1882C35AD040C557DF4FE1
:10E170001882CB58D040CA57DF4F1882C658D040BB
:10E18000CB57DF4F1882C558D040E6961FAEE697B2
:10E19000E7961FAEE797E8961FAEE897E9961FAEA1
:10E1A000E997AE961FAEAE97C157DF4F198218821E
:10E1B000CF58D04000E810E0C457DF4F19821882D2
:10E1C000CC58D040C0908206D0908306E090840660
:10E1D000F090850696E069167104FCF021E73DE3B6
:10E1E0004AE85EE3C701B6010F941BAC18160CF4A5
:10E1F00054C041145104E9F420E030E040E251E41D
:10E20000CF56DF4F688179818A819B81C159D04087
:10E210000F94B6AE18160CF043C02CEE31E548EB67
:10E220005DE3C701B6010F94B6AE87FD33C00F5F43
:10E230001F4F0F3F1105C4F1C457DF4FA881B981AB
:10E24000CC58D040AB2B31F4C457DF4F7982688271
:10E25000CC58D0400FEF10E02BC0C757DF4F2881BC
:10E26000C958D040222341F0109259061092570607
:10E2700081E08093580657CFEE963FADEE9733235B
:10E2800009F451CF109259061092580681E08093FC
:10E29000570649CF0C5F1F4FCCCF4114510449F6AC
:10E2A000280104511109C5CF17FF02C010E000E09A
:10E2B000B3018CE69CE00F9450006FE974E08CE6AB
:10E2C0009CE00E9466F5F101648575858CE69CE012
:10E2D0000F9450006FE974E08CE69CE00E9466F5B4
:10E2E000B8018CE69CE00F9450006FE974E08CE676
:10E2F0009CE00E9466F562E378EA8CE69CE00E946E
:10E30000F3FF3AE5E32E36E0F32E44E8C42E47E06F
:10E31000D42ED60114964D915D916D917C911797F5
:10E32000F60141935193619371936F01F7018481D9
:10E330009581A681B78181939193A193B1937F0138
:10E3400023E030E08CE69CE00E9464F569E08CE616
:10E350009CE00F941C0028EA37E02C153D05C9F617
:10E3600061E08AE00E94A7C4AB01BC014093A8070A
:10E370005093A9076093AA077093AB0722E030E09F
:10E380008CE69CE00E9464F5C957DF4F3881C7587E
:10E39000D040311149C220E030E04DE453E46091B7
:10E3A000A8077091A9078091AA079091AB070F94D5
:10E3B000B6AE18162CF567EC77EA8CE69CE00E9466
:10E3C000F3FF61E08AE00E94A7C46093A8077093FE
:10E3D000A9078093AA079093AB0769E08CE69CE0BD
:10E3E0000F941C004091A8075091A9076091AA07BB
:10E3F0007091AB0723E030E08CE69CE00E9464F56E
:10E400006AE070E084E897E00E946EC4609386063C
:10E410007093870680938806909389060F94C7911E
:10E42000609382067093830680938406909385069A
:10E4300060937E0670937F0680938006909381069A
:10E4400060EC77EA8CE69CE00E94F3FF4091860640
:10E4500050918706609188067091890623E030E02C
:10E460008CE69CE00E9464F569EB77EA8CE69CE020
:10E470000E94F3FF409182065091830660918406CA
:10E480007091850623E030E08CE69CE00E9464F504
:10E4900020917A0630917B0640917C0650917D0652
:10E4A00060917E0670917F06809180069091810632
:10E4B0000F94A2AD209176063091770640917806B0
:10E4C000509179060F94A2AD209172063091730697
:10E4D00040917406509175060F94A2AD20E030E093
:10E4E00040E85EE30F9481AC6093820670938306EC
:10E4F000809384069093850661EB77EA8CE69CE036
:10E500000E94F3FF40918206509183066091840639
:10E510007091850623E030E08CE69CE00E9464F573
:10E5200020917A0630917B0640917C0650917D06C1
:10E5300060917E0670917F068091800690918106A1
:10E540000F94A2AD2091760630917706409178061F
:10E55000509179060F94A2AD209172063091730606
:10E5600040917406509175060F94A2AD20916E06ED
:10E5700030916F0640917006509171060F94A2ADD4
:10E5800020916A0630916B0640916C0650916D06A1
:10E590000F94A2AD209166063091670640916806FF
:10E5A000509169060F94A2AD2091620630916306E6
:10E5B00040916406509165060F94A2AD20915E06CD
:10E5C00030915F0640916006509161060F94A2ADB4
:10E5D00020915A0630915B0640915C0650915D0691
:10E5E0000F94A2AD20E030E040E251E40F940EAE73
:10E5F0006B017C01CD55DF4F4881C35AD04041119A
:10E6000042C02AE037ED43EA5CE30F94B6AE87FDE3
:10E610003AC02AE939E949E95EE3609186067091DA
:10E62000870680918806909189060F94B6AE87FD83
:10E630002AC020E030E040E05FE36091A8077091DD
:10E64000A9078091AA079091AB070F94B6AE87FDFA
:10E650001AC055E065167104B4F061EA77EA8CE6F9
:10E660009CE00E94F3FF70E060E08CE69CE00F9479
:10E670005000C257DF4F8881CE58D040CD55DF4F74
:10E680008883C35AD0408090820690908306A090E1
:10E690008406B090850620E030E0A901C501B401F0
:10E6A0000F94B6AE181634F52091A8073091A9073B
:10E6B0004091AA075091AB07EA966FADEA97ED96A5
:10E6C0007FADED97C058DF4F8881C058D040CF57FD
:10E6D000DF4F9881C158D0400F94A1ADA50194019E
:10E6E0000F940EAECF56DF4F688379838A839B8366
:10E6F000C159D0406CE977EA8CE69CE00E94F3FFB8
:10E7000021E030E0CF56DF4F488159816A817B811B
:10E71000C159D0408CE69CE00E9464F5C30165E0DD
:10E7200070E00F94E5AF892B31F52091860630918A
:10E7300087064091880650918906CB56DF4F688145
:10E74000C559D040CA56DF4F7881C659D040C95606
:10E75000DF4F8881C759D040C856DF4F9881C859CC
:10E76000D0400F94A2ADC258DF4F48815981CE5797
:10E77000D0400F94801A8CE69CE00E944EF592E007
:10E7800069167104F4F020E030E040E85FEB60913E
:10E7900086067091870680918806909189060F946D
:10E7A0001BAC87FF0EC06DE277EA8CE69CE00E940E
:10E7B00052F5C257DF4FA881CE58D040AE96AFAFCA
:10E7C000AE978090820690908306A0908406B090C9
:10E7D000850620E932EC45E75EE3C501B4010F94FC
:10E7E0001BAC87FF50C04114510409F49FC020E0C6
:10E7F00030E040E251E4CF56DF4F688179818A8171
:10E800009B81C159D0400F94B6AE18160CF4FBC1D1
:10E8100027E636E646EE5EE3C501B4010F94B6AED8
:10E8200018160CF43FC082C08090A8079090A907EA
:10E83000A090AA07B090AB0720E030E040EA50E497
:10E84000E2966FADE297E3967FADE397E4968FADE6
:10E85000E497E5969FADE5970F94A2AD6B017C011F
:10E8600020E030E04DE453E40F941BAC87FF06C07A
:10E87000C12CD12C2DE4E22E23E4F22EA701960127
:10E88000C501B40194CD27E636E646EE5EE3C50148
:10E89000B4010F94B6AE18160CF048C041145104E0
:10E8A00009F444C020E030E040E251E4CF56DF4FAD
:10E8B000688179818A819B81C159D0400F94B6AE1D
:10E8C0001816A4F52AE939E949E95EE3C701B6015A
:10E8D0000F940EAE20E030E040EC5FE30F9481AC8B
:10E8E00020E030E040E050E40F94A1AD0F940BAF76
:10E8F0006B017C0120E030E040E85FE30F941BAC4B
:10E9000061E070E087FD10C020E030E040E850E4B6
:10E91000C701B6010F94B6AE64E070E0181624F09B
:10E92000C701B6010F9480AE061B170B2DE73FE31E
:10E9300044E851ECC501B4010F9481AC20E433E10B
:10E9400041E750E40F94A2ADC756DF4F6883798347
:10E950008A839B83C959D04026E636E646EA5FE3C0
:10E960000F94B6AE181664F026E636E646EA5FE384
:10E97000C756DF4F288339834A835B83C959D04008
:10E980008091A8079091A907A091AA07B091AB0721
:10E99000CC55DF4F88839983AA83BB83C45AD04068
:10E9A0002091A4073091A5074091A6075091A70791
:10E9B000C855DF4F288339834A835B83C85AD040C8
:10E9C000C090A007D090A107E090A207F090A30705
:10E9D00080919C0790919D07A0919E07B0919F0701
:10E9E000C455DF4F88839983AA83BB83CC5AD04018
:10E9F00020E030E048E452E46AE070E084E897E028
:10EA00000E94F5C391E08927AE96AFADAE97A82BD3
:10EA1000AE96AFAFAE970E94A26C0F9432188823C7
:10EA200019F0B1E0B0936307C157DF4FE881F98176
:10EA3000CF58D040EF2B09F0CCC1C855DF4F28810B
:10EA400039814A815B81C85AD040CC55DF4F6881FB
:10EA500079818A819B81C45AD0400F94A2ADA701CD
:10EA600096010F94A2ADC455DF4F288139814A81A8
:10EA70005B81CC5AD0400F94A2AD20E030E040E85A
:10EA80005EE30F9481AC6B017C01C756DF4F288198
:10EA900039814A815B81C959D040C501B4010F94C5
:10EAA00081AC9B01AC01C701B6010F94A2AD6B0113
:10EAB0007C0120E030E040EC5FE3C501B4010F943D
:10EAC00081AC9B01AC01C701B6010F94A2AD9B01C3
:10EAD000AC01EA966FADEA97ED967FADED97C05821
:10EAE000DF4F8881C058D040CF57DF4F9881C15841
:10EAF000D0400F941BAC18160CF0A5C020E030E0FD
:10EB000040E251E4EA966FADEA97ED967FADED975E
:10EB1000C058DF4F8881C058D040CF57DF4F988111
:10EB2000C158D0400F94A2AD20918606309187063F
:10EB300040918806509189060F941BAC18160CF072
:10EB400082C0EA962FADEA97ED963FADED97C0589B
:10EB5000DF4F4881C058D040CF57DF4F5881C15850
:10EB6000D0406091A8077091A9078091AA07909161
:10EB7000AB070F94B6AE87FD1CC020E030E040E04C
:10EB80005FE3EA966FADEA97ED967FADED97C058DB
:10EB9000DF4F8881C058D040CF57DF4F9881C15890
:10EBA000D0400F94B6AE87FD31C06114710409F0F6
:10EBB0004AC0AE962FADAE9721114CC0809181070F
:10EBC00081110D941C8030916307AE963FAFAE97D4
:10EBD00031110D941C80C957DF4F4881C758D04070
:10EBE00041110D94F17FEE965FADEE97552339F00C
:10EBF00085E40F94260A892B11F40D941C80AE969F
:10EC00001FAEAE97E6C0512C412C90CE2DEC3CECC3
:10EC10004CE45EE3EA966FADEA97ED967FADED9733
:10EC2000C058DF4F8881C058D040CF57DF4F988100
:10EC3000C158D0400F94B6AE87FDBBCFF8E06F1639
:10EC400071040CF4B6CFAE96EFADAE97EE2311F48F
:10EC50000D941C80F0918407E696FFAFE697209113
:10EC60008507E7962FAFE79730918607E8963FAF85
:10EC7000E89740918707E9964FAFE99720E030E0A9
:10EC8000A9016F2FE7967FADE797E8968FADE897DC
:10EC9000E9969FADE9970F94B6AE18160CF444C0F0
:10ECA000C257DF4F5881CE58D040AE965FAFAE9777
:10ECB000E6961FAEE697E7961FAEE797E8961FAE7B
:10ECC000E897E9961FAEE9970D9446808091630717
:10ECD000882311F40D944680F0918606E696FFAFE6
:10ECE000E69720918706E7962FAFE7973091880641
:10ECF000E8963FAFE89740918906E9964FAFE997CC
:10ED000020E030E0A9016F2FE7967FADE797E89606
:10ED10008FADE897E9969FADE9970F94B6AE1816B8
:10ED200014F40D944680C4CFC257DF4F5881CE589B
:10ED3000D040AE965FAFAE970D9446806EE177EA15
:10ED40008CE69CE00E9452F5F10144895589668960
:10ED5000778922E030E08CE69CE00E9464F56FE960
:10ED600074E08CE69CE00E9466F5D1011C966D91E2
:10ED70007D918D919C911F970F94A30980917000B4
:10ED80008D7F809370001092590610925806109251
:10ED90005706C1010E945DF8EC968EAD9FADEC97D1
:10EDA0000F94A957AE96BFADAE97B1110CC080912C
:10EDB0008107811108C080916307882309F4B1C0DD
:10EDC00062EB76EA02C06DED76EA8CE69CE00E948A
:10EDD00052F5C457DF4FE881F981CC58D040EF2B72
:10EDE00009F424C14114510409F020C12FE832EC88
:10EDF00045EF5CE360918206709183068091840602
:10EE0000909185060F941BAC87FF10C1CE57DF4F42
:10EE100028813981C258D040203D374009F006C1D1
:10EE2000C301C457DF4FA881B981CC58D0408A1B99
:10EE30009B0B0B970CF4FAC0AF56BF4FCE57DF4F6A
:10EE4000B983A883C258D040C657DF4FB881CA588B
:10EE5000D040BB2309F4CCC020E030E040E751E4CF
:10EE6000EA966FADEA97ED967FADED97C058DF4F0C
:10EE70008881C058D040CF57DF4F9881C158D040CB
:10EE80000F941BAC87FFB4C0C457DF4FE881F981F2
:10EE9000CC58D040E95DFE4FCE57DF4FF983E88371
:10EEA000C258D04093012C5E3F4FC356DF4F398389
:10EEB0002883CD59D04064ED75EA8CE69CE00E9431
:10EEC000F3FF809170008D7F8093700040E050E4EC
:10EED0006CE175E4C1010E9442F740E050E46CE946
:10EEE00076E4C1010E94BFF664E0EC968EAD9FAD62
:10EEF000EC970F94A05732E33093B30020E030E456
:10EF00004CE155E4D10154966D917D918D919C9188
:10EF100057970F941BAC87FF66C0C1010E94B4F7DE
:10EF2000EDCFC957DF4FE881C758D040EE23A9F194
:10EF3000EE96FFADEE97FF2381F1C557DF4F288195
:10EF4000CB58D040222351F030915606AE963FAFB9
:10EF5000AE9761E876EA332309F437CFCB57DF4F1A
:10EF60004881C558D040442351F050915506AE9683
:10EF70005FAFAE976FE476EA552309F426CFCA5700
:10EF8000DF4F8881C658D040882339F090915406CD
:10EF9000AE969FAFAE97992319F16FE376EA8CE6B0
:10EFA0009CE00E94F3FF22E030E0EA964FADEA9742
:10EFB000ED965FADED97C058DF4F6881C058D040E7
:10EFC000CF57DF4F7881C158D0408CE69CE00E943B
:10EFD00064F561E276EA8CE69CE00E9452F50FCE81
:10EFE00060EF75EAF2CE80917000826080937000CD
:10EFF0006DEB75EA8CE69CE00E94F3FFCE57DF4F85
:10F0000068817981C258D0408CE69CE00F94500012
:10F0100067E975EA8CE69CE00E94F3FFC457DF4F76
:10F0200088819981CC58D0400F945600C356DF4F49
:10F03000E881F981CD59D040309709F43EC0E615FA
:10F04000F705D9F566E875EA8CE69CE00E9452F572
:10F05000809170008D7F8093700040E050E46CE9F7
:10F0600074E4C1010E9442F740E050E46CE976E4A8
:10F07000C1010E94BFF665E0EC968EAD9FADEC97A6
:10F080000F94A057F4E6F093B30020E030E44CE98D
:10F0900054E4D10154966D917D918D919C91579737
:10F0A0000F94B6AE181624F4C1010E94B4F7EDCF48
:10F0B00080917000826080937000C157DF4FE881BB
:10F0C000F981CF58D040309711F40D94DB80CF01F7
:10F0D00004968615970514F00D9431818091700087
:10F0E0008D7F8093700010925906109258061092EE
:10F0F0005706CE57DF4F1882C258D0400D94F36B9D
:10F10000C157DF4F28813981CF58D040232BA9F434
:10F1100030915506CB57DF4F3883C558D0404091CA
:10F120005406CA57DF4F4883C658D0405091560600
:10F13000C557DF4F5883CB58D0408FEF681A780AF5
:10F140009CED691695E0790609F03CC8D2CF20E025
:10F1500030E040EA50ECC301B2010F941BAC87FDD4
:10F1600002C00D94C06C20E030E0A901E6966FADBE
:10F17000E697E7967FADE797E8968FADE897E99633
:10F180009FADE9970F941BAC81110D94CE6C20E0DC
:10F1900030E0A901B501C8010F94B6AE181624F0ED
:10F1A000A12CB12C00E010E06AEC73EA8CE69CE044
:10F1B0000E94F3FF42E050E0B501C8010F942E0316
:10F1C000C0908606F0908706E0908806D090890669
:10F1D000E696AFAEE697E796BFAEE797E8960FAF35
:10F1E000E897E9961FAFE997B1E0AE96BFAFAE974B
:10F1F0000D94CE6CCB56DF4F1882C559D040CA56FD
:10F20000DF4F1882C659D040C956DF4F1882C75900
:10F21000D040C856DF4F1882C859D0400D94066DB3
:10F22000AE962FADAE9721110D94346D30916307DA
:10F23000CC57DF4F3883C458D04031110D94346D12
:10F24000EE964FADEE974111A9C020E030E040E0CE
:10F250005FE3E2966FADE297E3967FADE397E496C6
:10F260008FADE497E5969FADE5970F9481AC2C2D7B
:10F270003F2D4E2D5D2D0F94B6AE87FF1AC0A30112
:10F280009201E2966FADE297E3967FADE397E49645
:10F290008FADE497E5969FADE5970F94A1AD2C2D2A
:10F2A0003F2D4E2D5D2D0F94B6AE87FF02C00D94FD
:10F2B000346DCE57DF4F8881C258D040882349F043
:10F2C000C657DF4F9881CA58D040992311F40D9446
:10F2D000346D66E573EA8CE69CE00E94F3FF2C2D0A
:10F2E0003F2D4E2D5D2DE2966FADE297E3967FADFB
:10F2F000E397E4968FADE497E5969FADE5970F947D
:10F30000A1ADEA966FAFEA97ED967FAFED978C01CE
:10F31000E2962FADE297E3963FADE397E4964FADCB
:10F32000E497E5965FADE5970F941BAC87FD12C09F
:10F33000E296AFADE297EA96AFAFEA97E396BFAD3C
:10F34000E397ED96BFAFED97E4960FADE497E596A2
:10F350001FADE59722E030E0EA964FADEA97ED96D3
:10F360005FADED97B8018CE69CE00E9464F562E425
:10F3700073EA8CE69CE00E94F3FFCE57DF4FE881F2
:10F38000C258D0408E2F90E00F945600F1E0CC5739
:10F39000DF4FF883C458D0400D94396D85E40F9445
:10F3A000260A892B11F40D94346DC957DF4F28813B
:10F3B000C758D040222309F448CFCB57DF4F58819C
:10F3C000C558D040552309F458C78091550681117E
:10F3D00054C760E373EA8CE69CE00E94F3FF8091DF
:10F3E000550690E00F9456006FE173EA8CE69CE0BE
:10F3F0000E94F3FF8091540690E00F9456006EE057
:10F4000073EA8CE69CE00E94F3FF8091560690E040
:10F410000F9456000D94666D80E000E010E091E0DE
:10F42000CC57DF4FA881C458D040A927EA96AFAF88
:10F43000EA97882329F0CE018F5A9F4F0E947BF3D1
:10F44000002329F0CE01895A9F4F0E947BF311239C
:10F4500029F0CE01835A9F4F0E947BF3CE018D5934
:10F460009F4F0E947BF3EA96BFADEA97BB2309F456
:10F4700051C1C501B401C055DF4F288139814A818E
:10F480005B81C05BD040621B730B840B950B0F94A8
:10F4900020AC20E030E04AE754E40F940EAE4B017C
:10F4A0005C01AE963FADAE97332309F435C2E296C8
:10F4B0002FADE297E3963FADE397E4964FADE49727
:10F4C000E5965FADE597E6966FADE697E7967FAD7B
:10F4D000E797E8968FADE897E9969FADE9970F9487
:10F4E000A1ADE1966CAF7DAF8EAF9FAFE19720E00D
:10F4F00030E0A9010F94B6AE18166CF0E1968CAD11
:10F500009DADAEADBFADE197B058E1968CAF9DAF6C
:10F51000AEAFBFAFE197E1962CAD3DAD4EAD5FAD67
:10F52000E197C301B2010F94B6AE87FD2EC12AE95F
:10F5300039E949E95EE3E2966FADE297E3967FAD84
:10F54000E397E4968FADE497E5969FADE5970F942A
:10F5500081ACE6962FADE697E7963FADE797E89644
:10F560004FADE897E9965FADE9970F941BAC18167D
:10F570000CF40BC16DEE71EA8CE69CE00E9452F532
:10F580006CEC71EA8FE09BE00E94F3FF20E030E03A
:10F5900045E753E4E6966FADE697E7967FADE797CC
:10F5A000E8968FADE897E9969FADE9970F941BAC6D
:10F5B00087FD0EC0E6961FAEE697E7961FAEE7976B
:10F5C00095E7E8969FAFE897A3E4E996AFAFE99790
:10F5D00022E030E0E6964FADE697E7965FADE7971D
:10F5E000E8966FADE897E9967FADE9978FE09BE0ED
:10F5F0000E9464F56AEC71EA8FE09BE00E94F3FFE1
:10F60000C258DF4F68817981CE57D0408FE09BE0B0
:10F610000F94500068EC71EA8FE09BE00E94F3FFCA
:10F6200022E030E0B501A4018FE09BE00E9464F588
:10F6300066EC71EA8FE09BE00E94F3FF22E030E08D
:10F64000E2964FADE297E3965FADE397E4966FAD38
:10F65000E497E5967FADE5978FE09BE00E9464F527
:10F6600063EC71EA8FE09BE00E94F3FF62EA71EACB
:10F670008CE69CE00E94F3FF22E030E0E6964FAD7E
:10F68000E697E7965FADE797E8966FADE897E9965E
:10F690007FADE9978CE69CE00E9464F560EA71EA30
:10F6A0008CE69CE00E94F3FFC258DF4F68817981AD
:10F6B000CE57D0408CE69CE00F9450006EE971EA82
:10F6C0008CE69CE00E94F3FF22E030E0B501A4014B
:10F6D0008CE69CE00E9464F56CE971EA8CE69CE0A3
:10F6E0000E94F3FF22E030E0E2964FADE297E3960E
:10F6F0005FADE397E4966FADE497E5967FADE59750
:10F700008CE69CE00E9464F569E971EA8CE69CE075
:10F710000E9452F520E030E040E05FE36C2D7F2D49
:10F720008E2D9D2D0F94B6AE18160CF0CCC5C85773
:10F73000DF4F5881C858D040552309F4ADC5C6578E
:10F74000DF4F8881CA58D040882309F4BCC5809116
:10F75000FE03811105C081E08093FE030E9483D8DF
:10F76000C757DF4FB881C958D040B111A3C5ABC549
:10F7700080E000E011E053CE80E00D94D76D01E011
:10F7800011E0EA961FAEEA9756CE69E771EA8FE07C
:10F790009BE00E94F3FF20E030E045E753E4E6966B
:10F7A0006FADE697E7967FADE797E8968FADE89760
:10F7B000E9969FADE9970F941BAC87FD0EC0E696C6
:10F7C0001FAEE697E7961FAEE797B5E7E896BFAF9F
:10F7D000E897E3E4E996EFAFE99722E030E0E696B8
:10F7E0004FADE697E7965FADE797E8966FADE89780
:10F7F000E9967FADE9978FE09BE00E9464F567E7AB
:10F8000071EA8FE09BE00E94F3FFC258DF4F6881EE
:10F810007981CE57D0408FE09BE00F94500065E790
:10F8200071EA8FE09BE00E94F3FF22E030E0B50137
:10F83000A4018FE09BE00E9464F563E771EA8FE02A
:10F840009BE00E94F3FF22E030E0E2964FADE297AA
:10F85000E3965FADE397E4966FADE497E5967FADF1
:10F86000E5978FE09BE00E9464F560E771EA8FE026
:10F870009BE00E94F3FF60E571EA8CE69CE00E9449
:10F88000F3FF22E030E0E6964FADE697E7965FADF6
:10F89000E797E8966FADE897E9967FADE9978CE634
:10F8A0009CE00E9464F56EE471EA8CE69CE00E94A4
:10F8B000F3FFC258DF4F68817981CE57D0408CE684
:10F8C0009CE00F9450006CE471EA8CE69CE00E948E
:10F8D000F3FF22E030E0B501A4018CE69CE00E9439
:10F8E00064F56AE471EA8CE69CE00E94F3FF22E092
:10F8F00030E0E2964FADE297E3965FADE397E49692
:10F900006FADE497E5967FADE5978CE69CE00E94AD
:10F9100064F567E471EAFACE80916307882309F4FD
:10F92000C5C067E271EA8FE09BE00E94F3FF2C2DD7
:10F930003F2D4E2D5D2DE6966FADE697E7967FAD98
:10F94000E797E8968FADE897E9969FADE9970F9412
:10F95000B6AE181664F0E696CFAEE697E796FFAE21
:10F96000E797E896EFAEE897E996DFAEE99722E0F1
:10F9700030E0E6964FADE697E7965FADE797E896FD
:10F980006FADE897E9967FADE9978FE09BE00E9425
:10F9900064F565E271EA8FE09BE00E94F3FFC258D4
:10F9A000DF4F68817981CE57D0408FE09BE00F9484
:10F9B000500063E271EA8FE09BE00E94F3FF22E0D7
:10F9C00030E0B501A4018FE09BE00E9464F561E2A4
:10F9D00071EA8FE09BE00E94F3FF22E030E0E296C4
:10F9E0004FADE297E3965FADE397E4966FADE49792
:10F9F000E5967FADE5978FE09BE00E9464F56EE1B0
:10FA000071EA8FE09BE00E94F3FF6EEF70EA8CE6F4
:10FA10009CE00E94F3FF22E030E0E6964FADE697CF
:10FA2000E7965FADE797E8966FADE897E9967FAD0B
:10FA3000E9978CE69CE00E9464F56CEF70EA8CE636
:10FA40009CE00E94F3FFC258DF4F68817981CE5756
:10FA5000D0408CE69CE00F9450006AEF70EA8CE690
:10FA60009CE00E94F3FF22E030E0B501A4018CE6A7
:10FA70009CE00E9464F568EF70EA8CE69CE00E94CE
:10FA8000F3FF22E030E0E2964FADE297E3965FAD00
:10FA9000E397E4966FADE497E5967FADE5978CE646
:10FAA0009CE00E9464F565EF70EA30CEE2962FADDF
:10FAB000E297E3963FADE397E4964FADE497E59682
:10FAC0005FADE5976C2D7F2D8E2D9D2D0F94A1ADF3
:10FAD000E1966CAF7DAF8EAF9FAFE19720E030E055
:10FAE000A9010F94B6AE18166CF0E1962CAD3DADA1
:10FAF0004EAD5FADE1975058E1962CAF3DAF4EAFA4
:10FB00005FAFE197E1962CAD3DAD4EAD5FADE197B6
:10FB1000C301B2010F94B6AE87FDB0C02AE939E93E
:10FB200049E95EE3E2966FADE297E3967FADE39736
:10FB3000E4968FADE497E5969FADE5970F9481AC81
:10FB40002C2D3F2D4E2D5D2D0F941BAC18160CF453
:10FB500095C064ED70EA8FE09BE00E94F3FF22E025
:10FB600030E04C2D5F2D6E2D7D2D8FE09BE00E94AF
:10FB700064F562ED70EA8FE09BE00E94F3FFC258EB
:10FB8000DF4F68817981CE57D0408FE09BE00F94A2
:10FB9000500060ED70EA8FE09BE00E94F3FF22E0EE
:10FBA00030E0B501A4018FE09BE00E9464F56EECAB
:10FBB00070EA8FE09BE00E94F3FF22E030E0E296E3
:10FBC0004FADE297E3965FADE397E4966FADE497B0
:10FBD000E5967FADE5978FE09BE00E9464F56BECC6
:10FBE00070EA8FE09BE00E94F3FF6AEA70EA8CE61D
:10FBF0009CE00E94F3FF22E030E04C2D5F2D6E2D43
:10FC00007D2D8CE69CE00E9464F568EA70EA8CE643
:10FC10009CE00E94F3FFC258DF4F68817981CE5784
:10FC2000D0408CE69CE00F94500066EA70EA8CE6C7
:10FC30009CE00E94F3FF22E030E0B501A4018CE6D5
:10FC40009CE00E9464F564EA70EA8CE69CE00E9405
:10FC5000F3FF22E030E0E2964FADE297E3965FAD2E
:10FC6000E397E4966FADE497E5967FADE5978CE674
:10FC70009CE00E9464F561EA70EA48CDC957DF4F05
:10FC80003881C758D04031113DC0EE964FADEE9748
:10FC90004423C1F1809156068823A1F12C2D3F2DDC
:10FCA0004E2D5D2DE2966FADE297E3967FADE39723
:10FCB000E4968FADE497E5969FADE5970F94A1ADDF
:10FCC000A30192010F94B6AE18160CF4BCC02AE939
:10FCD00039E949E95EE3E2966FADE297E3967FADDD
:10FCE000E397E4968FADE497E5969FADE5970F9483
:10FCF00081AC2C2D3F2D4E2D5D2D0F94B6AE1816D8
:10FD00000CF4A1C062E870EA8FE09BE00E94F3FF70
:10FD100020E030E045E753E46C2D7F2D8E2D9D2DA6
:10FD20000F941BAC87FD3BC1612C712C05E713E4DC
:10FD300022E030E0A301B8018FE09BE00E9464F56F
:10FD40006CEB7FE98FE09BE00E94F3FFC258DF4F2E
:10FD500068817981CE57D0408FE09BE00F945000AE
:10FD60006AEB7FE98FE09BE00E94F3FF22E030E046
:10FD7000B501A4018FE09BE00E9464F568EB7FE988
:10FD80008FE09BE00E94F3FF22E030E0E2964FAD6F
:10FD9000E297E3965FADE397E4966FADE497E5965F
:10FDA0007FADE5978FE09BE00E9464F565EB7FE90E
:10FDB0008FE09BE00E94F3FF66E97FE98CE69CE020
:10FDC0000E94F3FF22E030E0A301B8018CE69CE042
:10FDD0000E9464F564E97FE98CE69CE00E94F3FFF1
:10FDE000C258DF4F68817981CE57D0408CE69CE0C5
:10FDF0000F94500062E97FE98CE69CE00E94F3FFDB
:10FE000022E030E0B501A4018CE69CE00E9464F59C
:10FE100060E97FE98CE69CE00E94F3FF22E030E09D
:10FE2000E2964FADE297E3965FADE397E4966FAD50
:10FE3000E497E5967FADE5978CE69CE00E9464F53B
:10FE40006DE87FE963CC6AE170EA8CE69CE00E9491
:10FE500052F565EF7FE98FE09BE00E94F3FF20E021
:10FE600030E045E753E46C2D7F2D8E2D9D2D0F94B2
:10FE70001BAC87FD8FC0612C712C05E713E422E0D9
:10FE800030E0A301B8018FE09BE00E9464F563EFCE
:10FE90007FE98FE09BE00E94F3FFC258DF4F68814B
:10FEA0007981CE57D0408FE09BE00F94500061EFF6
:10FEB0007FE98FE09BE00E94F3FF22E030E0B50194
:10FEC000A4018FE09BE00E9464F56FEE7FE98FE074
:10FED0009BE00E94F3FF22E030E0E2964FADE29714
:10FEE000E3965FADE397E4966FADE497E5967FAD5B
:10FEF000E5978FE09BE00E9464F56CEE7FE98FE070
:10FF00009BE00E94F3FF67EC7FE98CE69CE00E9497
:10FF1000F3FF22E030E0A301B8018CE69CE00E94F0
:10FF200064F565EC7FE98CE69CE00E94F3FFC25823
:10FF3000DF4F68817981CE57D0408CE69CE00F94EA
:10FF4000500063EC7FE98CE69CE00E94F3FF22E026
:10FF500030E0B501A4018CE69CE00E9464F561EC00
:10FF60007FE98CE69CE00E94F3FF22E030E0E2961D
:10FF70004FADE297E3965FADE397E4966FADE497FC
:10FF8000E5967FADE5978CE69CE00E9464F56EEB0C
:10FF90007FE9BCCB6C2C7F2C0E2D1D2D70CF6C2CD3
:10FFA0007F2C0E2D1D2DC4CE80915606882329F05E
:10FFB0006CE4CE0189960E947BF2809154068823DE
:10FFC00029F06DE4CE0189960E947BF2809155065E
:10FFD000882309F4C1C168E4CE0189960E947BF2AE
:10FFE000BBC1EE96FFADEE97FF2311F40D94FF75A4
:10FFF000C557DF4F9881CB58D040992321F080918D
:020000023000CC
:1000000056068823C9F0CB57DF4FA881C558D0408A
:10001000AA2321F080915506882371F0CA57DF4F3B
:10002000B881C658D040BB2311F40D94FF75809160
:10003000540681110D94E97680918107AE968FAFB9
:10004000AE97882311F40D94667690918606E69615
:100050009FAFE697A0918706E796AFAFE797B0917D
:100060008806E896BFAFE897E0918906E996EFAF7A
:10007000E99720E030E0A901692F7A2F8B2F9E2F7E
:100080000F94B6AE181614F00D945076C301019675
:10009000C157DF4F99838883CF58D04063E277EA16
:1000A0008CE69CE00E9452F5D10154964D915D91F1
:1000B0006D917C91579722E030E08CE69CE00E94A5
:1000C00064F56FE974E08CE69CE00E9466F5F1014E
:1000D00064857585868597850F94A3098091700046
:1000E0008D7F8093700010925906109258061092DE
:1000F000570640E050E563E477E4C1010E94BFF693
:1001000046E05FEF6FEF7FEFC1010E944EF864E0C1
:10011000EC968EAD9FADEC970F94A05740E050E465
:100120006CE175E4C1010E9442F7D10150964D91F6
:100130005D916D917C9153971C968D919D910D9041
:10014000BC91A02D481759076A077B0711F40D943D
:100150009E76C1010E94B4F7E8CFCB56DF4F2881CD
:10016000C559D040CA56DF4F3881C659D040C9560C
:10017000DF4F4881C759D040C856DF4F5881C85912
:10018000D0406C2D7F2D8E2D9D2D0F94A2ADC62EAF
:10019000F72EE82ED92E6CEA73EA8CE69CE00E94DA
:1001A000F3FF42E050E06C2D7F2D8E2D9D2D0F949E
:1001B0002E030D94066DCE57DF4F48815981C258EA
:1001C000D0404615570514F00D9488782FE832EC8E
:1001D00045EF5CE36091820670918306809184060E
:1001E000909185060F941BAC87FD02C00D9480781A
:1001F000809170008D7F809370001092590610924C
:1002000058061092570665E675EA8CE69CE00E9457
:10021000F3FFCE57DF4F68817981C258D0408CE61A
:100220009CE00F94500061E475EA8CE69CE00E942B
:10023000F3FF60918206709183068091840690910D
:10024000850642E050E00F942E03C257DF4FF8813D
:10025000CE58D040CE57DF4FF883C258D0400D94CF
:10026000F36BCE57DF4F88819981C258D0408615F5
:1002700097050CF4ABCF0D949D78CA57DF4F98814A
:10028000C658D040992311F40D94257980915406D5
:1002900081110D9425799DC8C757DF4FA881C95892
:1002A000D040AA2381F0C657DF4F9881CA58D0406A
:1002B000992349F080910404811105C081E0809365
:1002C00004040E9483D8CF55DF4FA881B981C15A59
:1002D000D040119741F0CC57DF4FB881C458D0407F
:1002E000B1110D94156E809170008D7F8093700018
:1002F000109259061092580610925706EC968EAD41
:100300009FADEC970F94A957EE96EFADEE97EE23C5
:1003100009F44CC060EA74E0CE0189960E94BFF3F4
:1003200080915606811140CE8091540681113CCEB9
:1003300080915506811138CE65E4CE0101960F9467
:100340008B68BE016F5F7F4FCE0189960E94A0F23D
:10035000CE0101960E947BF36DE77FE98FE09BE081
:100360000E94F3FFBE01675D7F4F8FE09BE00E941C
:1003700068F56AE77FE98FE09BE00E94F3FF6AE699
:100380007FE98CE69CE00E94F3FFBE01675D7F4F32
:100390008CE69CE00E9468F567E67FE98CE69CE0CD
:1003A0000E9452F5CE0189960E947BF380E0CD54E5
:1003B000DF4F0FB6F894DEBF0FBECDBFDF91CF91F8
:1003C0001F910F91FF90EF90DF90CF90BF90AF9073
:1003D0009F908F907F906F905F904F903F902F9065
:1003E00008954F925F926F927F928F929F92AF92F9
:1003F000BF92CF92DF92EF92FF920F931F93CF9312
:10040000DF93CDB7DEB7C055D1090FB6F894DEBF84
:100410000FBECDBF80917F07882309F44EC10E9493
:10042000F6AA811148C184E680937E0788E29E0186
:100430002F5F3F4F7901F901282F11922A95E9F793
:100440008E01075D1F4FF80111928A95E9F72091FF
:100450007E078091050490E005962817190611F093
:100460000CF034C125E0C22ED12C570160E088E0A9
:100470000E9474C6409057025090580260905902F2
:1004800070905A0264197509860997090F9422AC75
:1004900020915302309154024091550250915602DE
:1004A0000F940EAEF50161937193819391935F0167
:1004B000E017F107D9F6C7010F949B09811104C019
:1004C000F1E0CF1AD10889F668E47FE98CE69CE078
:1004D0000E94F3FF6AE070E0C7010E946EC442E030
:1004E00050E00F942E030E94266980918C06882389
:1004F00009F4F5C00E94CFC695E0C92ED12C480161
:1005000028E2820E911C580160E088E00E9474C6C7
:1005100040905702509058026090590270905A02D1
:1005200064197509860997090F9422AC209153022A
:100530003091540240915502509156020F940EAEE4
:10054000F50161937193819391935F01E815F9052A
:10055000D9F6C8010F949B09811104C0F1E0CF1AAC
:10056000D10889F661EF7EE98CE69CE00E94F3FFFA
:100570006AE070E0C8010E946EC442E050E00F944F
:100580002E036AE070E0C7010E946EC44B015C015B
:100590006AE070E0C8010E946EC42B013C01AC010E
:1005A0009B01C501B4010F94A1AD4B015C0120E09A
:1005B00030E0A9010F94B6AE18160CF0A5C020E0EB
:1005C00030E040E85FE3C501B4010F941BAC87FF46
:1005D000A6C08091680790916907892B29F48091C2
:1005E000F803882309F49BC020E030E048E452E49B
:1005F000C301B2010F94B6AE18160CF090C063E3BD
:100600007EE98CE69CE00E94F3FF6AE070E0C7019F
:100610000E946EC4AB01BC0122E030E08CE69CE09D
:100620000E9464F563E17EE98CE69CE00E94F3FFA2
:100630006AE070E0C8010E946EC442E050E00F948E
:100640002E036AE070E0C7010E946EC46B017C015A
:100650006AE070E0C8010E946EC49B01AC01C70152
:10066000B6010F94A2AD20E030E040E05FE30F94CC
:1006700081AC6B017C0181E0809367072DB73EB7A9
:10068000225131090FB6F8943EBF0FBE2DBFADB752
:10069000BEB7119682E1E8E6F7E001900D928A95E7
:1006A000E1F7C701B6010E94EEAB0FB6F894DEBFCA
:1006B0000FBECDBF70C081E0B7CE0F94CF0F809337
:1006C0007E070F94C80F882309F4B0CE60EA7DE955
:1006D0008FE09BE00E94F3FF63E87DE9FEC06FE0DE
:1006E0007FE98CE69CE00E9452F58FEF9FEF90939C
:1006F0004F0680934E069093510680935006909338
:10070000530680935206F8CE20E030E040E85FEBDD
:10071000C501B4010F94B6AE18160CF45ACF62E7B7
:100720007EE98CE69CE00E94F3FF6AE070E0C7017E
:100730000E946EC4AB01BC0122E030E08CE69CE07C
:100740000E9464F562E57EE98CE69CE00E94F3FF7E
:100750006AE070E0C8010E946EC442E050E00F946D
:100760002E036AE070E0C7010E946EC46B017C0139
:100770006AE070E0C8010E946EC49B01AC01C70131
:10078000B6010F94A2AD20E030E040E05FE30F94AB
:1007900081AC6B017C0166EF7DE98FE09BE00E94FC
:1007A000F3FF22E030E0B701A6018FE09BE00E945A
:1007B00064F56BEA74E08FE09BE00E9466F569EDFA
:1007C0007DE98CE69CE00E94F3FF22E030E0B70177
:1007D000A6018CE69CE00E9464F56BEA74E08CE66E
:1007E0009CE00E9466F58091680790916907892BCB
:1007F00009F48FC008E617E082E7E82E87E0F82EBC
:10080000F80165818FE09BE00E9408EAF8016581AC
:100810008CE69CE00E9408EA0F5F1F4FE016F1068D
:1008200079F76BEA74E08FE09BE00E9466F56091D7
:100830004E0670914F068FE09BE00F9450006BEADC
:1008400074E08FE09BE00E9466F560915006709125
:1008500051068FE09BE00F9450006BEA74E08FE04C
:100860009BE00E9466F560915206709153068FE0FE
:100870009BE00F94500060EC7DE98FE09BE00E94CC
:10088000F3FF6BEA74E08CE69CE00E9466F56091F1
:100890004E0670914F068CE69CE00F9450006BEA78
:1008A00074E08CE69CE00E9466F5609150067091C1
:1008B00051068CE69CE00F9450006BEA74E08CE6E5
:1008C0009CE00E9466F560915206709153068CE69A
:1008D0009CE00F9450006DEB7DE98CE69CE00E945B
:1008E00052F5C05BDF4F0FB6F894DEBF0FBECDBF31
:1008F000DF91CF911F910F91FF90EF90DF90CF90FC
:10090000BF90AF909F908F907F906F905F904F902F
:1009100008956EEC7DE98FE09BE00E94F3FF63ECAD
:100920007DE98CE69CE00E94F3FF7BCF4F925F92C3
:100930006F927F928F929F92AF92BF92CF92DF92EF
:10094000EF92FF92CF93DF9300D000D0CDB7DEB708
:100950006B017C016DEE7AE98CE69CE00E9452F519
:100960006FED7AE98CE69CE00E94F3FF42E050E0F4
:10097000C701B6010F942E0320E030E0A901C701A2
:10098000B6010F941BAC811181C180905B029090E5
:100990005C02A0905D02B0905E0261E084E60E947D
:1009A00074C62B013C0184189508A608B7088FEC83
:1009B000880E87E0981EA11CB11C8FE988168FE075
:1009C0009806A104B10408F06FC06FEC7AE9CE017B
:1009D00001960E94ADF3BE016F5F7F4F85E19EE0FF
:1009E0000E9421F2B82ECE0101960E947BF3BB201B
:1009F00001F16EEA7AE98FE09BE00E94F3FF22E0CA
:100A000030E0B701A6018FE09BE00E9464F56CEA3C
:100A10007AE98FE09BE00E94F3FFB301A2018FE02F
:100A20009BE00F941E0069EA7AE98FE09BE00E9448
:100A3000F3FF64E77AE98CE69CE00E9452F563E5F7
:100A40007AE98CE69CE00E94F3FF22E030E0B701F7
:100A5000A6018CE69CE00E9464F561E57AE98CE6EB
:100A60009CE00E94F3FFB301A2018CE69CE00F948E
:100A70001E006EE47AE98CE69CE00E9452F5269610
:100A80000FB6F894DEBF0FBECDBFDF91CF91FF90C0
:100A9000EF90DF90CF90BF90AF909F908F907F901E
:100AA0006F905F904F90089567E37AE98CE69CE041
:100AB0000E94F3FF60915702709158028091590291
:100AC00090915A020F94A3094092570250925802F3
:100AD0006092590270925A0261E27AE98CE69CE0D7
:100AE0000E94F3FF60915702709158028091590261
:100AF00090915A020F94A309809057029090580247
:100B0000A0905902B0905A028092830F9092840F65
:100B1000A092850FB092860F4090420250904302FF
:100B2000609044027090450220E030E0A901C301CA
:100B3000B2010F941BAC181654F420E030E04AE7E1
:100B400054E4C301B2010F94B6AE87FD0CC080E03F
:100B500090E0A8E4B3E48093420290934302A09310
:100B60004402B093450260915B0270915C028091F7
:100B70005D0290915E02681979098A099B090F94B8
:100B800022AC4B015C012091420230914302409122
:100B900044025091450260E070E080E89FE30F94CA
:100BA0000EAE9B01AC01C501B4010F9481AC609302
:100BB00053027093540280935502909356026093AF
:100BC000870F7093880F8093890F90938A0F0E94EC
:100BD00083D861E17AE9CE0101960E94ADF3BE01AE
:100BE0006F5F7F4F85E19EE00E9421F2B82ECE011B
:100BF00001960E947BF3BB2031F160EF79E98FE031
:100C00009BE00E94F3FF22E030E0B701A6018FE0F5
:100C10009BE00E9464F56EEE79E98FE09BE00E9414
:100C2000F3FF409157025091580260915902709120
:100C30005A028FE09BE00F941E006BEE79E98FE083
:100C40009BE00E94F3FF6AEC79E98CE69CE00E944D
:100C5000F3FF22E030E0B701A6018CE69CE00E94A1
:100C600064F568EC79E98CE69CE00E94F3FF409122
:100C70005702509158026091590270915A028CE6C5
:100C80009CE00F941E0065EC79E9F5CE61E084E606
:100C90000E9474C64B015C01C0924202D092430292
:100CA000E0924402F09245026CEA79E98CE69CE01D
:100CB0000E94F3FF60915B0270915C0280915D0283
:100CC00090915E020F94A30980925B0290925C0265
:100CD000A0925D02B0925E0264E979E98CE69CE044
:100CE0000E94F3FF60915B0270915C0280915D0253
:100CF00090915E020F94A30969E779E98CE69CE084
:100D00000E94F3FF6091530270915402809155024A
:100D10009091560242E050E00F942E0360915B02E6
:100D200070915C0280915D0290915E02809057020A
:100D300090905802A0905902B0905A02681979090F
:100D40008A099B090F9422AC4B015C01A701960113
:100D500060E070E080E89FE30F940EAE9B01AC0171
:100D6000C501B4010F9481AC609353027093540297
:100D70008093550290935602C0925F02D092600217
:100D8000E0926102F09262026093870F7093880F85
:100D90008093890F90938A0F6FE579E98CE69CE048
:100DA0000E94F3FF609153027091540280915502AA
:100DB0009091560242E050E00F942E030E9483D897
:100DC0006FE479E9CE0101960E94ADF3BE016F5F39
:100DD0007F4F85E19EE00E9421F2B82ECE01019660
:100DE0000E947BF3BB2031F16EE279E98FE09BE05A
:100DF0000E94F3FF22E030E0B701A6018FE09BE004
:100E00000E9464F56CE279E98FE09BE00E94F3FFB9
:100E100040915B0250915C0260915D0270915E02B4
:100E20008FE09BE00F941E0069E279E98FE09BE080
:100E30000E94F3FF68E079E98CE69CE00E94F3FFF2
:100E400022E030E0B701A6018CE69CE00E9464F548
:100E500066E079E98CE69CE00E94F3FF40915B023A
:100E600050915C0260915D0270915E028CE69CE0A4
:100E70000F941E0063E079E9FECDCF93DF9389EDF7
:100E80009DE00E947BF38FED9DE00E947BF385EE59
:100E90009DE00E947BF38BEE9DE00E947BF381EF4F
:100EA0009DE00E947BF387EF9DE00E947BF38DEF36
:100EB0009DE00E947BF383E09EE00E947BF389E04B
:100EC0009EE00E947BF38FE09EE00E947BF385E131
:100ED0009EE00E947BF38BE19EE00E947BF381E227
:100EE0009EE00E947BF387E29EE00E947BF380916C
:100EF000940F9091950F0F94C3B08091910F9091A2
:100F0000920F97FD03C060E00F94260C8091AA0F0A
:100F10009091AB0F0F94C3B08091A70F9091A80F41
:100F200097FD03C060E00F94260C87EB9FE00E94C2
:100F30007BF385E090E10E947BF38BE090E10E94DF
:100F40007BF381E190E10E947BF3C3E4D1E126973A
:100F5000CE010E947BF380E1C731D807C1F78091B1
:100F6000431190914411009721F0DF91CF910D949E
:100F7000C3B0DF91CF910895CF93DF93CDB7DEB7A4
:100F8000A8970FB6F894DEBF0FBECDBF789484B596
:100F9000826084BD84B5816084BD85B5826085BD75
:100FA00085B5816085BD80916E00816080936E0003
:100FB00010928100809181008260809381008091F5
:100FC00081008160809381008091800081608093A6
:100FD00080008091B10084608093B1008091B00066
:100FE00081608093B0008091910082608093910035
:100FF0008091910081608093910080919000816048
:10100000809390008091A10082608093A1008091E4
:10101000A10081608093A1008091A00081608093F5
:10102000A0008091210182608093210180912101A3
:101030008160809321018091200181608093200153
:1010400080917A00846080937A0080917A00826037
:1010500080937A0080917A00816080937A008091F9
:101060007A00806880937A001092C10089E18093B1
:10107000480261E08CE00F94260C61E083E00F945D
:10108000260C61E089E00F94260C6091D1068CE07B
:101090000F944F0A0E9457C707E110E14FE9E42E71
:1010A00046E0F42E61EA74E0C8010E945AF3D701C9
:1010B0001D927D010A5F1F4FB1E103341B0791F7B9
:1010C00080919100887F8093910080919100816050
:1010D0008093910082E08093B00084E08093B1001F
:1010E0008EE38093B30061E081E30F944F0A61E0E7
:1010F00081E30F94260C61E082E40F94260C61E0FA
:1011000083E40F94260C60E082E40F944F0A60E0C1
:1011100083E40F944F0A1FB7F8948091560781110A
:1011200027C0ECECF3EC8491E2E1F4EC9491E82F2D
:10113000F0E0EE0FFF1FE65BFB44A591B491EC914C
:10114000E92321F461E085E30F944F0A61E085E330
:101150000F94260C8CB580618CBD8CB580648CBDE1
:1011600061E084E30F94260C61E083E30F94260C86
:10117000809156078F5F809356071FBF2FB7F89453
:10118000E3EFF2E6E83008F06CC2F0E08827E453C1
:10119000F7478E4F0D9418B03901E9003B01BD00AF
:1011A000AD00C900BF00A30080E190918A06892BA1
:1011B00080938A0680918B06811103C081E0809321
:1011C0008B062FBF8AE180937D0F61E00F944F0A59
:1011D00061E080917D0F0F94260C61E070E080E06B
:1011E00090E00F94A51010927A0F1092790F109240
:1011F000780F1092770F1092760F0F94000C88E002
:1012000097E00F94510B80E10F94E30B40E050E026
:1012100060E775E482E39FE00E9442F740E050E01F
:1012200060E775E482E39FE00E94BFF660E087E23A
:101230000F94260C60E085E20F94260C60E084E2B7
:101240000F94260C60E080E30F94260C60E08DE3A1
:101250000F94260C62E08EE30F94260C62E08FE37D
:101260000F94260C67EB71EC8EE30F94C50069E8D0
:1012700071EC8FE30F94C50062E080E40F94260CBC
:1012800062E081E40F94260C6BE671EC80E40F942D
:10129000C5006DE471EC81E40F94C50062E080E06C
:1012A0000F94260C62E081E00F94260C62E08EE041
:1012B0000F94260C62E08FE00F94260C62E080E130
:1012C0000F94260C62E081E10F94260C62E082E12B
:1012D0000F94260C62E083E10F94260C62E089E211
:1012E0000F94260C61E086E00F94260C60E086E007
:1012F0000F944F0A62E087E00F94260C61E085E0CE
:101300000F94260C60E085E00F944F0A62E08FE2B4
:101310000F94260C62E08DE00F94260C60E084E4CC
:101320000F94260C62E080E20F94260C62E08FE1BD
:101330000F94260C62E085E40F94260C40E051EEF9
:1013400060E070E08CE69CE00F94810060E071E06A
:1013500087E29EE00E949DEF60E470E081E29EE003
:101360000E949DEF60E470E08BE19EE00E949DEFA3
:1013700040E855E260E070E08FE09BE00F94810070
:1013800060EA74E087E29EE00E945AF360EA74E04B
:1013900081E29EE00E945AF360EA74E08BE19EE0F5
:1013A0000E945AF30E94BAB30F94440169E374EBAC
:1013B0008CE69CE00E94F3FF8091490290914A02E2
:1013C0000F9464018091490290914A0201970A9713
:1013D00008F46FC069E174EB8CE69CE00E9452F562
:1013E000E9E4F2E089EE91E0DF019C011D922150D9
:1013F0003040E1F781E090E090934A028093490207
:1014000090934C0280934B0282E390E090934E02C3
:1014100080934D0282E090E09093500280934F02BF
:10142000909352028093510280E096E4A3E1B5E4E8
:101430008093530290935402A0935502B0935602A6
:1014400083E79CE4A7E0B0E08093570290935802B2
:10145000A0935902B0935A028EE59DE7AEE0B0E04A
:1014600080935B0290935C02A0935D02B0935E0256
:1014700080E090E0A8E4B3E480935F029093600280
:10148000A0936102B093620210E000E0C8010F94E3
:101490003FAD882321F060E0C8010F9447AD0F5F96
:1014A0001F4F011530E1130789F70E9483D80F946D
:1014B00044010E943DE661E08AE30F94260C61E05E
:1014C0008BE30F94260C61E08CE30F94260C60E014
:1014D0008AE30F944F0A60E08BE30F944F0A60E0B9
:1014E0008CE30F944F0A40E855E260E070E082EB35
:1014F00099E00F94810040E855E260E070E085E5F6
:1015000098E00F94810062E08BE00F94260C60E07D
:1015100086E10F94260C60E087E10F94260C0E9470
:101520005A7262E08AE00F94260C61E08DE10F941C
:10153000260C61E08DE10F944F0A68EC81EA9FE090
:101540000E94BCF881EA9FE00E946AEF81EA9FE076
:101550000E945CF968EC8BE89FE00E94BCF88BE885
:101560009FE00E946AEF8BE89FE00E945CF92FEFFA
:1015700040E060E080E00E949BC662E074EB8CE695
:101580009CE00E9452F589E38093800F88E380936A
:10159000810F61E089E30F94260C60E08091810F58
:1015A0000F94260C81E08093820F60E08091800F81
:1015B0000F944F0A0F94EE0F64EF71E080E090E01B
:1015C0000F94A51067E47DEA8CE69CE00E9452F53A
:1015D000CE0101966C015E0199E2A90EB11CF12CBD
:1015E000E12C1C2D0D2D0F94EE0F2B013C01D6018B
:1015F0004D925D926D927D926D010F94A3094720EB
:1016000046204520409419F4EFEFEE1AFE0AAC1480
:10161000BD0449F749815A816B817C818D819E810E
:10162000AF81B885411551056105710509F56BE17B
:101630007DEA892B8A2B8B2B51F1F5E0EF16F10413
:101640000CF4CCC26BE07CEA22C081E0AECD82E03B
:10165000ACCD84E0AACD88E0A8CD80E4A6CD80E81A
:10166000A4CD82E080938B0680E09FCD80E29DCD6B
:101670004F3FFFEF5F07FFE76F07710509F048C2B3
:101680008F3F9F4FAF47B105C1F664ED7CEA8CE612
:101690009CE00E9452F582E08093980665EE73EB21
:1016A0008CE69CE00E9452F56CED73EB8CE69CE0BE
:1016B0000E94F3FF0F94EE0F0F94A3096BEC73EBF2
:1016C0008CE69CE00E94F3FF84E10F9480100F945D
:1016D000A3096DEB73EB8CE69CE00E94F3FF85E0C1
:1016E0000F948010C090830FD090840FE090850FEE
:1016F000F090860F6C197D098E099F090F9422AC1A
:1017000042E050E00F942E036FEA73EB8CE69CE00E
:101710000E94F3FF85E00F948010C090830FD0905B
:10172000840FE090850FF090860F6C197D098E096B
:101730009F090F9422AC2091870F3091880F409120
:10174000890F50918A0F0F940EAE43E050E00F9432
:101750002E03C0905302D0905402E0905502F090B6
:10176000560220E030E04AE754E4C701B6010F9486
:10177000B6AE87FD0AC020E030E04AEF55E4C7016D
:10178000B6010F941BAC1816ACF420E030E04AE729
:1017900054ECC701B6010F941BAC18160CF426C20A
:1017A00020E030E04AEF55ECC701B6010F94B6AE29
:1017B00087FD1CC2C092870FD092880FE092890FDC
:1017C000F0928A0F61E080E50E9474C66093830FF7
:1017D0007093840F8093850F9093860F6DE673EB63
:1017E0008CE69CE00E9452F564E673EB8CE69CE08C
:1017F0000E94F3FF0F94EE0F0F94A30963E573EBC0
:101800008CE69CE00E94F3FF84E10F9480100F941B
:10181000A30965E473EB8CE69CE00E94F3FF85E08E
:101820000F948010C090830FD090840FE090850FAC
:10183000F090860F6C197D098E099F090F9422ACD8
:1018400042E050E00F942E0367E373EB8CE69CE0DC
:101850000E94F3FF85E00F948010C090830FD0901A
:10186000840FE090850FF090860F6C197D098E092A
:101870009F090F9422AC2091870F3091880F4091DF
:10188000890F50918A0F0F940EAE43E050E00F94F1
:101890002E0362E073EB8CE69CE00E9452F589EC2B
:1018A0009DE0909346118093451180914311909152
:1018B0004411009711F00F94C3B086E090E00F94AC
:1018C00027B07C01809145119091461120914711DC
:1018D000D7012C9312969C938E93119713961C927A
:1018E000139780E290E015969C938E931497F09254
:1018F0004411E09243111092AD071092AC07109280
:10190000FB0710921D080E947DEF8FE399EE9093E4
:1019100058078093570780E499EE90935A07809375
:10192000590781E0F7018383C7010E94F1EF882303
:1019300009F472C190E080E00F94920E843B09F0AC
:101940006BC186E190E00F94920E80FFD7C061E0FA
:1019500087E092E00F94690E61E088E092E00F94D6
:10196000690E60E086E990E00F94690E6DEF87E9FB
:1019700090E00F94690E60E083EE90E00F94690EA2
:1019800064E084EE90E00F94690E62E085EE90E0F2
:101990000F94690E61E086EE90E00F94690E63E0AB
:1019A00087EE90E00F94690E62E085EF90E00F946F
:1019B000690E65E089ED90E00F94690E6EEC8BED99
:1019C00090E00F94690E63E08CED90E00F94690E47
:1019D00068EF8DED90E00F94690E60E08FE990E084
:1019E0000F94690E6CE383EA90E00F94690E60E057
:1019F00087EB90E00F94690E6CE38BEB90E00F9413
:101A0000690E69E082EB90E00F94690E69E08AEC60
:101A100090E00F94690E61E088E991E00F94690EFF
:101A200067E180EB91E00F94690E60E08DEA91E050
:101A30000F94690E65E08FEF90E00F94690E65E0FA
:101A400080E091E00F94690E65E089E991E00F94E0
:101A5000690E6BE186EA91E00F94690E6EE38CEA01
:101A600091E00F94690E6FE187EA91E00F94690E9F
:101A700060E080E390E00F94690E60E181E190E026
:101A80000F94690E60E58AE091E00F94690E66E4B8
:101A90008FE390E00F94690E6FEF81E390E00F9475
:101AA000690E64E680E490E00F94690E60E081E4E2
:101AB00090E00F94690E61E08EE290E00F94690E61
:101AC00069E08BE190E00F94690E61E38EE390E0B2
:101AD0000F94690E64E284E190E00F94690E6FE167
:101AE0008CE190E00F94690E60E18DE290E00F943C
:101AF000690E60E086E190E00F94690E65EB72EB91
:101B00008CE69CE00E9452F581E0809399068FC09C
:101B10004115510530E863073FEF730731F4009733
:101B2000A048BF4F09F089CDB0CD84179507A6070F
:101B3000B70709F082CD49855A856B857C85841766
:101B40009507A607B70709F078CD4D855E856F85A7
:101B5000788984179507A607B70709F06ECD4989DC
:101B60005A896B897C8984179507A607B70709F0FE
:101B700064CD4D895E896F89788D84179507A60796
:101B8000B70709F05ACD498D5A8D6B8D7C8D84171E
:101B90009507A607B70709F050CD4D8D5E8D6F8D67
:101BA00078A184179507A607B70709F046CD49A184
:101BB0005AA16BA17CA184179507A607B70709F066
:101BC0003CCD4DA15EA16FA178A584179507A6070E
:101BD000B70709F032CD61E97CEA59CD68EA7BEAC2
:101BE0008CE69CE00E9452F581E056CD69E873EBEB
:101BF0008CE69CE00E9452F580E592E6ABE1B5E40C
:101C00008093870F9093880FA093890FB0938A0FCA
:101C100082E080939806D6CD61ED72EB8CE69CE075
:101C20000E9452F581E080937F07109299060E94EE
:101C3000FADA80938D0682E591E00E94B2C980E9CC
:101C40000E949DC980E80E949DC981E00E949DC9B3
:101C5000F12C803941F0F394F5E6FF1621F080E095
:101C60000E949DC9F6CF80E00E949DC9E82E6EE2D9
:101C70007EEA8CE69CE00E94F3FF8E2D0F947300A9
:101C80000E9485C923E62F1508F4BDC133E0E31295
:101C9000BAC16BEF7DEA8CE69CE00E94F3FF83E023
:101CA0000F94730081E08093910680934702109215
:101CB000460280938C068091490290914A020297D5
:101CC000E8F482E090E090934A028093490282E334
:101CD00090E090934E0280934D0280914602909145
:101CE0004702992309F4BFC18111C0C181E090E08E
:101CF0009093500280934F020E9483D880914902B2
:101D000090914A02039750F483E090E090934A0246
:101D1000809349021092F8030E9483D8809149026F
:101D200090914A02049700F584E090E090934A0273
:101D3000809349021092F9031092FA031092FB0368
:101D40001092FC031092FD031092FE031092FF0309
:101D500010920004109201041092020410920304E5
:101D6000109204040E9483D88091490290914A0203
:101D7000059770F485E090E090934A0280934902C1
:101D800080E5809305048EE1809306040E9483D849
:101D90008091490290914A02069750F486E090E0C3
:101DA00090934A0280934902109207040E9483D8BC
:101DB0008091490290914A020797A8F590914702B5
:101DC0008091460227E030E030934A022093490296
:101DD000992309F44EC181114FC182E390E09093A1
:101DE0004E0280934D021092500210924F0281E0F9
:101DF00090E0909352028093510210920804109246
:101E0000090410921B0410922D0480ED97E090932A
:101E10002F0480932E0484E08093300484E1809327
:101E200031040E9483D88091460290914702992301
:101E300009F42FC1811130C189E18093480280915A
:101E4000F703882309F42AC180934802809107048C
:101E5000811102C00E94DECA20E036E443E155E46D
:101E600060915302709154028091550290915602F4
:101E70000F941BAC811133C080915702909158028E
:101E8000A0915902B0915A0283379C44A740B105F2
:101E900031F580915B0290915C02A0915D02B0915E
:101EA0005E028E359D47AE40B105C9F420E030E0BA
:101EB00048E453E460915F02709160028091610296
:101EC000909162020F941BAC811109C065E472EB22
:101ED0008CE69CE00E9452F582E08093980668E8C8
:101EE0007EEA8CE69CE00E9452F560E08DE10F9462
:101EF0004F0A68EC70E080E090E00F94A5108091AC
:101F0000420E9091430E892B11F40F942A1261E036
:101F10008DE10F944F0A8091440E882309F4C5C0C7
:101F200066E57EEA8CE69CE00E9452F581E08093B3
:101F30009A06B0907F07BB2009F4BFC00E94F6AAA2
:101F400066EB71EB882309F4C9C066E371EB8CE69C
:101F50009CE00E9452F5B12C0E942669A82E88238D
:101F600031F06FED7FEA8CE69CE00E9452F560E074
:101F70008AE00E9474C6C0905702D0905802E09048
:101F80005902F0905A026C197D098E099F090F942D
:101F900022AC20915302309154024091550250914D
:101FA00056020F940EAE6B017C016DEC7FEA8CE65D
:101FB0009CE00E94F3FF42E050E0C701B6010F949D
:101FC0002E0320E030E0A901C701B6010F94B6AEA0
:101FD00018160CF088C02DEC3CEC4CEC5DE3C7010E
:101FE000B6010F941BAC18160CF487C064E87FEAA6
:101FF0008CE69CE00E94F3FF42E050E0C701B6018E
:102000000F942E03EDC00F949C0A7C018FEFE8160D
:10201000F80609F073C10F949C0A7C019FEFE91642
:10202000F90609F06BC10F949C0A7C01019609F036
:1020300065C168E87DEA8CE69CE00E94F3FF83E0DE
:102040000F94730066EA7DEA8CE69CE00E9452F5EC
:1020500082E0809391061092470281E080934602CD
:1020600010928C0628CE882309F446CE82E090E0B8
:102070003FCE882309F4C1CE82E390E090934E02D4
:1020800080934D0283E090E09093500280934F0242
:10209000AECE882309F4D3CE84E6CFCE8091480219
:1020A0008093F7030E9483D8D1CE6DE67EEA8CE65A
:1020B0009CE00E9452F582E03ACF0F94CF0F0F942C
:1020C000C80F6AE470EB873049F464EC70EB8CE67F
:1020D0009CE00E9452F5BB24B3943ECF8CE69CE07A
:1020E0000E9452F539CF2DEC3CEC4CEC5DEBC70176
:1020F000B6010F94B6AE87FF79CFBB2009F470C04C
:10210000A1106EC020E030E0A901C701B6010F9414
:10211000B6AE181624F52DEC3CEC4CEC5DE3C70193
:10212000B6010F94B6AE18160CF441C020E030E0B2
:1021300040EA50E4C701B6010F94B6AE18160CF48D
:10214000C4C020E030E040EF51E4C701B6010F9475
:10215000B6AE18160CF044C06CEA7EEA49CF2DECFE
:102160003CEC4CEC5DEBC701B6010F941BAC87FD5A
:10217000A1C020E030E040EA50ECC701B6010F9466
:102180001BAC87FDAFC020E030E0A901C701B6015C
:102190000F94B6AE1816ACF220E030E040EF51ECF0
:1021A000C701B6010F941BAC87FF1AC0D5CF20E042
:1021B00030E040EA50E4C701B6010F941BAC18169A
:1021C0000CF4B4CF62E47FEA8CE69CE00E94F3FF5B
:1021D00042E050E0C701B6010F942E030E9491FD2A
:1021E0000E940D670E94BAB380910904882329F1E7
:1021F0002AE0E22E24E0F22ED7018D917D0180317C
:1022000028F460E381E190E10E947BF240E1F70174
:1022100031976081812F902F0E9483F3612F702F5F
:1022200081E190E10E9499F2812F902F0E947BF32F
:10223000BBE1EB16B4E0FB06F9F680911B048823A2
:1022400039F18CE1E82E84E0F82E9DE2C92E94E06D
:10225000D92EF70181917F01803128F460E38BE072
:1022600090E10E947BF240E1F70131976081812F7C
:10227000902F0E9483F3612F702F8BE090E10E94DA
:1022800099F2812F902F0E947BF3CE14DF0409F77F
:1022900060E272EB8CE69CE00E9452F58FEA87BD0B
:1022A00080916E00826080936E000E94CD730E94C8
:1022B00075EAFBCF20E030E040EA50ECC701B60100
:1022C0000F94B6AE87FD55CF7DCF20E030E040EFD4
:1022D00051E4C701B6010F941BAC87FF32CF69EF01
:1022E0007EEA72CF20E030E040EF51ECC701B6014A
:1022F0000F94B6AE18160CF046CFF1CF67E77DEA23
:102300008CE69CE00E94F3FFC7010F9464016CE52A
:102310007DEA8CE69CE00E94F3FF8FEF9FE08E1930
:102320009F090F9464016AEE7DEA8CE69CE00E94AE
:1023300052F581E08ECE0F931F93CF93DF93CDB7ED
:10234000DEB761970FB6F894DEBF0FBECDBF8C012C
:10235000CB01F8011182108213821282158214823D
:102360004AE0BE016F5F7F4F0F9427A8BE016F5FE9
:102370007F4FC8010E945AF361960FB6F894DEBFF2
:102380000FBECDBFDF91CF911F910F910895CF92D6
:10239000DF92EF92FF920F931F93CF93DF93CDB70E
:1023A000DEB7A4970FB6F894DEBF0FBECDBF84E8AA
:1023B000E82E87E0F82E8E010F5F1F4F6801F701AE
:1023C00084E0E80EF11C20813181428153816481D7
:1023D0007581868197810F94A1ADF6016193719308
:1023E000819391936F01F8EAEF16F7E0FF0639F752
:1023F000780184E2E80EF11C60E070E0CB01F801A6
:1024000021913191419151918F010F94A2ADE0162C
:10241000F106A9F720E030E040E151E40F940EAE60
:10242000A4960FB6F894DEBF0FBECDBFDF91CF915B
:102430001F910F91FF90EF90DF90CF900895FC01D6
:10244000613D87E0780710F060ED77E0CB0124E094
:10245000880F991F2A95E1F760ED77E00F94D1AFCF
:10246000611101C061E080818F7020E1261B90E145
:10247000299F90011124822B808363E0CF010D946A
:102480008157CF92DF92EF92FF92CF93DF93EC01CF
:1024900020E030E0A9016C897D898E899F890F94A5
:1024A0001BAC8823C1F0C88CD98CEA8CFB8C20E053
:1024B00030E0A901C701B6010F941BAC87FD12C023
:1024C0001CA21DA21EA21FA2C12CD12C7601CC8A57
:1024D000DD8AEE8AFF8ADF91CF91FF90EF90DF9047
:1024E000CF900895F7FAF094F7F8F094A7019601C9
:1024F00060E074E284E799E40F940EAE9F770F9446
:1025000087AE6CA37DA38EA39FA381E08A83DFCFD8
:1025100090917B00977F90937B008653806480939B
:102520007C0080917A00806480937A0080917A00A8
:1025300086FDFCCF80917800909179000895CF922C
:10254000DF92EF92FF920F931F93CF93DF9310923E
:10255000BD0F1092BE0F1092BF0F1092C00F0F94BC
:1025600090020F94510220E030E04FE753E460E026
:1025700070E08FE793EC0E9467FF67EE72EC8CE6E9
:102580009CE00E94F3FF80911E0890911F080F9419
:1025900056000E944EC760E08CE00F944F0AD12C89
:1025A000C12CD0E0C0E061E070E080E090E00F94EA
:1025B000A51060911E0870911F08072E000C880B53
:1025C000990B0F9422AC6093C50F7093C60F809344
:1025D000C70F9093C80F6091BD0F7091BE0F80918F
:1025E000BF0F9091C00F2091C50F3091C60F409141
:1025F000C70F5091C80F0F94A1AD20E030E0A901A2
:102600000F94B6AE18160CF075C06091BD0F7091A6
:10261000BE0F8091BF0F9091C00F2091C50F3091D8
:10262000C60F4091C70F5091C80F0F94A1ADC114B0
:10263000D10461F420E030E048EC51E40F941BAC8D
:1026400087FF04C06E0188E2C80ED11C6091C50FDF
:102650007091C60F8091C70F9091C80F8091C50FE0
:102660009091C60FA091C70FB091C80F6091BD0F98
:102670007091BE0F8091BF0F9091C00F8091BD0FE0
:102680009091BE0FA091BF0FB091C00F1DECE12E35
:102690001CECF12E0CEC1DE320E030E048E452E4A9
:1026A00060E070E080E291E40F9475010E9460C7E1
:1026B000C114D10419F0CC16DD0634F02196C83EC1
:1026C00083E0D80709F06FCF0E9457C76BEC72EC1C
:1026D0008CE69CE00E94F3FF80911E0890911F08F9
:1026E000DF91CF911F910F91FF90EF90DF90CF90EE
:1026F0000D9456006091BD0F7091BE0F8091BF0F79
:102700009091C00F2091C50F3091C60F4091C70F17
:102710005091C80F0F94A1AD905889CF3F924F921E
:102720005F926F927F928F929F92AF92BF92CF9261
:10273000DF92EF92FF920F931F93CF93DF93CDB76A
:10274000DEB762970FB6F894DEBF0FBECDBF6B0148
:102750007C016CE378EB8CE69CE00E9452F56EE223
:1027600078EB8CE69CE00E94F3FF42E050E0C7016A
:10277000B6010F942E0360E278EB8CE69CE00E9499
:10278000F3FF8BEE9DE00F94F10267E178EBCE0151
:1027900001960E94ADF3BE016F5F7F4F8BEE9DE00F
:1027A0000E9421F2182FCE0101960E947BF3112383
:1027B00079F020E045E650E0C701B6010F94AF691B
:1027C00020E046E650E0C701B6010F94AF6970C043
:1027D00060E178EBCE0101960E94ADF3BE016F5F20
:1027E0007F4F8BEE9DE00E9421F211E081110AC023
:1027F00060EA74E08BEE9DE00E940CF211E0811122
:1028000001C010E0CE0101960E947BF3112309F470
:1028100092C060EA74E081E190E10E94ECDA8823E2
:1028200019F161EA74E081E190E10E94ECDA882319
:10283000D9F06AE078EBCE0101960E94ADF3BE01BB
:102840006F5F7F4F81E190E10E94F3DA182FCE0194
:1028500001960E947BF3112339F020E045E650E019
:10286000C701B6010F94AF6960EA74E08BE090E1B4
:102870000E94ECDA8823E1F061EA74E08BE090E1F9
:102880000E94ECDA8823A1F064E078EBCE01019697
:102890000E94ADF3BE016F5F7F4F8BE090E10E941D
:1028A000F3DA182FCE0101960E947BF3111188CF25
:1028B00020E049EC50E0C701B6010F94AF6947E151
:1028C000A42E40E1B42E88248394912C3324339495
:1028D00065ED77EBCE0101960E94ADF3BE016F5F0F
:1028E0007F4F8BEE9DE00E9421F211E0811115C017
:1028F00065EC77EBCE0107960E94ADF3BE01695FF0
:102900007F4F8BEE9DE00E9421F211E0811101C00A
:1029100010E0CE0107960E947BF3CE0101960E9443
:102920007BF3112309F4DDC0B701A601C4010F94A4
:10293000921F182F2EC16DEF77EBCE0101960E94EA
:10294000ADF3BE016F5F7F4F8BEE9DE00E9421F2E1
:10295000082FCE0101960E947BF3002309F458C092
:1029600060EA74E081E190E10E94ECDA882349F1A9
:1029700061EA74E081E190E10E94ECDA882309F1D8
:1029800067EF77EBCE0101960E94ADF3BE016F5F5A
:102990007F4F81E190E10E94F3DA00E0882321F08B
:1029A0000091FE0381E00827CE0101960E947BF38F
:1029B000002339F020E045E650E0C701B6010F944E
:1029C000AF6960EA74E08BE090E10E94ECDA882362
:1029D00009F46ECF61EA74E08BE090E10E94ECDADA
:1029E000882309F465CF61EF77EBCE0101960E9451
:1029F000ADF3BE016F5F7F4F8BE090E10E94F3DA91
:102A0000882309F44FCF1091040481E018274ACF9E
:102A10006AEE77EBCE0101960E94ADF3BE016F5FC7
:102A20007F4F8BEE9DE00E9421F2082FCE01019690
:102A30000E947BF3002309F442CF60EA74E081E155
:102A400090E10E94ECDA882339F161EA74E081E1D7
:102A500090E10E94ECDA8823F9F064EE77EBCE0186
:102A600001960E94ADF3BE016F5F7F4F81E190E15F
:102A70000E94F3DA0091FE03811101C000E0CE0153
:102A800001960E947BF3002339F020E045E650E0F8
:102A9000C701B6010F94AF6960EA74E08BE090E182
:102AA0000E94ECDA882309F403CF61EA74E08BE03A
:102AB00090E10E94ECDA882309F4FACE6EED77EB10
:102AC000CE0101960E94ADF3BE016F5F7F4F8BE098
:102AD00090E10E94F3DA882309F4E4CE1091040413
:102AE000E1CE6EEB77EBCE0101960E94ADF3BE0115
:102AF0006F5F7F4F8BEE9DE00E9421F2811146C0F7
:102B000060EA74E08BEE9DE00E940CF281113EC001
:102B100066EB77EBCE0107960E94ADF3BE01695FCD
:102B20007F4F8BEE9DE00E9421F201E0811101C0F8
:102B300000E0CE0107960E947BF3CE0101960E9431
:102B40007BF3002309F4A0C160EA74E0C5010E9490
:102B5000ECDA8823E9F061EA74E0C5010E94ECDA5E
:102B60008823B1F060EB77EBCE0101960E94ADF3C4
:102B7000BE016F5F7F4FC5010E94F3DA182FCE01AF
:102B800001960E947BF31111CFCED2C101E0D5CFC7
:102B9000102F66EC74EB8FE09BE00E94F3FFB40112
:102BA000092C000C880B990B0F9422AC20E030E02C
:102BB00048EC52E40F9481AC20E030E048E452E469
:102BC0000F940EAE2B013C0122E030E0BC01A201CB
:102BD0008FE09BE00E9464F563EC74EB8FE09BE078
:102BE0000E94F3FF6DEA74EB8CE69CE00E94F3FF19
:102BF00022E030E0B301A2018CE69CE00E9464F583
:102C00006AEA74EB8CE69CE00E9452F50E94A26C8A
:102C10000F943218882309F4C3C181E080936307BD
:102C20000E9415AB63E677EB8CE69CE00E94F3FF15
:102C300080916107909162070F94560033ECE32E68
:102C400033E0F32E670110E000E0F60181916F019F
:102C50000F5F1F4F8823D1F06DE577EB8CE69CE08A
:102C60000E94F3FFB8018CE69CE00F94500069E5E8
:102C700077EB8CE69CE00E94F3FFF801EE0FFF1F5C
:102C8000E75BFD4F828D938D0F9456000233110543
:102C9000E1F668E277EB8CE69CE00E94F3FF80911E
:102CA0006107909162079801281B390BC9010F94A5
:102CB000560093ECC92E93E0D92E10E000E0F60107
:102CC00081916F010F5F1F4F81111AC062E277EB94
:102CD0008CE69CE00E94F3FFB8018CE69CE00F9428
:102CE00050006EE177EB8CE69CE00E94F3FFF80168
:102CF000EE0FFF1FE75BFD4F828D938D0F94560003
:102D000002331105E1F661EE76EB8CE69CE00E9461
:102D1000F3FF40915D0750915E0760915F077091EE
:102D200060078CE69CE00F941E0066ED76EB8CE667
:102D30009CE00E94F3FF60916107709162078CE64E
:102D40009CE00F94500062EC76EB8CE69CE00E94D5
:102D5000F3FF82E390E00F94560062EB76EBCE0136
:102D600001960E94ADF3BE016F5F7F4F8BEE9DE039
:102D70000E9421F211E0811129C06AEA76EBCE01AE
:102D800007960E94ADF3BE01695F7F4F8BEE9DE019
:102D90000E9421F211E0811115C06CE976EBCE01A1
:102DA0000D960E94ADF3BE01635F7F4F8BEE9DE0F9
:102DB0000E9421F211E0811101C010E0CE010D96B8
:102DC0000E947BF3CE0107960E947BF3CE01019611
:102DD0000E947BF36BE676EB111102C06AE376EB9F
:102DE0008CE69CE00E94F3FF80915D0790915E0766
:102DF000A0915F07B0916007893AF1E09F07A105B4
:102E0000B1050CF420C1111117C18D3B22E09207CE
:102E1000A105B1050CF017C120915B0730915C074B
:102E20002233310509F0CBC06FE276EB8CE69CE0F3
:102E30000E9452F560E176EB8FE09BE00E94F3FF89
:102E400061EF75EB8CE69CE00E9452F56CED74EB43
:102E50008CE69CE00E9452F562960FB6F894DEBFB5
:102E60000FBECDBFDF91CF911F910F91FF90EF90DB
:102E7000DF90CF90BF90AF909F908F907F906F909A
:102E80005F904F903F90089569EA77EBCE010196ED
:102E90000E94ADF3BE016F5F7F4F8BEE9DE00E94FD
:102EA00021F211E0811115C06BE977EBCE01079695
:102EB0000E94ADF3BE01695F7F4F8BEE9DE00E94E3
:102EC00021F211E0811101C010E0CE0107960E94AD
:102ED0007BF3CE0101960E947BF3112359F160EA46
:102EE00074E0C5010E94ECDA882309F452CE61EA4D
:102EF00074E0C5010E94ECDA882309F44ACE65E942
:102F000077EBCE0101960E94ADF3BE016F5F7F4F5C
:102F1000C5010E94F3DA882329F0F401EE53FC4F37
:102F200000810325CE0101960E947BF30111FCCCA8
:102F300011E02FCE6EE877EBCE0101960E94ADF343
:102F4000BE016F5F7F4F8BEE9DE00E9421F2082F44
:102F5000CE0101960E947BF3002351F360EA74E0F6
:102F6000C5010E94ECDA882319F361EA74E0C50117
:102F70000E94ECDA8823E1F268E877EBCE01019653
:102F80000E94ADF3BE016F5F7F4FC5010E94F3DA6F
:102F9000882309F4F4CDF401EE53FC4F1081EFCDFA
:102FA000112309F43DCE2FEF821A920A36E0A30EC8
:102FB000B11C83E38816910409F08ACC31CE43EA30
:102FC00052E060E070E0111104C04CEB52E060E0B0
:102FD00070E0481759076A077B07ACF165E875EBA5
:102FE0008CE69CE00E9452F501E010E080E0F701E1
:102FF00091917F0191110EC0882331F063E875EB48
:103000008CE69CE00E94F3FFB8018CE69CE00F94F4
:10301000500081E00F5F1F4F0333110541F78CE62D
:103020009CE00E944EF564E675EB8FE09BE00E9409
:10303000F3FF65E475EB06CF843AF2E09F07A10544
:10304000B1050CF4E9CE6AE375EB8CE69CE00E94D6
:1030500052F56BE175EB8FE09BE00E94F3FF6CEFA4
:1030600074EBF0CE8F929F92AF92BF92CF92DF928D
:10307000EF92FF920F931F93CF93DF93CDB7DEB7FD
:10308000AE970FB6F894DEBF0FBECDBF6C016CE7F4
:1030900070ECCE0101960E94ADF3BE016F5F7F4FD1
:1030A00081EF9DE00E9421F2182FCE0101960E942F
:1030B0007BF3F12CE12C812C912C5401112309F488
:1030C0000DC560EA74E0CE0189960E94BFF36BE6FD
:1030D00070ECCE0189960E9414F360E08AE00E94B1
:1030E00074C60091570210915802209159023091F4
:1030F0005A02601B710B820B930B0F9422AC209130
:1031000053023091540240915502509156020F944F
:103110000EAE6B017C011CA21BA21EA21DA218A652
:103120001FA28E010F5F1F4F22E044E00F9466A69E
:10313000009709F4AEC4BC01CE0183960E945AF3F5
:10314000BE016D5D7F4FCE0101960E94B6F36BEA22
:1031500074E0CE0101960E94EBF2BC01CE0189968B
:103160000E9499F2CE0101960E947BF3CE018396D4
:103170000E947BF380917F07882309F491C40E9409
:10318000F6AA81118BC484E680937E074AE06091A1
:103190007E07CE0183960E9483F3BE016D5D7F4F53
:1031A000CE0101960E94B6F36BEA74E0CE0101965F
:1031B0000E94EBF2BC01CE0189960E9499F2CE01E9
:1031C00001960E947BF3CE0183960E947BF310E070
:1031D0000E9473C9682F70E0CE0183960F9402039A
:1031E000BE016D5D7F4FCE0101960E94B6F36BEA82
:1031F00074E0CE0101960E94EBF2BC01CE018996EB
:103200000E9499F2CE0101960E947BF3CE01839633
:103210000E947BF30E946AC9682F70E0CE018396FA
:103220000F940203BE016D5D7F4FCE0101960E9497
:10323000B6F36BEA74E0CE0101960E94EBF2BC019A
:10324000CE0189960E9499F2CE0101960E947BF3ED
:10325000CE0183960E947BF360911E0870911F0837
:10326000CE0183960F940203BE016D5D7F4FCE01A8
:1032700001960E94B6F36BEA74E0CE0101960E94BB
:10328000EBF2BC01CE0189960E9499F2CE01019623
:103290000E947BF3CE0183960E947BF30E947CC93F
:1032A000682F70E0CE0183960F940203BE016D5D1E
:1032B0007F4FCE0101960E94B6F36BEA74E0CE0117
:1032C00001960E94EBF2BC01CE0189960E9499F210
:1032D000CE0101960E947BF3CE0183960E947BF380
:1032E00060917A0770917B0780917C0790917D07B0
:1032F0001CA21BA21EA21DA218A61FA22AE0AE019C
:103300004F5F5F4F0F94D6A7BE016F5F7F4FCE0117
:1033100083960E945AF3BE016D5D7F4FCE010196E8
:103320000E94B6F36BEA74E0CE0101960E94EBF2C4
:10333000BC01CE0189960E9499F2CE0101960E94AD
:103340007BF3CE0183960E947BF380914702882312
:1033500011F181E00E9467CABC01CE0183960F94EF
:103360009B91BE016D5D7F4FCE0101960E94B6F329
:103370006BEA74E0CE0101960E94EBF2BC01CE0133
:1033800089960E9499F2CE0101960E947BF3CE01AC
:1033900083960E947BF380914602882311F181E09D
:1033A0000E94D7C8BC01CE0183960F949B91BE01A9
:1033B0006D5D7F4FCE0101960E94B6F36BEA74E01B
:1033C000CE0101960E94EBF2BC01CE0189960E94CB
:1033D00099F2CE0101960E947BF3CE0183960E9462
:1033E0007BF36091810770E0CE0183960F94020316
:1033F000BE016D5D7F4FCE0101960E94B6F36BEA70
:1034000074E0CE0101960E94EBF2BC01CE018996D8
:103410000E9499F2CE0101960E947BF3CE01839621
:103420000E947BF389E20F94260ABC01CE018396A9
:103430000F940203BE016D5D7F4FCE0101960E9485
:10344000B6F36BEA74E0CE0101960E94EBF2BC0188
:10345000CE0189960E9499F2CE0101960E947BF3DB
:10346000CE0183960E947BF30E940CAB682F70E024
:10347000CE0183960F940203BE016D5D7F4FCE0196
:1034800001960E94B6F36BEA74E0CE0101960E94A9
:10349000EBF2BC01CE0189960E9499F2CE01019611
:1034A0000E947BF3CE0183960E947BF38091680794
:1034B00090916907892B09F1809167078823E9F0CA
:1034C0008DE6A82E87E0B82EF50161915F01662395
:1034D00079F0CE0101960F948B68BE016F5F7F4F2C
:1034E000CE0189960E9499F2CE0101960E947BF34B
:1034F000F7E7AF16F7E0BF0639F76BEA74E0CE01E5
:1035000089960E948FF26091660770E0CE018396E3
:103510000F940203BE016D5D7F4FCE0101960E94A4
:10352000B6F36BEA74E0CE0101960E94EBF2BC01A7
:10353000CE0189960E9499F2CE0101960E947BF3FA
:10354000CE0183960E947BF36091650770E0CE0107
:1035500083960F940203BE016D5D7F4FCE010196ED
:103560000E94B6F36BEA74E0CE0101960E94EBF282
:10357000BC01CE0189960E9499F2CE0101960E946B
:103580007BF3CE0183960E947BF30E94FFAA682FF3
:1035900070E0CE0183960F940203BE016D5D7F4FF4
:1035A000CE0101960E94B6F36BEA74E0CE0101965B
:1035B0000E94EBF2BC01CE0189960E9499F2CE01E5
:1035C00001960E947BF3CE0183960E947BF360916B
:1035D000640770E0CE0183960F940203BE016D5D17
:1035E0007F4FCE0101960E94B6F36BEA74E0CE01E4
:1035F00001960E94EBF2BC01CE0189960E9499F2DD
:10360000CE0101960E947BF3CE0183960E947BF34C
:1036100087E00F94260ABC01CE0183960F94020323
:10362000BE016D5D7F4FCE0101960E94B6F36BEA3D
:1036300074E0CE0101960E94EBF2BC01CE018996A6
:103640000E9499F2CE0101960E947BF3CE018396EF
:103650000E947BF380E20F94260ABC01CE01839680
:103660000F940203BE016D5D7F4FCE0101960E9453
:10367000B6F36BEA74E0CE0101960E94EBF2BC0156
:10368000CE0189960E9499F2CE0101960E947BF3A9
:10369000CE0183960E947BF38FE10F94260ABC0132
:1036A000CE0183960F940203BE016D5D7F4FCE0164
:1036B00001960E94B6F36BEA74E0CE0101960E9477
:1036C000EBF2BC01CE0189960E9499F2CE010196DF
:1036D0000E947BF3CE0183960E947BF385E40F94D6
:1036E000260ABC01CE0183960F940203BE016D5DD4
:1036F0007F4FCE0101960E94B6F36BEA74E0CE01D3
:1037000001960E94EBF2BC01CE0189960E9499F2CB
:10371000CE0101960E947BF3CE0183960E947BF33B
:103720006CEB74E0CE0189960E948FF2BE01675D5A
:103730007F4F8FE09BE00E9468F567E570EC8CE6B8
:103740009CE00E94F3FF22E030E0B701A6018CE686
:103750009CE00E9464F58CE69CE00E944EF51111FD
:10376000B0C16DE470EC8CE69CE00E94F3FF8091A8
:103770007E070F946A008CE69CE00E944EF56FE293
:1037800070EC8CE69CE00E94F3FF0E9473C9682FE6
:1037900070E08CE69CE00F9450008CE69CE00E9468
:1037A0004EF56EE170EC8CE69CE00E94F3FF0E9407
:1037B0006AC9682F70E08CE69CE00F9450008CE69C
:1037C0009CE00E944EF56DE070EC8CE69CE00E945F
:1037D000F3FF60911E0870911F088CE69CE00F9427
:1037E00050008CE69CE00E944EF56FEF7FEB8CE67C
:1037F0009CE00E94F3FF0E947CC9682F70E08CE679
:103800009CE00F9450008CE69CE00E944EF567EE21
:103810007FEB8CE69CE00E94F3FF40917A07509189
:103820007B0760917C0770917D078CE69CE00F948C
:103830001E008CE69CE00E944EF580914702882392
:1038400091F060ED7FEB8CE69CE00E94F3FF81E05D
:103850000E9467CABC018CE69CE00F945E018CE676
:103860009CE00E944EF580914602882391F069EB1E
:103870007FEB8CE69CE00E94F3FF81E00E94D7C8BA
:10388000BC018CE69CE00F945E018CE69CE00E94FB
:103890004EF569EA7FEB8CE69CE00E94F3FF6091B5
:1038A000810770E08CE69CE00F9450008CE69CE071
:1038B0000E944EF56FE87FEB8CE69CE00E94F3FFE0
:1038C00089E20F94260ABC018CE69CE00F9450001C
:1038D0008CE69CE00E944EF560E87FEB8CE69CE075
:1038E0000E94F3FF0E940CAB682F70E08CE69CE016
:1038F0000F9450008CE69CE00E944EF560E77FEB51
:103900008CE69CE00E94F3FF809168079091690724
:10391000892B99F080916707882379F00DE617E0ED
:10392000F80161918F01662321F08CE69CE00E94F2
:1039300008EAF7E007371F0799F78CE69CE00E943A
:103940004EF562E67FEB8CE69CE00E94F3FF60910F
:10395000660770E08CE69CE00F9450008CE69CE0DB
:103960000E944EF563E57FEB8CE69CE00E94F3FF3E
:103970006091650770E08CE69CE00F9450008CE647
:103980009CE00E944EF561E47FEB8CE69CE00E9497
:10399000F3FF0E94FFAA682F70E08CE69CE00F9472
:1039A00050008CE69CE00E944EF563E37FEB8CE6D2
:1039B0009CE00E94F3FF6091640770E08CE69CE05D
:1039C0000F9450008CE69CE00E944EF56BE17FEB7B
:1039D0008CE69CE00E94F3FF87E00F94260ABC016E
:1039E0008CE69CE00F9450008CE69CE00E944EF523
:1039F0006BE07FEB8CE69CE00E94F3FF80E20F948B
:103A0000260ABC018CE69CE00F9450008CE69CE0FA
:103A10000E944EF56CEF7EEB8CE69CE00E94F3FF7B
:103A20008FE10F94260ABC018CE69CE00F945000B5
:103A30008CE69CE00E944EF56DEE7EEB8CE69CE001
:103A40000E94F3FF85E40F94260ABC018CE69CE0FB
:103A50000F9450008CE69CE00E944EF5CE018996B2
:103A60000F94F102CE0189960E947BF3AE960FB6B9
:103A7000F894DEBF0FBECDBFDF91CF911F910F91A4
:103A8000FF90EF90DF90CF90BF90AF909F908F907E
:103A90000895CE0183960E94D9F252CB81E074CB77
:103AA0000F94CF0F80937E070F94C80F182F882391
:103AB00009F46CCB67E670ECCE0189960E9451F256
:103AC00087CB63E470EC8CE69CE00E94F3FF60E43B
:103AD00070EC8CE69CE00E94F3FF4DCEEC14FD04EC
:103AE0000CF0A5C4E114F104D1F067EE7EEBCE0139
:103AF00001960E94ADF3BE016F5F7F4F81EF9DE0A5
:103B00000E94F3DA182FCE0101960E947BF3112355
:103B100031F064EF71E080E090E00F94A51061EE69
:103B20007EEBCE0101960E94ADF3BE016F5F7F4F29
:103B300081EF9DE00E9421F2182FCE0101960E9494
:103B40007BF3112309F4BBC0E114F10409F0A1C017
:103B50008091570290915802A0915902B0915A0257
:103B60008093830F9093840FA093850FB093860F5B
:103B70006BEC7EEB8CE69CE00E94F3FF60915302BD
:103B800070915402809155029091560242E050E0AB
:103B90000F942E0360EB7EEB8CE69CE00E94F3FF1B
:103BA00060915702709158028091590290915A0287
:103BB0000F94A30965E97EEB8CE69CE00E94F3FF7D
:103BC00060915B0270915C0280915D0290915E0257
:103BD0000F94A3096CE77EEB8CE69CE00E94F3FF58
:103BE00061E084E10E9474C60F94A3096BE57EEB4B
:103BF0008CE69CE00E94F3FF84E10F94801000911A
:103C0000830F1091840F2091850F3091860F601BD8
:103C1000710B820B930B0F9422AC42E050E00F9497
:103C20002E0369E37EEB8CE69CE00E94F3FF61E0EB
:103C300084E10E9474C600915702109158022091AD
:103C4000590230915A02601B710B820B930B0F9437
:103C5000A30961E084E10E9474C6009157021091AB
:103C600058022091590230915A02601B710B820B4D
:103C7000930B0F9422AC2091530230915402409147
:103C80005502509156020F940EAE42E050E00F9450
:103C90002E0361E088E20E94A7C44B015C0168E248
:103CA0007EEB8CE69CE00E94F3FF43E050E0C50110
:103CB000B4010F942E038FEFE81AF80A0FCF63E2D6
:103CC0007EEBCE0101960E94ADF3BE016F5F7F4F88
:103CD00081EF9DE00E9421F2182FCE0101960E94F3
:103CE0007BF3112319F00E942669E5CF6EE17EEB8C
:103CF000CE0101960E94ADF3BE016F5F7F4F81EF51
:103D00009DE00E9421F2182FCE0101960E947BF3C4
:103D1000112301F167EF7DEB8CE69CE00E94F3FF3D
:103D200084E40F94260A0F94560065EE7DEB8CE632
:103D30009CE00E94F3FF8091810790E00F94560071
:103D400069EC7DEB8CE69CE00E94F3FF89E20F9426
:103D5000260A1DC063EC7DEBCE0101960E94ADF3F7
:103D6000BE016F5F7F4F81EF9DE00E9421F2182F0F
:103D7000CE0101960E947BF3112361F062EB7DEB93
:103D80008CE69CE00E94F3FF0E940CAB90E00F9445
:103D9000560091CF69EA7DEBCE0101960E94ADF30A
:103DA000BE016F5F7F4F81EF9DE00E9421F2182FCF
:103DB000CE0101960E947BF3112349F065E97DEB6A
:103DC0008CE69CE00E94F3FF0E94FFAADFCF6FE821
:103DD0007DEBCE0101960E94ADF3BE016F5F7F4F78
:103DE00081EF9DE00E9421F2182FCE0101960E94E2
:103DF0007BF3112309F485C16CE77DEB8CE69CE035
:103E00000E94F3FF8091F50390E00F94560080919B
:103E10007F078823A9F00E94F6AA81110FC084E6CB
:103E200080937E0764E77DEB8CE69CE00E94F3FFC5
:103E300080917E070F94730080E00AC081E0F0CF8C
:103E40000F94CF0F80937E070F94C80F882351F3F0
:103E50009FEF980F67E67DEB953000F16BE57DEB0A
:103E60008630E1F06CE47DEB8730C1F06DE37DEBF3
:103E70008830A1F06AE27DEB8B3081F064E17DEB6C
:103E80008C3061F06FEF7CEB8D3041F067EE7CEBB6
:103E90008E3021F08F3031F460ED7CEB8CE69CE0CD
:103EA0000E9452F580917F078823A9F00E94F6AA0C
:103EB00081110FC084E680937E0768EC7CEB8CE672
:103EC0009CE00E94F3FF80917E070F94730080E0D6
:103ED0000AC081E0F0CF0F94CF0F80937E070F943C
:103EE000C80F882351F39FEF980F6BEB7CEB953055
:103EF00000F16FEA7CEB8630E1F060EA7CEB873022
:103F0000C1F061E97CEB8830A1F06EE77CEB8B308F
:103F100081F068E67CEB8C3061F063E57CEB8D3002
:103F200041F06BE37CEB8E3021F08F3031F464E2B2
:103F30007CEB8CE69CE00E9452F580917F07882301
:103F4000A9F00E94F6AA81110FC084E680937E0733
:103F50006CE17CEB8CE69CE00E94F3FF80917E0795
:103F60000F94730080E00AC081E0F0CF0F94CF0F70
:103F700080937E070F94C80F882351F39FEF980F0B
:103F80006FE07CEB953000F163E07CEB8630E1F094
:103F900064EF7BEB8730C1F065EE7BEB8830A1F0FE
:103FA00062ED7BEB8B3081F06CEB7BEB8C3061F066
:103FB00067EA7BEB8D3041F06FE87BEB8E3021F0D0
:103FC0008F3031F468E77BEB8CE69CE00E9452F581
:103FD00080917F078823A9F00E94F6AA81110FC063
:103FE00084E680937E0760E77BEB8CE69CE00E9492
:103FF000F3FF80917E070F94730080E00AC081E098
:10400000F0CF0F94CF0F80937E070F94C80F8823B3
:1040100051F39FEF980F63E67BEB953000F167E576
:104020007BEB8630E1F068E47BEB8730C1F069E33D
:104030007BEB8830A1F066E27BEB8B3081F060E1B6
:104040007BEB8C3061F06BEF7AEB8D3041F063EEFF
:104050007AEB8E3021F08F3031F46CEC7AEB8CE619
:104060009CE00E9452F580917F078823A9F00E946E
:10407000F6AA81110FC084E680937E0764EC7AEB88
:104080008CE69CE00E94F3FF80917E070F94730002
:1040900080E00AC081E0F0CF0F94CF0F80937E07BD
:1040A0000F94C80F882351F39FEF980F67EB7AEBBB
:1040B000953000F16BEA7AEB8630E1F06CE97AEB4F
:1040C0008730C1F06DE87AEB8830A1F06AE77AEBCF
:1040D0008B3081F064E67AEB8C3061F06FE47AEB40
:1040E0008D3041F067E37AEB8E3021F08F3031F480
:1040F00060E27AEB8CE69CE00E9452F50E94CFC60B
:10410000DACD67E17AEBCE0101960E94ADF3BE01F4
:104110006F5F7F4F81EF9DE00E9421F2182FCE014B
:1041200001960E947BF3112309F466C080917F07FA
:10413000882311F10E94F6AA81111CC084E68093A5
:104140007E076EEF79EB8CE69CE00E94F3FF0E9405
:10415000F6AA682F70E08CE69CE00F9450006AEE9F
:1041600079EB8CE69CE00E94F3FF80917E070F9430
:104170007300A1CD81E0E3CF0F94CF0F80937E0732
:104180000F94C80F182F81110AC062EE79EB8CE6EC
:104190009CE00E94F3FF80917E070F9473008FEFE5
:1041A000810F65ED79EB853020F0163039F469EC3C
:1041B00079EB8CE69CE00E9452F57DCD6AEB79EBC1
:1041C0001730B9F36BEA79EB183099F368E979EBBA
:1041D0001B3079F362E879EB1C3059F36DE679EB2B
:1041E0001D3039F365E579EB1E3019F36EE379EB99
:1041F0001F3009F060CDDDCF67E379EBCE0101968A
:104200000E94ADF3BE016F5F7F4F81EF9DE00E9482
:1042100021F2182FCE0101960E947BF3112319F091
:104220000E943DE648CD6EE279EBCE0101960E94F8
:10423000ADF3BE016F5F7F4F81EF9DE00E9421F2E1
:10424000182FCE0101960E947BF3112391F00E945A
:10425000C1D580914702882319F080E00E9467CA87
:1042600080914602882309F426CD80E00E94D7C8B9
:1042700022CD65E279EBCE0101960E94ADF3BE013D
:104280006F5F7F4F81EF9DE00E9421F2182FCE01DA
:1042900001960E947BF3112341F10E9473C9182FEC
:1042A0000E946AC9082F62E179EB8CE69CE00E94CB
:1042B000F3FF60911E0870911F088CE69CE00F943C
:1042C00050006AEF78EB8CE69CE00E94F3FF612FD0
:1042D00070E08CE69CE00F94500062EE78EB8CE688
:1042E0009CE00E94F3FF802F51CD68ED78EBCE016A
:1042F00001960E94ADF3BE016F5F7F4F81EF9DE09D
:104300000E9421F2182FCE0101960E947BF3111119
:10431000D2CC60ED78EBCE0101960E94ADF3BE01E8
:104320006F5F7F4F81EF9DE00E9421F2182FCE0139
:1043300001960E947BF31123B1F00E945A7201E0B2
:1043400021E041E060E081E090E00E944BB521E097
:1043500041E060E08FE190E00E944BB50E9477BAA7
:104360000E9440B9A8CC64EC78EBCE0101960E9483
:10437000ADF3BE016F5F7F4F81EF9DE00E9421F2A0
:10438000182FCE0101960E947BF3112319F00E9491
:1043900077BA91CC67EB78EBCE0101960E94ADF332
:1043A000BE016F5F7F4F81EF9DE00E9421F2182FC9
:1043B000CE0101960E947BF31111D2CF62EB78EB14
:1043C000CE0101960E94ADF3BE016F5F7F4F81EF7A
:1043D0009DE00E9421F2182FCE0101960E947BF3EE
:1043E000112309F468CC60EA78EB8CE69CE00E942B
:1043F000F3FF80E20F94260ABC018CE69CE00F9448
:1044000050006EE878EB8CE69CE00E94F3FF8FE1B1
:104410000F94260ABC018CE69CE00F9450006CE7D8
:1044200078EB8CE69CE00E94F3FF85E490CC6CE690
:1044300078EB8FE09BE00E94F3FF22E030E0B501D3
:10444000A4018FE09BE00E9464F569E678EB8FE0C1
:104450009BE00E94F3FF69E578EB8CE69CE00E940C
:10446000F3FF22E030E0B501A4018CE69CE00E945D
:1044700064F566E578EB8CE69CE00E9452F5F6CA9E
:10448000CF93DF93EC018CE394E09983888381E000
:104490008B831C861D861E861F86188A198A1A8A97
:1044A0001B8A1C8A1D8A1E8A1F8A80E090E0A0E871
:1044B000BFE3888F998FAA8FBB8F1C8E1D8E1E8E97
:1044C0001F8E88A399A3AAA3BBA31CA21DA21EA2F0
:1044D0001FA221E030E03DA72CA72FEF2FA718A6A1
:1044E00019A61AA61BA66C834D8324E02E8325E013
:1044F0002F831CAA1DAA1EAA1FAA18AE19AE1AAE97
:104500001BAE1CAE1DAE1EAE1FAEFE01E05CFF4F2B
:1045100080839183A283B3831A82188619861A86B0
:104520001B86CE010E94DAEE40E050E060E87FE3B7
:10453000CE01DF91CF910C94BFF68F929F92AF92F4
:10454000BF92CF92DF92EF92FF920F931F93CF9380
:10455000DF93109258081092570888EE93E0A0E07D
:10456000B0E08093590890935A08A0935B08B093E9
:104570005C0825E634E0309356082093550845E35F
:1045800051E0509362084093610844E351E0509336
:1045900064084093630840E351E0509366084093F9
:1045A000650841E351E0509368084093670842E38F
:1045B00051E050936A084093690846E351E05093F4
:1045C0006C0840936B0810926E0810926F0810925E
:1045D0007008109271081092B5091092B409809376
:1045E000B6099093B709A093B809B093B90930936D
:1045F000B3092093B20945ED50E05093BF094093B1
:10460000BE0944ED50E05093C1094093C00940ED0C
:1046100050E05093C3094093C20941ED50E05093DC
:10462000C5094093C40942ED50E05093C709409337
:10463000C60946ED50E05093C9094093C80910924D
:10464000CB091092CC091092CD091092CE0910928C
:10465000120B1092110B8093130B9093140BA093D9
:10466000150BB093160B3093100B20930F0B4DECE2
:1046700050E050931C0B40931B0B4CEC50E05093BC
:104680001E0B40931D0B48EC50E05093200B4093C1
:104690001F0B49EC50E05093220B4093210B4AEC46
:1046A00050E05093240B4093230B4EEC50E050937A
:1046B000260B4093250B1092280B1092290B109279
:1046C0002A0B10922B0B10926F0C10926E0C809391
:1046D000700C9093710CA093720CB093730C309388
:1046E0006D0C20936C0C25EC30E03093790C20930A
:1046F000780C24EC30E030937B0C20937A0C20EC87
:1047000030E030937D0C20937C0C21EC30E0309332
:104710007F0C20937E0C22EC30E03093810C2093B0
:10472000800C26EC30E03093830C2093820C1092A6
:10473000850C1092860C1092870C1092880C1092A7
:10474000CC0D1092CB0D8093CD0D9093CE0DA093F8
:10475000CF0DB093D00D87E794E09093CA0D80936E
:10476000C90D109244111092431189E280934711B0
:10477000C7E1D0E103E411E160EA74E0CE010E94F8
:10478000BFF326960C171D07B9F760EA74E081E1C4
:1047900090E10E94BFF360EA74E08BE090E10E9438
:1047A000BFF360EA74E085E090E10E94BFF381EC22
:1047B0009FE09093E80F8093E70F85EC9FE0909344
:1047C000E60F8093E50F8DEB9FE09093EA0F8093C7
:1047D000E90F109203101092FB0F1092FC0F109231
:1047E000FD0F1092FE0F80E090E0AFE7B3E48093FE
:1047F000FF0F90930010A0930110B093021084E675
:1048000090E0A0E0B0E08093F70F9093F80FA093B2
:10481000F90FB093FA0F1092E20F1092E10F81E0BE
:1048200090E09093E40F8093E30F11E01093041055
:1048300080E090E0A0E2B1E48093C90F9093CA0FAA
:10484000A093CB0FB093CC0F40E050E068E472E44B
:104850004093CD0F5093CE0F6093CF0F7093D00F36
:104860004DEC5CEC6CEC7DE34093D10F5093D20F98
:104870006093D30F7093D40F8093D50F9093D60F7E
:10488000A093D70FB093D80F80E090E0A0EAB0E4F7
:104890008093D90F9093DA0FA093DB0FB093DC0FC6
:1048A000C12CD12C90E8E92E9FE3F92EC092DD0FA8
:1048B000D092DE0FE092DF0FF092E00F0F945413CE
:1048C0008090F70F9090F80FA090F90FB090FA0F2A
:1048D000681979098A099B096093EB0F7093EC0FB3
:1048E0008093ED0F9093EE0F63E675E087EB9FE00A
:1048F0000E94BFF36AE270E081EA9FE00F9413A682
:104900006BE270E08BE89FE00F9413A68BE994E0D4
:1049100090937F0F80937E0F1092830F1092840FDD
:104920001092850F1092860FC092870FD092880F39
:10493000E092890FF0928A0F82E580937B0F1093AB
:104940007C0F10927A0F1092790F1092780F1092BC
:10495000770F1092760F48E169E182E39FE00F94B0
:1049600040A24CE26DE28EEE9EE00F9440A226E55E
:10497000C22EC092EA0E1093EB0E1092ED0E109222
:10498000E30E3FE0D32ED092E40E46E0E42EE09218
:10499000E50E50E3F52EF092E60E08E00093E70EE8
:1049A000D3E0D093E80EC0E2C093E90E41E262E2A8
:1049B0008FE99EE00F9440A2C0929B0E10939C0E34
:1049C00010929E0E1092940ED092950EE092960E3A
:1049D000F092970E0093980ED093990EC0939A0E72
:1049E00042E064E080E59EE00F9440A2C0924C0E4D
:1049F00010934D0E10924F0E1092450ED092460E0F
:104A0000E092470EF092480E0093490ED0934A0E62
:104A1000C0934B0E8FE190E00F9427B0EC011B8206
:104A20001A8288EE93E0A0E0B0E08C839D83AE8391
:104A3000BF8389E894E0998388831F8A1E8A198E30
:104A4000188E1B8E1A8E1D8E1C8E8E8D8E7F8D7FE6
:104A50008E8F81FB662760F9612785E30F944F0AEB
:104A600061E085E30F94260CE2E1F4ECE491E88B3D
:104A7000ECECF3ECE491F0E0EE0FFF1FE358FC43A5
:104A8000859194919A8B898B60E08AE00F94260C33
:104A90008E8D81FD04C061E08AE00F944F0A8AE0A8
:104AA0008C87E7EEF3ECE491ED87E1EAF3ECE49137
:104AB000F0E0EE0FFF1FED59FC43859194919F8725
:104AC0008E87D0932E0EC0932D0E8DE991E09D8F91
:104AD0008C8F2DEB30E03F8B2E8B2BE931E0398F23
:104AE000288F2CE231E03B8F2A8F209168002160D3
:104AF000209368002BE630E03C8B2B8B20E12D8B44
:104B00000197F1F7E091D70DF091D80DCE17DF079F
:104B1000D1F0309739F0A389B4899C91858980952B
:104B200089238C938E8D8E7F8E8F1092D60D10924E
:104B3000D50DD093D80DC093D70DEB89FC8980811A
:104B40009D89892B80831092300E10922F0E109227
:104B5000310E1092320E1092410E1092430E1092AE
:104B6000420E1092440E60EA74E087E29EE00E94DA
:104B7000BFF360EA74E081E29EE00E94BFF360EA66
:104B800074E08BE19EE00E94BFF360EA74E085E18F
:104B90009EE00E94BFF360EA74E08FE09EE00E9416
:104BA000BFF360EA74E089E09EE00E94BFF360EA30
:104BB00074E083E09EE00E94BFF360EA74E08DEF52
:104BC0009DE00E94BFF360EA74E087EF9DE00E94E1
:104BD000BFF360EA74E081EF9DE00E94BFF360EAFA
:104BE00074E08BEE9DE00E94BFF360EA74E085EE16
:104BF0009DE00E94BFF360EA74E08FED9DE00E94AB
:104C0000BFF360EA74E089ED9DE0DF91CF911F91E1
:104C10000F91FF90EF90DF90CF90BF90AF909F905B
:104C20008F900C94BFF30F931F93CF93DF93EC01FE
:104C3000162F072F198218861F86188A198A1A8A32
:104C400083E08E8781E08B871C8692E09D87888336
:104C500080E290E09D838C830F9427B09A878987A8
:104C6000009779F120E2FC0111922A95E9F788E09A
:104C700090E09B838A831E830F838981882341F080
:104C800061E0812F0F94260C60E0812F0F944F0A72
:104C9000812F902FFC01E956FC43E491F0E0EE0FE8
:104CA000FF1FE358FC43259134913C8B2B8BFC0177
:104CB000E352FC43E491ED8BDF91CF911F910F9173
:104CC00008951D821C821B821A82D5CFEF920F930A
:104CD0001F93CF93DF93E80134E047FD34E1042EC6
:104CE000000C550B57FF03C0519541955109E32E18
:104CF000022F242FAE010F9441A8CE01DF91CF9156
:104D00001F910F91EF9008953F924F925F926F9293
:104D10007F928F929F92AF92BF92CF92DF92EF924B
:104D2000FF920F931F93CF93DF935C016B017A0186
:104D30006115710519F0FB0191838083E114F10481
:104D400049F0C7010297839728F060E070E0CB013B
:104D50009BC05E01E5012196F5011081812F90E055
:104D60000F94B2A7892BA9F71D3209F05CC02196D8
:104D7000F501118101E0E114F10409F4BBC0F0E197
:104D8000EF16F10409F09BC0103341F488818F7D48
:104D9000883509F08FC0198122960260E0E1EE2E7D
:104DA000F12C88248A94982CA82CFFE0BF2E20E0B8
:104DB00060E070E0CB0127010F2C000C660877083B
:104DC000FE0150ED352E310E39E0331568F43FEB1E
:104DD000310F49EC342E3A3130F03FE9310F3A319E
:104DE000B0F539EA332E310E3E141F0484F52F3FFF
:104DF000B9F086169706A806B90638F1A301920104
:104E00000F9455AD232D30E050E040E0620F731F4A
:104E1000841F951F6217730784079507B0F021E080
:104E200021961081CDCF1B3221F4E5012296F501A8
:104E3000118100E0A0CF78E0E72EF12C88248A943D
:104E4000982CA82C6FE1B62EB2CF2FEFE9CFC1146A
:104E5000D10431F0222351F12197F601D183C0838F
:104E600000FF07C090958095709561957F4F8F4F9B
:104E70009F4F2F3F49F482E290E09093541180932A
:104E800053116FEF7FEFCB01DF91CF911F910F9106
:104E9000FF90EF90DF90CF90BF90AF909F908F905A
:104EA0007F906F905F904F903F90089501FFD8CF13
:104EB0002297D3CF10E3E114F10409F4BCCF3AE018
:104EC000E316F104E9F080E1E816F10409F466CF95
:104ED000E8E0EE16F10409F4B1CF6FEF7FEFCB01FC
:104EE00097010F2C000C440B550B0F9465AD490135
:104EF0005A015DCF103309F449CF9AE0E92EF12C25
:104F000089E9882E982CA82C89E1B82E50CF6627E5
:104F100077270D94BAA91F93FC0199278827BC0114
:104F2000E89411911032E9F3193010F01E30C8F3F3
:104F30001B3251F01D3249F4689406C00F94E5A766
:104F4000610F711D811D911D119110531A30B0F325
:104F50003EF490958095709561957F4F8F4F9F4F50
:104F60001F91089591110D94F0AB803219F0895082
:104F70008550C8F70895FB01DC0105900D920020D3
:104F8000E1F70895FC0105900020E9F780959095E0
:104F90008E0F9F1F0895BB274A3031F4992322F4C6
:104FA000BDE2909581959F4F0D9428A8BB272A308C
:104FB00051F4992342F4BDE29095809570956195E6
:104FC0007F4F8F4F9F4F0D94FBA7592F482F372F9F
:104FD000262F660F771F881F991F660F771F881F60
:104FE000991F620F731F841F951F660F771F881FFD
:104FF000991F0895BB27FA01A62F62177105810535
:105000009105330B30FB66F0AA27660F771F881FC8
:10501000991FAA1FA21710F0A21B63953850A9F779
:10502000A05DAA3308F0A95DA19336F7B111B19341
:105030001082CA010D940BAC4532510520F4423068
:1050400010F00D9427A8FB011082CB010895BB2717
:10505000FB015527AA27880F991FAA1FA41710F034
:10506000A41B83955051B9F7A05DAA3308F0A95D40
:10507000A193009779F7B111B1931192CB010D94DF
:105080000BAC8F929F92AF92BF92CF92DF92EF9232
:10509000FF920F931F93CF93DF9300D000D000D0E7
:1050A000CDB7DEB76A01F22EB02E102FFBE3AF2E84
:1050B000A01608F41BE31F5F012F27E0AE014F5F2E
:1050C0005F4F0F9418ABBC018981982F9970913074
:1050D00009F44EC09BE2E1FC04C09E2D9170E0FCFF
:1050E00049C05E2D5071E82FE87083FF55C084E001
:1050F000911101C083E0EF2DE81B8F1508F0E0E06F
:10510000D6018E2F20E25523C9F1992329F0D6012B
:105110009C93C60101966C0196012D5F3F4FE2FE04
:1051200033C08EE4D6018C9391E411969C93119731
:1051300012968C93D9018E2F90E281112AC0E20F32
:10514000F32FF11D10828EEF9FEF29960FB6F89482
:10515000DEBF0FBECDBFDF91CF911F910F91FF90AA
:10516000EF90DF90CF90BF90AF909F908F90089579
:105170009DE2B7CF90E2B5CF2D9381508111FCCF46
:10518000CE0ED11CE0E0C1CF8EE6D6018C9391E625
:10519000CCCF9D938150D1CF482F447082FF3DC02A
:1051A00084E0911101C083E08F1510F4EF2DE81B0E
:1051B000D6018E2F20E2552309F1992329F0D6013B
:1051C0009C93C60101966C0196012D5F3F4FE2FE54
:1051D0001BC089E4D6018C938EE411968C931197B1
:1051E00086E412968C93D9018E2F90E2882309F4DD
:1051F000A6CF9D938150FACF2D9381508111FCCF82
:10520000CE0ED11CE0E0D9CF89E6D6018C938EE694
:1052100011968C93119786E6E4CF9B0177FF02C02D
:1052200030E020E0A1E0B0E0911102C0B0E0A0E0E9
:10523000F9013196AE0FBF1F8B2C912CBB2009F4C6
:1052400061C05401EFEFAE1ABE0AAA0DBB1DFA16DB
:105250001B0619F014F04F2D4A1B511188C0E3FCB6
:1052600059C07601A42FB0E2A1114FC0C40ED11CC9
:10527000992309F45BC040E0D6011196F6019083B2
:105280006D01552309F448C0012F060F9A81582F4C
:10529000507184FF03C0913309F4015010160CF0D3
:1052A00047C0093008F008E0EEE2FE2E5B01A01ACC
:1052B000B10885019194819491082F3F320729F418
:1052C000D601FC92F60131966F016217730794F1D3
:1052D000021713077CF5DB01A21BB30BAA24A394CE
:1052E000B12CAC0EBD1EAA0DBB1D11968C91215088
:1052F0003109D601119628153905F4F0F60180839D
:105300006D01DBCFB12CA12CA0CFF701B1937F01B0
:10531000A150AACF9111B0CFD601942F50E302C073
:105320005D9391509111FCCFC40ED11C40E0ACCFE5
:1053300001E0BACF80E3DBCF6217730731F4963315
:1053400088F4953311F4552369F0F6018083FD014B
:10535000842F90E2811108C0A40FB11D1C9290E02F
:1053600080E0F3CE81E3F1CF91938150F3CF91119F
:1053700083CF8ACF8F929F92AF92BF92CF92DF92CC
:10538000EF92FF920F931F93CF93DF935C017B010A
:105390006115710519F0DB018D939C9385010F5FF9
:1053A0001F4FF501D0818D2F90E00F94B2A76C01B3
:1053B000892BB9F5DD32B9F50F5F1F4FD501119675
:1053C000DC91C1E05801F1E0AF1AB10843E050E0D0
:1053D0006AEC72E0C5010F94F3AB892B69F56801A3
:1053E00082E0C80ED11C45E050E065EC72E0C601D9
:1053F0000F94F3AB892B21F4680197E0C90ED11CFF
:10540000E114F10419F0D701CD92DC9260E070E074
:1054100080E89FEFC111FFC060E070E080E89FE787
:10542000FAC05801BBCFDB3229F485010E5F1F4F54
:10543000F501D181C0E0C6CF43E050E062EC72E0FC
:10544000C5010F94F3AB892BE9F0F80110E000E0FF
:1054500020E030E0A9015F01B0ED8B2E8D0E89E0D8
:105460008815C8F19C2E689491F88C2F8870C2FF23
:1054700016C0811102C00F5F1F4F3196D501DC911C
:10548000C92DE9CFE114F10429F00E5F1F4FF70198
:105490001183008360E070E080EC9FE7BCC088234C
:1054A00011F001501109A5E0B0E00F9487AD9B0108
:1054B000AC01220F331F441F551F280D311D411D04
:1054C000511D283999E93907490799E15907A8F287
:1054D000C6609C2ED2CFAEEF8A1206C0C3FD3CC080
:1054E0009C2E689493F8C9CFDF7DD534A9F58081CF
:1054F0008D3239F4C061DF011296818162E070E083
:1055000006C0DF018B32C1F3119661E070E0805379
:105510005D01A61AB70A8A30F8F4E0E8CE16ECE08E
:10552000DE065CF4B601660F771F660F771FC60EA6
:10553000D71ECC0CDD1CC80ED11C5D01FFEFAF1ACD
:10554000BF0A8C9180538A30A8F1C4FF03C0D19464
:10555000C194D1080C0D1D1DC1FF09C0E114F10457
:1055600031F081E0A81AB108D701AD92BC92CA010E
:10557000B9010F9420ACC370C33009F490584B01AB
:105580005C0120E030E0A9010F941BAC882309F4F2
:1055900040C0C9EFD2E017FF05C011950195110970
:1055A000C1EED2E06E01B8E1CB1AD10880E2E82E5C
:1055B000F12C0FC0D501B1CFFE0125913591459158
:1055C00054910E191F09C501B4010F9481AC4B0110
:1055D0005C01D501C4010E151F0574F72497F594DD
:1055E000E794CC16DD06A9F78A2F880F8B2F881F2A
:1055F0008F3F49F020E030E0A901C501B4010F94CC
:105600001BAC811106C082E290E09093541180930C
:105610005311C501B401DF91CF911F910F91FF90FC
:10562000EF90DF90CF90BF90AF909F908F900895B4
:10563000283008F027E03327DA01990F311D87FD64
:10564000916000966105710539F432602E5F3D93DB
:1056500030E32A95E1F708959F3F30F080387105D7
:10566000610509F03C5F3C5F3D93913008F0806834
:10567000911DDF93CF931F930F93FF92EF92192FFA
:10568000987F9695E92F96959695E90FFF27E95A09
:10569000FC4F99273327EE24FF24A701E70105904B
:1056A0000894079428F4360FE71EF81E491F511D71
:1056B000660F771F881F991F0694A1F7059007941E
:1056C00028F4E70EF81E491F561FC11D770F881FCB
:1056D000991F661F0694A1F70590079428F4F80E09
:1056E000491F561FC71FD11D880F991F661F771F9F
:1056F0000694A1F70590079420F4490F561FC71F81
:10570000D81F990F661F771F881F0694A9F78491E9
:105710001095177041F0D695C79557954795F79412
:10572000E7941A95C1F7EDEFF2E0689415901591A2
:1057300035916591959105907FE27395E118F10A95
:10574000430B560BC90BD009C0F7E10CF11E431FE8
:10575000561FC91FD01D7EF4703311F48A95E6CF11
:10576000E894015030F0080F0AF40027021708F4FB
:10577000202F2395022F7A3328F079E37D932A9501
:10578000E9F710C07D932A9589F606949795679559
:10579000379517951794E118F10A430B560BC90B6F
:1057A000D00998F023957E9173957A3308F070E3D1
:1057B0007C932013B8F77E9170617D9330F08395D0
:1057C00071E37D9370E32A95E1F71124EF90FF9048
:1057D0000F911F91CF91DF91992787FD90950895A3
:1057E000992788270895FB01DC014150504088F03B
:1057F0008D9181341CF08B350CF4805E65916134A1
:105800001CF06B350CF4605E861B611171F3990B13
:105810000895881BFCCFDC01FC01672F7191772371
:10582000E1F7329704C07C916D9370836291AE175B
:10583000BF07C8F308950F945DAC08F481E00895A4
:10584000E89409C097FB3EF490958095709561951A
:105850007F4F8F4F9F4F9923A9F0F92F96E9BB27D0
:105860009395F695879577956795B795F111F8CF4C
:10587000FAF4BB0F11F460FF1BC06F5F7F4F8F4FB7
:105880009F4F16C0882311F096E911C0772321F0AD
:105890009EE8872F762F05C0662371F096E8862F45
:1058A00070E060E02AF09A95660F771F881FDAF79C
:1058B000880F9695879597F90895990F0008550FC9
:1058C000AA0BE0E8FEEF16161706E807F907C0F086
:1058D00012161306E407F50798F0621B730B840B8E
:1058E000950B39F40A2661F0232B242B252B21F468
:1058F00008950A2609F4A140A6958FEF811D811D08
:1059000008950F9494AC0D9405AD0F94F7AC38F056
:105910000F94FEAC20F0952311F00D94EEAC0D9495
:10592000F4AC11240D9439AD0F9416AD70F3959F1E
:10593000C1F3950F50E0551F629FF001729FBB2786
:10594000F00DB11D639FAA27F00DB11DAA1F649F22
:105950006627B00DA11D661F829F2227B00DA11DD5
:10596000621F739FB00DA11D621F839FA00D611D5B
:10597000221F749F3327A00D611D231F849F600D7C
:10598000211D822F762F6A2F11249F5750409AF0A5
:10599000F1F088234AF0EE0FFF1FBB1F661F771F31
:1059A000881F91505040A9F79E3F510580F00D94FB
:1059B000EEAC0D9439AD5F3FE4F3983ED4F3869599
:1059C00077956795B795F795E7959F5FC1F7FE2B9C
:1059D000880F911D9695879597F9089597F99F6778
:1059E00080E870E060E008959FEF80EC0895002467
:1059F0000A941616170618060906089500240A9434
:105A000012161306140605060895092E0394000CB9
:105A100011F4882352F0BB0F40F4BF2B11F460FF48
:105A200004C06F5F7F4F8F4F9F4F089557FD905871
:105A3000440F551F59F05F3F71F04795880F97FB52
:105A4000991F61F09F3F79F087950895121613060C
:105A50001406551FF2CF4695F1DF08C0161617063B
:105A60001806991FF1CF8695710561050894089570
:105A7000E894BB2766277727CB0197F90895F99912
:105A8000FECF92BD81BDF89A992780B50895262F43
:105A9000F999FECF1FBA92BD81BD20BD0FB6F89413
:105AA000FA9AF99A0FBE01960895DB018F939F939E
:105AB0000F9487ADBF91AF91A29F800D911DA39FC1
:105AC000900DB29F900D11240895A1E21A2EAA1BE9
:105AD000BB1BFD010DC0AA1FBB1FEE1FFF1FA2179E
:105AE000B307E407F50720F0A21BB30BE40BF50B9B
:105AF000661F771F881F991F1A9469F76095709524
:105B0000809590959B01AC01BD01CF0108950F9444
:105B100092ADA59F900DB49F900DA49F800D911DF7
:105B200011240895A29FB001B39FC001A39F700DDF
:105B3000811D1124911DB29F700D811D1124911D95
:105B400008955058BB27AA270F94B9AD0D9405AD01
:105B50000F94F7AC38F00F94FEAC20F039F49F3F6F
:105B600019F426F40D94F4AC0EF4E095E7FB0D94D3
:105B7000EEACE92F0F9416AD58F3BA17620773070E
:105B80008407950720F079F4A6F50D9438AD0EF44E
:105B9000E0950B2EBA2FA02D0B01B90190010C013D
:105BA000CA01A0011124FF27591B99F0593F50F455
:105BB000503E68F11A16F040A22F232F342F4427AD
:105BC000585FF3CF469537952795A795F0405395A5
:105BD000C9F77EF41F16BA0B620B730B840BBAF075
:105BE0009150A1F0FF0FBB1F661F771F881FC2F7E0
:105BF0000EC0BA0F621F731F841F48F487957795F4
:105C00006795B795F7959E3F08F0B0CF9395880FAD
:105C100008F09927EE0F9795879508950F9422AE77
:105C20000D9405AD0F94FEAC58F00F94F7AC40F016
:105C300029F45F3F29F00D94EEAC51110D9439AD6C
:105C40000D94F4AC0F9416AD68F39923B1F355237A
:105C500091F3951B550BBB27AA276217730784077F
:105C600038F09F5F5F4F220F331F441FAA1FA9F315
:105C700035D00E2E3AF0E0E832D091505040E69503
:105C8000001CCAF72BD0FE2F29D0660F771F881F64
:105C9000BB1F261737074807AB07B0E809F0BB0B57
:105CA000802DBF01FF2793585F4F3AF09E3F51056B
:105CB00078F00D94EEAC0D9439AD5F3FE4F3983E6F
:105CC000D4F3869577956795B795F7959F5FC9F754
:105CD000880F911D9695879597F90895E1E0660FD5
:105CE000771F881FBB1F621773078407BA0720F04E
:105CF000621B730B840BBA0BEE1F88F7E0950895B7
:105D00000F9487AE6894B1110D9439AD08950F9436
:105D10001EAD88F09F5798F0B92F9927B751B0F072
:105D2000E1F0660F771F881F991F1AF0BA95C9F71F
:105D300014C0B13091F00F9438ADB1E008950D94D6
:105D400038AD672F782F8827B85F39F0B93FCCF38B
:105D5000869577956795B395D9F73EF4909580959C
:105D6000709561957F4F8F4F9F4F08950F945DAC55
:105D700008F48FEF089516F00D9495AF0D94F4ACE0
:105D800068940D94EEAC0F941EADA8F39923C1F363
:105D9000AEF3DF93CF931F930F93FF92C92FDD27AD
:105DA00088232AF02197660F771F881FDAF720E0F3
:105DB00030E040E85FEB9FE3883920F0803E38F028
:105DC00021968F770F94A2ADE4EEF0E004C00F941B
:105DD000A2ADE1E1F1E00F94AAAF8B01BE01EC01AD
:105DE000FB2E6F5771097595771F880B990B0F94D0
:105DF00022AC28E132E741E35FE30F9494ACAF2D8E
:105E00009801AE01FF900F911F91CF91DF910F94F8
:105E1000B9AD0D9405AD0F941EADE8F09E37E8F0D6
:105E20009639B8F49E3848F4672F782F8827985F02
:105E3000F9CF86957795679593959539D0F3B62FD9
:105E4000B1706B0F711D811D20F487957795679553
:105E500093950D947AAF0D9495AF0D9439AD19F4D7
:105E600016F40D94F4AC0D9495AF0F941EADB8F3E9
:105E70009923C9F3B6F39F57550B87FF0F94A3AF30
:105E80000024A0E640EA900180585695979528F4A2
:105E9000805C660F771F881F20F02617370748079A
:105EA00030F4621B730B840B202931294A2BA695F1
:105EB00017940794202531254A2758F7660F771F36
:105EC000881F20F026173707480730F4620B730B42
:105ED000840B200D311D411DA09581F7B901842F40
:105EE0009158880F9695879508950F945DAC880B0F
:105EF000990B0895882371F4772321F09850872B0C
:105F0000762F07C0662311F499270DC09051862B78
:105F100070E060E02AF09A95660F771F881FDAF725
:105F2000880F9695879597F908959F3F31F0915086
:105F300020F4879577956795B795880F911D96956D
:105F4000879597F9089591505040660F771F881FE5
:105F5000D2F70895DF93CF931F930F93FF92EF92A1
:105F6000DF927B018C01689406C0DA2EEF010F945A
:105F700094ACFE01E894A5912591359145915591F8
:105F8000A6F3EF010F94B9ADFE019701A801DA94D1
:105F900069F7DF90EF90FF900F911F91CF91DF9104
:105FA0000895AA1BBB1B51E107C0AA1FBB1FA61760
:105FB000B70710F0A61BB70B881F991F5A95A9F7B2
:105FC00080959095BC01CD01089597FB072E16F49E
:105FD000009407D077FD09D00F94D1AF07FC05D00E
:105FE0003EF4909581959F4F0895709561957F4FF0
:105FF0000895052E97FB1EF400940F9410B057FDE2
:1060000007D00F9465AD07FC03D04EF40D9410B08B
:1060100050954095309521953F4F4F4F5F4F0895D4
:1060200090958095709561957F4F8F4F9F4F089504
:10603000EE0FFF1F881F8BBF0790F691E02D19947C
:106040000F9492ADB7FF0895821B930B08950F93A1
:106050001F93CF93DF938230910510F482E090E09C
:10606000E0915711F091581130E020E0B0E0A0E04D
:10607000309799F42115310509F44AC0281B390BD2
:1060800024303105D8F58A819B816115710589F12C
:10609000FB0193838283FE0111C040815181028103
:1060A000138148175907E0F04817590799F41097DA
:1060B00061F012960C93129713961C933296CF01AF
:1060C000DF91CF911F910F91089500935711109375
:1060D0005811F4CF2115310551F04217530738F00C
:1060E000A901DB019A01BD01DF01F801C1CFEF0178
:1060F000F9CF9093581180935711CDCFFE01E20F45
:10610000F31F819391932250310939832883D7CF8C
:106110002091551130915611232B41F420913404D4
:10612000309135043093561120935511209132044B
:10613000309133042115310541F42DB73EB740911C
:10614000360450913704241B350BE0915511F09122
:106150005611E217F307A0F42E1B3F0B281739073F
:1061600078F0AC014E5F5F4F2417350748F04E0FB3
:106170005F1F5093561140935511819391939FCF78
:10618000F0E0E0E09CCFCF93DF930097E9F0FC01D3
:10619000329713821282A0915711B0915811ED01DC
:1061A00030E020E01097A1F420813181820F931F0D
:1061B00020915511309156112817390709F061C007
:1061C000F0935611E0935511DF91CF910895EA01B4
:1061D000CE17DF07E8F54A815B819E014115510525
:1061E000B1F7E901FB83EA8349915991C40FD51FA7
:1061F000EC17FD0761F4808191810296840F951F51
:10620000E90199838883828193819B838A83F0E06B
:10621000E0E012968D919C9113970097B9F52D911E
:106220003C911197CD010296820F931F2091551139
:10623000309156112817390739F6309751F51092D9
:10624000581110925711B0935611A0935511BCCF0D
:10625000D383C28340815181840F951FC817D9070A
:1062600061F44E5F5F4F88819981480F591F5183B8
:1062700040838A819B81938382832115310509F0B4
:10628000B0CFF0935811E09357119ECFFD01DC0180
:10629000C0CF13821282D7CF4F925F926F927F92BC
:1062A0008F929F92AF92BF92CF92DF92EF92FF9226
:1062B0000F931F93CF93DF938C01009799F4CB0139
:1062C000DF91CF911F910F91FF90EF90DF90CF90D2
:1062D000BF90AF909F908F907F906F905F904F9006
:1062E0000D9427B0FC01E60FF71F9C0122503109E5
:1062F000E217F30708F4AEC0D901CD91DC911197F4
:10630000C617D70720F1C530D10578F0CE01049724
:106310008617970750F0C61BD70B2297C193D193CE
:106320006D937C93CF010F94C3B0C801DF91CF91DF
:106330001F910F91FF90EF90DF90CF90BF90AF90A3
:106340009F908F907F906F905F904F9008955B012A
:10635000AC1ABD0A4C018C0E9D1EA0915711B09134
:106360005811512C412CF12CE12C109731F58091D2
:106370005511909156118815990509F05CC0461683
:10638000570608F058C0809132049091330400976A
:1063900041F48DB79EB74091360450913704841B69
:1063A000950BE817F90708F055C0F0935611E093E4
:1063B0005511F90171836083B8CF8D919C9111972C
:1063C00012966C90129713967C901397A815B905A6
:1063D00059F56C0142E0C40ED11CCA14DB0420F153
:1063E000AC014A195B09DA011296159780F06282B6
:1063F000738251834083D9016D937C93E114F1043E
:1064000071F0D7011396FC93EE9312978ECF2296DC
:106410008C0F9D1FF90191838083F301EFCFF093DF
:106420005811E093571181CF4816590608F42C01F2
:106430007D01D3019ACFCB010F9427B07C01009747
:1064400049F0AE01B8010F9442B2C8010F94C3B035
:1064500087016BCF10E000E068CF9111089581565D
:106460008A5108F4805285580895FB01DC0104C06C
:106470008D910190801921F441505040C8F7881B3C
:10648000990B0895FB01DC0102C001900D9241506F
:106490005040D8F708956817790768F4FB01DC01CC
:1064A000E40FF51FA40FB51F02C002900E924150D9
:1064B0005040D8F708950D9442B2FC01819186179F
:1064C00021F08823D9F7992708953197CF010895AE
:1064D000FB01DC018D91019080190110D9F3990B1A
:1064E0000895FB01DC0101900D920020E1F7089571
:1064F000FB0151915523A9F0BF01DC014D914517D6
:106500004111E1F759F4CD010190002049F04D917E
:1065100040154111C9F3FB014111EFCF81E090E03B
:106520000197089512E6C3E1D2E600E006C0802F8D
:10653000FE010F9418B02196011DC431D10780E0EF
:086540000807A9F7F894FFCF4A
:10654800BE04C804D6040100D904E404D604020039
:10655800D904F304D604010001050A051405000056
:1065680017051E052A0502002D053505140500002E
:106578004005480514050000500501000000020010
:106588000300000048430101190100010032000224
:1065980000010000461345734C07005E7D0E0000A5
:1065A8000048430000000000000000000000000058
:1065B80000000000000000000000000000000000D3
:1065C80000000000000000000000000000000000C3
:1065D80000000000000000000000000000000000B3
:1065E80000000000000000000000000000000000A3
:1065F8000000000000000000000000000000000093
:106608000000000000000000000000000000000082
:106618000000000000000000000000000000000072
:106628000000000000000000000000000000000062
:106638000000000000000000000000000000000052
:106648000000000000000000000000000000000042
:106658000000000000000000000000000000000032
:106668000000000000000000000000000000000022
:106678000000000000000000000000000000000012
:106688000000000000000000000000000000000002
:1066980000000000000000000000000000000000F2
:1066A80000000000000000000000000000000000E2
:1066B80000000000000000000000000000000000D2
:1066C80000000000000000000000000000000000C2
:1066D80000000000000000000000000000000000B2
:1066E80000000000000000000000000000000000A2
:1066F8000000000000000000000000000000000092
:106708000000000000000000000000000000000081
:106718000000000000000000000000000000000071
:106728000000000000000000000000000000000061
:106738000000000000000000000000000000000051
:106748000000000000000000000000000000000041
:106758000000000000000000000000000000000031
:106768000000000000000000000000000000000021
:106778000000000059118000000000000EEFDAEE62
:106788002CEFE1EBCBEB99EB78EB44EB23EBCDEA89
:106798009AEA3200010000204100004842CDCCCCEA
:1067A8003D0000000008EA42E987E955EAB7E996A2
:1067B800E9A9E900000000FBEDCEEDD7EEA4EDC796
:1067C800EDB4EDA5ED0000000042EE42E9D7EEA4DD
:1067D800ED9EEEB6EE2AEE00000000BBF89BEF0936
:1067E800003F0026005E003B002C003A002F007C92
:1067F80000200074727565006F6E003A24004368CB
:1068080065636B4D6F646500427574746F6E486F95
:106818006C64696E6700303000436865636B4F7461
:106828006865720044697361626C654F6E5A65628F
:1068380072610044697361626C654F6E474D36370B
:1068480000436865636B31323800456E61626C6580
:1068580031323800303100436865636B4200627240
:10686800696768746E657373330030330043686515
:10687800636B4E52004E526D6573736167657300AA
:10688800436865636B4545005061636B65747300CD
:10689800526576006E616E00696E66006F766600FE
:0868A8000D0A0069646C650033
:00000001FF
